Sample_Index,Time_s,X_Voltage,Y_Voltage,Laser_Raw,Pixel_Clock,Line_Clock,Frame_Clock,Line_Number,Pixel_In_Line
0,0.000000000,0.84552,1.66584,0.0,0,0,0,-1,-1
1,0.000001000,0.842112,1.66656,0.0,0,0,0,-1,-1
2,0.000002000,0.838704,1.6674,0.0,0,0,0,-1,-1
3,0.000003000,0.835296,1.66812,0.0,0,0,0,-1,-1
4,0.000004000,0.831888,1.66896,0.0,0,0,0,-1,-1
5,0.000005000,0.828468,1.66968,0.0,0,0,0,-1,-1
6,0.000006000,0.825048,1.67052,0.0,0,0,0,-1,-1
7,0.000007000,0.821616,1.67124,0.0,0,0,0,-1,-1
8,0.000008000,0.818196,1.67208,0.0,0,0,0,-1,-1
9,0.000009000,0.814764,1.6728,0.0,0,0,0,-1,-1
10,0.000010000,0.811332,1.67364,0.0,0,0,0,-1,-1
11,0.000011000,0.807888,1.67436,0.0,0,0,0,-1,-1
12,0.000012000,0.804456,1.6752,0.0,0,0,0,-1,-1
13,0.000013000,0.801012,1.67592,0.0,0,0,0,-1,-1
14,0.000014000,0.797568,1.67676,0.0,0,0,0,-1,-1
15,0.000015000,0.794112,1.67748,0.0,0,0,0,-1,-1
16,0.000016000,0.790656,1.67832,0.0,0,0,0,-1,-1
17,0.000017000,0.7872,1.67904,0.0,0,0,0,-1,-1
18,0.000018000,0.783744,1.67988,0.0,0,0,0,-1,-1
19,0.000019000,0.780288,1.6806,0.0,0,0,0,-1,-1
20,0.000020000,0.77682,1.68144,0.0,0,0,0,-1,-1
21,0.000021000,0.773352,1.68228,0.0,0,0,0,-1,-1
22,0.000022000,0.769872,1.683,0.0,0,0,0,-1,-1
23,0.000023000,0.766404,1.68384,0.0,0,0,0,-1,-1
24,0.000024000,0.762924,1.68456,0.0,0,0,0,-1,-1
25,0.000025000,0.759444,1.6854,0.0,0,0,0,-1,-1
26,0.000026000,0.755952,1.68624,0.0,0,0,0,-1,-1
27,0.000027000,0.75246,1.68696,0.0,0,0,0,-1,-1
28,0.000028000,0.74898,1.6878,0.0,0,0,0,-1,-1
29,0.000029000,0.745476,1.68852,0.0,0,0,0,-1,-1
30,0.000030000,0.741984,1.68936,0.0,0,0,0,-1,-1
31,0.000031000,0.73848,1.6902,0.0,0,0,0,-1,-1
32,0.000032000,0.734976,1.69092,0.0,0,0,0,-1,-1
33,0.000033000,0.73146,1.69176,0.0,0,0,0,-1,-1
34,0.000034000,0.727956,1.6926,0.0,0,0,0,-1,-1
35,0.000035000,0.72444,1.69332,0.0,0,0,0,-1,-1
36,0.000036000,0.720924,1.69416,0.0,0,0,0,-1,-1
37,0.000037000,0.717396,1.695,0.0,0,0,0,-1,-1
38,0.000038000,0.713868,1.69572,0.0,0,0,0,-1,-1
39,0.000039000,0.71034,1.69656,0.0,0,0,0,-1,-1
40,0.000040000,0.706812,1.6974,0.0,0,0,0,-1,-1
41,0.000041000,0.703284,1.69812,0.0,0,0,0,-1,-1
42,0.000042000,0.699744,1.69896,0.0,0,0,0,-1,-1
43,0.000043000,0.696192,1.6998,0.0,0,0,0,-1,-1
44,0.000044000,0.692652,1.70064,0.0,0,0,0,-1,-1
45,0.000045000,0.6891,1.70136,0.0,0,0,0,-1,-1
46,0.000046000,0.685548,1.7022,0.0,0,0,0,-1,-1
47,0.000047000,0.681996,1.70304,0.0,0,0,0,-1,-1
48,0.000048000,0.678444,1.70376,0.0,0,0,0,-1,-1
49,0.000049000,0.67488,1.7046,0.0,0,0,0,-1,-1
50,0.000050000,0.671316,1.70544,0.0,0,0,0,-1,-1
51,0.000051000,0.66774,1.70628,0.0,0,0,0,-1,-1
52,0.000052000,0.664176,1.707,0.0,0,0,0,-1,-1
53,0.000053000,0.6606,1.70784,0.0,0,0,0,-1,-1
54,0.000054000,0.657012,1.70868,0.0,0,0,0,-1,-1
55,0.000055000,0.653436,1.70952,0.0,0,0,0,-1,-1
56,0.000056000,0.649848,1.71036,0.0,0,0,0,-1,-1
57,0.000057000,0.64626,1.71108,0.0,0,0,0,-1,-1
58,0.000058000,0.64266,1.71192,0.0,0,0,0,-1,-1
59,0.000059000,0.639072,1.71276,0.0,0,0,0,-1,-1
60,0.000060000,0.635472,1.7136,0.0,0,0,0,-1,-1
61,0.000061000,0.631872,1.71444,0.0,0,0,0,-1,-1
62,0.000062000,0.62826,1.71528,0.0,0,0,0,-1,-1
63,0.000063000,0.624648,1.716,0.0,0,0,0,-1,-1
64,0.000064000,0.621036,1.71684,0.0,0,0,0,-1,-1
65,0.000065000,0.617424,1.71768,0.0,0,0,0,-1,-1
66,0.000066000,0.6138,1.71852,0.0,0,0,0,-1,-1
67,0.000067000,0.610176,1.71936,0.0,0,0,0,-1,-1
68,0.000068000,0.606552,1.7202,0.0,0,0,0,-1,-1
69,0.000069000,0.602916,1.72104,0.0,0,0,0,-1,-1
70,0.000070000,0.59928,1.72176,0.0,0,0,0,-1,-1
71,0.000071000,0.595644,1.7226,0.0,0,0,0,-1,-1
72,0.000072000,0.592008,1.72344,0.0,0,0,0,-1,-1
73,0.000073000,0.58836,1.72428,0.0,0,0,0,-1,-1
74,0.000074000,0.584712,1.72512,0.0,0,0,0,-1,-1
75,0.000075000,0.581064,1.72596,0.0,0,0,0,-1,-1
76,0.000076000,0.577404,1.7268,0.0,0,0,0,-1,-1
77,0.000077000,0.573744,1.72764,0.0,0,0,0,-1,-1
78,0.000078000,0.570084,1.72848,0.0,0,0,0,-1,-1
79,0.000079000,0.566424,1.72932,0.0,0,0,0,-1,-1
80,0.000080000,0.562752,1.73016,0.0,0,0,0,-1,-1
81,0.000081000,0.55908,1.731,0.0,0,0,0,-1,-1
82,0.000082000,0.555396,1.73184,0.0,0,0,0,-1,-1
83,0.000083000,0.551724,1.73268,0.0,0,0,0,-1,-1
84,0.000084000,0.54804,1.73352,0.0,0,0,0,-1,-1
85,0.000085000,0.544356,1.73436,0.0,0,0,0,-1,-1
86,0.000086000,0.54066,1.7352,0.0,0,0,0,-1,-1
87,0.000087000,0.536964,1.73604,0.0,0,0,0,-1,-1
88,0.000088000,0.533268,1.73688,0.0,0,0,0,-1,-1
89,0.000089000,0.529572,1.73772,0.0,0,0,0,-1,-1
90,0.000090000,0.525864,1.73856,0.0,0,0,0,-1,-1
91,0.000091000,0.522156,1.7394,0.0,0,0,0,-1,-1
92,0.000092000,0.518436,1.74024,0.0,0,0,0,-1,-1
93,0.000093000,0.514728,1.74108,0.0,0,0,0,-1,-1
94,0.000094000,0.511008,1.74192,0.0,0,0,0,-1,-1
95,0.000095000,0.507288,1.74276,0.0,0,0,0,-1,-1
96,0.000096000,0.503556,1.7436,0.0,0,0,0,-1,-1
97,0.000097000,0.499824,1.74444,0.0,0,0,0,-1,-1
98,0.000098000,0.496092,1.74528,0.0,0,0,0,-1,-1
99,0.000099000,0.49236,1.74612,0.0,0,0,0,-1,-1
100,0.000100000,0.488616,1.74696,0.0,0,0,0,-1,-1
101,0.000101000,0.484872,1.7478,0.0,0,0,0,-1,-1
102,0.000102000,0.481116,1.74864,0.0,0,0,0,-1,-1
103,0.000103000,0.477372,1.74948,0.0,0,0,0,-1,-1
104,0.000104000,0.473616,1.75044,0.0,0,0,0,-1,-1
105,0.000105000,0.469848,1.75128,0.0,0,0,0,-1,-1
106,0.000106000,0.466092,1.75212,0.0,0,0,0,-1,-1
107,0.000107000,0.462324,1.75296,0.0,0,0,0,-1,-1
108,0.000108000,0.458556,1.7538,0.0,0,0,0,-1,-1
109,0.000109000,0.454776,1.75464,0.0,0,0,0,-1,-1
110,0.000110000,0.450996,1.75548,0.0,0,0,0,-1,-1
111,0.000111000,0.447216,1.75644,0.0,0,0,0,-1,-1
112,0.000112000,0.443436,1.75728,0.0,0,0,0,-1,-1
113,0.000113000,0.439644,1.75812,0.0,0,0,0,-1,-1
114,0.000114000,0.435852,1.75896,0.0,0,0,0,-1,-1
115,0.000115000,0.43206,1.7598,0.0,0,0,0,-1,-1
116,0.000116000,0.428256,1.76076,0.0,0,0,0,-1,-1
117,0.000117000,0.424452,1.7616,0.0,0,0,0,-1,-1
118,0.000118000,0.420648,1.76244,0.0,0,0,0,-1,-1
119,0.000119000,0.416832,1.76328,0.0,0,0,0,-1,-1
120,0.000120000,0.413016,1.76412,0.0,0,0,0,-1,-1
121,0.000121000,0.4092,1.76508,0.0,0,0,0,-1,-1
122,0.000122000,0.405372,1.76592,0.0,0,0,0,-1,-1
123,0.000123000,0.401556,1.76676,0.0,0,0,0,-1,-1
124,0.000124000,0.397716,1.7676,0.0,0,0,0,-1,-1
125,0.000125000,0.393888,1.76856,0.0,0,0,0,-1,-1
126,0.000126000,0.390048,1.7694,0.0,0,0,0,-1,-1
127,0.000127000,0.386208,1.77024,0.0,0,0,0,-1,-1
128,0.000128000,0.382368,1.77108,0.0,0,0,0,-1,-1
129,0.000129000,0.378516,1.77204,0.0,0,0,0,-1,-1
130,0.000130000,0.374664,1.77288,0.0,0,0,0,-1,-1
131,0.000131000,0.3708,1.77372,0.0,0,0,0,-1,-1
132,0.000132000,0.366948,1.77468,0.0,0,0,0,-1,-1
133,0.000133000,0.363084,1.77552,0.0,0,0,0,-1,-1
134,0.000134000,0.359208,1.77636,0.0,0,0,0,-1,-1
135,0.000135000,0.355344,1.77732,0.0,0,0,0,-1,-1
136,0.000136000,0.351468,1.77816,0.0,0,0,0,-1,-1
137,0.000137000,0.34758,1.779,0.0,0,0,0,-1,-1
138,0.000138000,0.343704,1.77996,0.0,0,0,0,-1,-1
139,0.000139000,0.339816,1.7808,0.0,0,0,0,-1,-1
140,0.000140000,0.335916,1.78164,0.0,0,0,0,-1,-1
141,0.000141000,0.332028,1.7826,0.0,0,0,0,-1,-1
142,0.000142000,0.328128,1.78344,0.0,0,0,0,-1,-1
143,0.000143000,0.324228,1.7844,0.0,0,0,0,-1,-1
144,0.000144000,0.320316,1.78524,0.0,0,0,0,-1,-1
145,0.000145000,0.316404,1.78608,0.0,0,0,0,-1,-1
146,0.000146000,0.312492,1.78704,0.0,0,0,0,-1,-1
147,0.000147000,0.308568,1.78788,0.0,0,0,0,-1,-1
148,0.000148000,0.304656,1.78884,0.0,0,0,0,-1,-1
149,0.000149000,0.30072,1.78968,0.0,0,0,0,-1,-1
150,0.000150000,0.296796,1.79064,0.0,0,0,0,-1,-1
151,0.000151000,0.29286,1.79148,0.0,0,0,0,-1,-1
152,0.000152000,0.288924,1.79244,0.0,0,0,0,-1,-1
153,0.000153000,0.284976,1.79328,0.0,0,0,0,-1,-1
154,0.000154000,0.281028,1.79412,0.0,0,0,0,-1,-1
155,0.000155000,0.27708,1.79508,0.0,0,0,0,-1,-1
156,0.000156000,0.273132,1.79592,0.0,0,0,0,-1,-1
157,0.000157000,0.269172,1.79688,0.0,0,0,0,-1,-1
158,0.000158000,0.265212,1.79772,0.0,0,0,0,-1,-1
159,0.000159000,0.26124,1.79868,0.0,0,0,0,-1,-1
160,0.000160000,0.25728,1.79952,0.0,0,0,0,-1,-1
161,0.000161000,0.253296,1.80048,0.0,0,0,0,-1,-1
162,0.000162000,0.249324,1.80144,0.0,0,0,0,-1,-1
163,0.000163000,0.24534,1.80228,0.0,0,0,0,-1,-1
164,0.000164000,0.241356,1.80324,0.0,0,0,0,-1,-1
165,0.000165000,0.237372,1.80408,0.0,0,0,0,-1,-1
166,0.000166000,0.233376,1.80504,0.0,0,0,0,-1,-1
167,0.000167000,0.22938,1.80588,0.0,0,0,0,-1,-1
168,0.000168000,0.225372,1.80684,0.0,0,0,0,-1,-1
169,0.000169000,0.221364,1.8078,0.0,0,0,0,-1,-1
170,0.000170000,0.217356,1.80864,0.0,0,0,0,-1,-1
171,0.000171000,0.213348,1.8096,0.0,0,0,0,-1,-1
172,0.000172000,0.209328,1.81044,0.0,0,0,0,-1,-1
173,0.000173000,0.205308,1.8114,0.0,0,0,0,-1,-1
174,0.000174000,0.201276,1.81236,0.0,0,0,0,-1,-1
175,0.000175000,0.197244,1.8132,0.0,0,0,0,-1,-1
176,0.000176000,0.193212,1.81416,0.0,0,0,0,-1,-1
177,0.000177000,0.18918,1.81512,0.0,0,0,0,-1,-1
178,0.000178000,0.185136,1.81596,0.0,0,0,0,-1,-1
179,0.000179000,0.18108,1.81692,0.0,0,0,0,-1,-1
180,0.000180000,0.177036,1.81788,0.0,0,0,0,-1,-1
181,0.000181000,0.17298,1.81872,0.0,0,0,0,-1,-1
182,0.000182000,0.168924,1.81968,0.0,0,0,0,-1,-1
183,0.000183000,0.164856,1.82064,0.0,0,0,0,-1,-1
184,0.000184000,0.160788,1.82148,0.0,0,0,0,-1,-1
185,0.000185000,0.15672,1.82244,0.0,0,0,0,-1,-1
186,0.000186000,0.15264,1.8234,0.0,0,0,0,-1,-1
187,0.000187000,0.14856,1.82424,0.0,0,0,0,-1,-1
188,0.000188000,0.14448,1.8252,0.0,0,0,0,-1,-1
189,0.000189000,0.140388,1.82616,0.0,0,0,0,-1,-1
190,0.000190000,0.136296,1.82712,0.0,0,0,0,-1,-1
191,0.000191000,0.132204,1.82796,0.0,0,0,0,-1,-1
192,0.000192000,0.1281,1.82892,0.0,0,0,0,-1,-1
193,0.000193000,0.123996,1.82988,0.0,0,0,0,-1,-1
194,0.000194000,0.1198908,1.83084,0.0,0,0,0,-1,-1
195,0.000195000,0.1157784,1.8318,0.0,0,0,0,-1,-1
196,0.000196000,0.1116612,1.83264,0.0,0,0,0,-1,-1
197,0.000197000,0.1075404,1.8336,0.0,0,0,0,-1,-1
198,0.000198000,0.1034148,1.83456,0.0,0,0,0,-1,-1
199,0.000199000,0.0992844,1.83552,0.0,0,0,0,-1,-1
200,0.000200000,0.0951504,1.83648,0.0,0,0,0,-1,-1
201,0.000201000,0.0910116,1.83744,0.0,0,0,0,-1,-1
202,0.000202000,0.0868692,1.83828,0.0,0,0,0,-1,-1
203,0.000203000,0.0827232,1.83924,0.0,0,0,0,-1,-1
204,0.000204000,0.0785724,1.8402,0.0,0,0,0,-1,-1
205,0.000205000,0.0744168,1.84116,0.0,0,0,0,-1,-1
206,0.000206000,0.0702576,1.84212,0.0,0,0,0,-1,-1
207,0.000207000,0.0660936,1.84308,0.0,0,0,0,-1,-1
208,0.000208000,0.0619248,1.84404,0.0,0,0,0,-1,-1
209,0.000209000,0.0577524,1.845,0.0,0,0,0,-1,-1
210,0.000210000,0.0535764,1.84584,0.0,0,0,0,-1,-1
211,0.000211000,0.0493956,1.8468,0.0,0,0,0,-1,-1
212,0.000212000,0.04521,1.84776,0.0,0,0,0,-1,-1
213,0.000213000,0.0410208,1.84872,0.0,0,0,0,-1,-1
214,0.000214000,0.0368268,1.84968,0.0,0,0,0,-1,-1
215,0.000215000,0.032628,1.85064,0.0,0,0,0,-1,-1
216,0.000216000,0.0284256,1.8516,0.0,0,0,0,-1,-1
217,0.000217000,0.0242184,1.85256,0.0,0,0,0,-1,-1
218,0.000218000,0.0200076,1.85352,0.0,0,0,0,-1,-1
219,0.000219000,0.015792,1.85448,0.0,0,0,0,-1,-1
220,0.000220000,0.0115716,1.85544,0.0,0,0,0,-1,-1
221,0.000221000,0.00734724,1.8564,0.0,0,0,0,-1,-1
222,0.000222000,0.00311856,1.85736,0.0,0,0,0,-1,-1
223,0.000223000,-0.001114608,1.85832,0.0,0,0,0,-1,-1
224,0.000224000,-0.00535212,1.85928,0.0,0,0,0,-1,-1
225,0.000225000,-0.009594,1.86024,0.0,0,0,0,-1,-1
226,0.000226000,-0.0138408,1.8612,0.0,0,0,0,-1,-1
227,0.000227000,-0.0180912,1.86216,0.0,0,0,0,-1,-1
228,0.000228000,-0.0223464,1.86312,0.0,0,0,0,-1,-1
229,0.000229000,-0.0266064,1.86408,0.0,0,0,0,-1,-1
230,0.000230000,-0.03087,1.86504,0.0,0,0,0,-1,-1
231,0.000231000,-0.0351384,1.86612,0.0,0,0,0,-1,-1
232,0.000232000,-0.0394116,1.86708,0.0,0,0,0,-1,-1
233,0.000233000,-0.0436884,1.86804,0.0,0,0,0,-1,-1
234,0.000234000,-0.04797,1.869,0.0,0,0,0,-1,-1
235,0.000235000,-0.0522564,1.86996,0.0,0,0,0,-1,-1
236,0.000236000,-0.0565476,1.87092,0.0,0,0,0,-1,-1
237,0.000237000,-0.0608424,1.87188,0.0,0,0,0,-1,-1
238,0.000238000,-0.065142,1.87284,0.0,0,0,0,-1,-1
239,0.000239000,-0.0694464,1.87392,0.0,0,0,0,-1,-1
240,0.000240000,-0.0737556,1.87488,0.0,0,0,0,-1,-1
241,0.000241000,-0.0780684,1.87584,0.0,0,0,0,-1,-1
242,0.000242000,-0.082386,1.8768,0.0,0,0,0,-1,-1
243,0.000243000,-0.0867084,1.87776,0.0,0,0,0,-1,-1
244,0.000244000,-0.0910344,1.87872,0.0,0,0,0,-1,-1
245,0.000245000,-0.0953664,1.8798,0.0,0,0,0,-1,-1
246,0.000246000,-0.099702,1.88076,0.0,0,0,0,-1,-1
247,0.000247000,-0.1040424,1.88172,0.0,0,0,0,-1,-1
248,0.000248000,-0.1083876,1.88268,0.0,0,0,0,-1,-1
249,0.000249000,-0.1127376,1.88376,0.0,0,0,0,-1,-1
250,0.000250000,-0.1170912,1.88472,0.0,0,0,0,-1,-1
251,0.000251000,-0.121452,1.88568,0.0,0,0,0,-1,-1
252,0.000252000,-0.125808,1.88664,0.0,0,0,0,-1,-1
253,0.000253000,-0.130176,1.88772,0.0,0,0,0,-1,-1
254,0.000254000,-0.134556,1.88868,0.0,0,0,0,-1,-1
255,0.000255000,-0.138936,1.88964,0.0,0,0,0,-1,-1
256,0.000256000,-0.143316,1.89072,0.0,0,0,0,-1,-1
257,0.000257000,-0.147696,1.89168,0.0,0,0,0,-1,-1
258,0.000258000,-0.152088,1.89264,0.0,0,0,0,-1,-1
259,0.000259000,-0.15648,1.8936,0.0,0,0,0,-1,-1
260,0.000260000,-0.160884,1.89468,0.0,0,0,0,-1,-1
261,0.000261000,-0.165288,1.89564,0.0,0,0,0,-1,-1
262,0.000262000,-0.169704,1.89672,0.0,0,0,0,-1,-1
263,0.000263000,-0.174108,1.89768,0.0,0,0,0,-1,-1
264,0.000264000,-0.178536,1.89864,0.0,0,0,0,-1,-1
265,0.000265000,-0.182952,1.89972,0.0,0,0,0,-1,-1
266,0.000266000,-0.18738,1.90068,0.0,0,0,0,-1,-1
267,0.000267000,-0.19182,1.90164,0.0,0,0,0,-1,-1
268,0.000268000,-0.19626,1.90272,0.0,0,0,0,-1,-1
269,0.000269000,-0.2007,1.90368,0.0,0,0,0,-1,-1
270,0.000270000,-0.20514,1.90476,0.0,0,0,0,-1,-1
271,0.000271000,-0.209592,1.90572,0.0,0,0,0,-1,-1
272,0.000272000,-0.214056,1.9068,0.0,0,0,0,-1,-1
273,0.000273000,-0.218508,1.90776,0.0,0,0,0,-1,-1
274,0.000274000,-0.222984,1.90872,0.0,0,0,0,-1,-1
275,0.000275000,-0.227448,1.9098,0.0,0,0,0,-1,-1
276,0.000276000,-0.231924,1.91076,0.0,0,0,0,-1,-1
277,0.000277000,-0.236412,1.91184,0.0,0,0,0,-1,-1
278,0.000278000,-0.240888,1.9128,0.0,0,0,0,-1,-1
279,0.000279000,-0.245376,1.91388,0.0,0,0,0,-1,-1
280,0.000280000,-0.249876,1.91484,0.0,0,0,0,-1,-1
281,0.000281000,-0.254376,1.91592,0.0,0,0,0,-1,-1
282,0.000282000,-0.258876,1.917,0.0,0,0,0,-1,-1
283,0.000283000,-0.263388,1.91796,0.0,0,0,0,-1,-1
284,0.000284000,-0.2679,1.91904,0.0,0,0,0,-1,-1
285,0.000285000,-0.272424,1.92,0.0,0,0,0,-1,-1
286,0.000286000,-0.276948,1.92108,0.0,0,0,0,-1,-1
287,0.000287000,-0.281472,1.92204,0.0,0,0,0,-1,-1
288,0.000288000,-0.286008,1.92312,0.0,0,0,0,-1,-1
289,0.000289000,-0.290544,1.9242,0.0,0,0,0,-1,-1
290,0.000290000,-0.295092,1.92516,0.0,0,0,0,-1,-1
291,0.000291000,-0.29964,1.92624,0.0,0,0,0,-1,-1
292,0.000292000,-0.304188,1.9272,0.0,0,0,0,-1,-1
293,0.000293000,-0.308748,1.92828,0.0,0,0,0,-1,-1
294,0.000294000,-0.313308,1.92936,0.0,0,0,0,-1,-1
295,0.000295000,-0.31788,1.93032,0.0,0,0,0,-1,-1
296,0.000296000,-0.322452,1.9314,0.0,0,0,0,-1,-1
297,0.000297000,-0.327024,1.93248,0.0,0,0,0,-1,-1
298,0.000298000,-0.331608,1.93344,0.0,0,0,0,-1,-1
299,0.000299000,-0.336192,1.93452,0.0,0,0,0,-1,-1
300,0.000300000,-0.340788,1.9356,0.0,0,0,0,-1,-1
301,0.000301000,-0.345384,1.93656,0.0,0,0,0,-1,-1
302,0.000302000,-0.349992,1.93764,0.0,0,0,0,-1,-1
303,0.000303000,-0.3546,1.93872,0.0,0,0,0,-1,-1
304,0.000304000,-0.359208,1.9398,0.0,0,0,0,-1,-1
305,0.000305000,-0.363828,1.94076,0.0,0,0,0,-1,-1
306,0.000306000,-0.368448,1.94184,0.0,0,0,0,-1,-1
307,0.000307000,-0.373068,1.94292,0.0,0,0,0,-1,-1
308,0.000308000,-0.3777,1.944,0.0,0,0,0,-1,-1
309,0.000309000,-0.382344,1.94496,0.0,0,0,0,-1,-1
310,0.000310000,-0.386988,1.94604,0.0,0,0,0,-1,-1
311,0.000311000,-0.391632,1.94712,0.0,0,0,0,-1,-1
312,0.000312000,-0.396288,1.9482,0.0,0,0,0,-1,-1
313,0.000313000,-0.400944,1.94928,0.0,0,0,0,-1,-1
314,0.000314000,-0.4056,1.95036,0.0,0,0,0,-1,-1
315,0.000315000,-0.410268,1.95132,0.0,0,0,0,-1,-1
316,0.000316000,-0.414948,1.9524,0.0,0,0,0,-1,-1
317,0.000317000,-0.419616,1.95348,0.0,0,0,0,-1,-1
318,0.000318000,-0.424308,1.95456,0.0,0,0,0,-1,-1
319,0.000319000,-0.428988,1.95564,0.0,0,0,0,-1,-1
320,0.000320000,-0.43368,1.95672,0.0,0,0,0,-1,-1
321,0.000321000,-0.438384,1.9578,0.0,0,0,0,-1,-1
322,0.000322000,-0.443088,1.95888,0.0,0,0,0,-1,-1
323,0.000323000,-0.447792,1.95984,0.0,0,0,0,-1,-1
324,0.000324000,-0.452508,1.96092,0.0,0,0,0,-1,-1
325,0.000325000,-0.457224,1.962,0.0,0,0,0,-1,-1
326,0.000326000,-0.461952,1.96308,0.0,0,0,0,-1,-1
327,0.000327000,-0.46668,1.96416,0.0,0,0,0,-1,-1
328,0.000328000,-0.47142,1.96524,0.0,0,0,0,-1,-1
329,0.000329000,-0.476148,1.96632,0.0,0,0,0,-1,-1
330,0.000330000,-0.4809,1.9674,0.0,0,0,0,-1,-1
331,0.000331000,-0.485652,1.96848,0.0,0,0,0,-1,-1
332,0.000332000,-0.490404,1.96956,0.0,0,0,0,-1,-1
333,0.000333000,-0.495168,1.97064,0.0,0,0,0,-1,-1
334,0.000334000,-0.499932,1.97172,0.0,0,0,0,-1,-1
335,0.000335000,-0.504696,1.9728,0.0,0,0,0,-1,-1
336,0.000336000,-0.509472,1.97388,0.0,0,0,0,-1,-1
337,0.000337000,-0.51426,1.97496,0.0,0,0,0,-1,-1
338,0.000338000,-0.519048,1.97604,0.0,0,0,0,-1,-1
339,0.000339000,-0.523836,1.97724,0.0,0,0,0,-1,-1
340,0.000340000,-0.528636,1.97832,0.0,0,0,0,-1,-1
341,0.000341000,-0.533436,1.9794,0.0,0,0,0,-1,-1
342,0.000342000,-0.538248,1.98048,0.0,0,0,0,-1,-1
343,0.000343000,-0.54306,1.98156,0.0,0,0,0,-1,-1
344,0.000344000,-0.547872,1.98264,0.0,0,0,0,-1,-1
345,0.000345000,-0.552696,1.98372,0.0,0,0,0,-1,-1
346,0.000346000,-0.557532,1.9848,0.0,0,0,0,-1,-1
347,0.000347000,-0.562356,1.986,0.0,0,0,0,-1,-1
348,0.000348000,-0.567204,1.98708,0.0,0,0,0,-1,-1
349,0.000349000,-0.57204,1.98816,0.0,0,0,0,-1,-1
350,0.000350000,-0.5769,1.98924,0.0,0,0,0,-1,-1
351,0.000351000,-0.581748,1.99032,0.0,0,0,0,-1,-1
352,0.000352000,-0.586608,1.99152,0.0,0,0,0,-1,-1
353,0.000353000,-0.59148,1.9926,0.0,0,0,0,-1,-1
354,0.000354000,-0.596352,1.99368,0.0,0,0,0,-1,-1
355,0.000355000,-0.601224,1.99476,0.0,0,0,0,-1,-1
356,0.000356000,-0.606108,1.99584,0.0,0,0,0,-1,-1
357,0.000357000,-0.611004,1.99704,0.0,0,0,0,-1,-1
358,0.000358000,-0.615888,1.99812,0.0,0,0,0,-1,-1
359,0.000359000,-0.620796,1.9992,0.0,0,0,0,-1,-1
360,0.000360000,-0.625692,2.0004,0.0,0,0,0,-1,-1
361,0.000361000,-0.630612,2.00148,0.0,0,0,0,-1,-1
362,0.000362000,-0.63552,2.00256,0.0,0,0,0,-1,-1
363,0.000363000,-0.64044,2.00376,0.0,0,0,0,-1,-1
364,0.000364000,-0.645372,2.00484,0.0,0,0,0,-1,-1
365,0.000365000,-0.650304,2.00592,0.0,0,0,0,-1,-1
366,0.000366000,-0.655236,2.00712,0.0,0,0,0,-1,-1
367,0.000367000,-0.66018,2.0082,0.0,0,0,0,-1,-1
368,0.000368000,-0.665136,2.00928,0.0,0,0,0,-1,-1
369,0.000369000,-0.670092,2.01048,0.0,0,0,0,-1,-1
370,0.000370000,-0.675048,2.01156,0.0,0,0,0,-1,-1
371,0.000371000,-0.680016,2.01276,0.0,0,0,0,-1,-1
372,0.000372000,-0.684984,2.01384,0.0,0,0,0,-1,-1
373,0.000373000,-0.689964,2.01492,0.0,0,0,0,-1,-1
374,0.000374000,-0.694944,2.01612,0.0,0,0,0,-1,-1
375,0.000375000,-0.699924,2.0172,0.0,0,0,0,-1,-1
376,0.000376000,-0.704928,2.0184,0.0,0,0,0,-1,-1
377,0.000377000,-0.70992,2.01948,0.0,0,0,0,-1,-1
378,0.000378000,-0.714924,2.02068,0.0,0,0,0,-1,-1
379,0.000379000,-0.71994,2.02176,0.0,0,0,0,-1,-1
380,0.000380000,-0.724956,2.02296,0.0,0,0,0,-1,-1
381,0.000381000,-0.729972,2.02404,0.0,0,0,0,-1,-1
382,0.000382000,-0.735,2.02524,0.0,0,0,0,-1,-1
383,0.000383000,-0.74004,2.02632,0.0,0,0,0,-1,-1
384,0.000384000,-0.745068,2.02752,0.0,0,0,0,-1,-1
385,0.000385000,-0.75012,2.0286,0.0,0,0,0,-1,-1
386,0.000386000,-0.755172,2.0298,0.0,0,0,0,-1,-1
387,0.000387000,-0.760224,2.03088,0.0,0,0,0,-1,-1
388,0.000388000,-0.765288,2.03208,0.0,0,0,0,-1,-1
389,0.000389000,-0.770352,2.03328,0.0,0,0,0,-1,-1
390,0.000390000,-0.775428,2.03436,0.0,0,0,0,-1,-1
391,0.000391000,-0.780504,2.03556,0.0,0,0,0,-1,-1
392,0.000392000,-0.785592,2.03676,0.0,0,0,0,-1,-1
393,0.000393000,-0.79068,2.03784,0.0,0,0,0,-1,-1
394,0.000394000,-0.79578,2.03904,0.0,0,0,0,-1,-1
395,0.000395000,-0.80088,2.04024,0.0,0,0,0,-1,-1
396,0.000396000,-0.80598,2.04132,0.0,0,0,0,-1,-1
397,0.000397000,-0.811104,2.04252,0.0,0,0,0,-1,-1
398,0.000398000,-0.816216,2.04372,0.0,0,0,0,-1,-1
399,0.000399000,-0.82134,2.0448,0.0,0,0,0,-1,-1
400,0.000400000,-0.826476,2.046,0.0,0,0,0,-1,-1
401,0.000401000,-0.831612,2.0472,0.0,0,0,0,-1,-1
402,0.000402000,-0.836748,2.0484,0.0,0,0,0,-1,-1
403,0.000403000,-0.841896,2.04948,0.0,0,0,0,-1,-1
404,0.000404000,-0.847056,2.05068,0.0,0,0,0,-1,-1
405,0.000405000,-0.852216,2.05188,0.0,0,0,0,-1,-1
406,0.000406000,-0.857388,2.05308,0.0,0,0,0,-1,-1
407,0.000407000,-0.86256,2.05416,0.0,0,0,0,-1,-1
408,0.000408000,-0.867732,2.05536,0.0,0,0,0,-1,-1
409,0.000409000,-0.872916,2.05656,0.0,0,0,0,-1,-1
410,0.000410000,-0.878112,2.05776,0.0,0,0,0,-1,-1
411,0.000411000,-0.883308,2.05896,0.0,0,0,0,-1,-1
412,0.000412000,-0.888504,2.06016,0.0,0,0,0,-1,-1
413,0.000413000,-0.893712,2.06124,0.0,0,0,0,-1,-1
414,0.000414000,-0.898932,2.06244,0.0,0,0,0,-1,-1
415,0.000415000,-0.904152,2.06364,0.0,0,0,0,-1,-1
416,0.000416000,-0.909372,2.06484,0.0,0,0,0,-1,-1
417,0.000417000,-0.914604,2.06604,0.0,0,0,0,-1,-1
418,0.000418000,-0.919848,2.06724,0.0,0,0,0,-1,-1
419,0.000419000,-0.925092,2.06844,0.0,0,0,0,-1,-1
420,0.000420000,-0.930336,2.06964,0.0,0,0,0,-1,-1
421,0.000421000,-0.935592,2.07084,0.0,0,0,0,-1,-1
422,0.000422000,-0.94086,2.07204,0.0,0,0,0,-1,-1
423,0.000423000,-0.946128,2.07324,0.0,0,0,0,-1,-1
424,0.000424000,-0.951396,2.07444,0.0,0,0,0,-1,-1
425,0.000425000,-0.956676,2.07564,0.0,0,0,0,-1,-1
426,0.000426000,-0.961968,2.07684,0.0,0,0,0,-1,-1
427,0.000427000,-0.96726,2.07804,0.0,0,0,0,-1,-1
428,0.000428000,-0.972564,2.07924,0.0,0,0,0,-1,-1
429,0.000429000,-0.977868,2.08044,0.0,0,0,0,-1,-1
430,0.000430000,-0.983172,2.08164,0.0,0,0,0,-1,-1
431,0.000431000,-0.988488,2.08284,0.0,0,0,0,-1,-1
432,0.000432000,-0.993816,2.08404,0.0,0,0,0,-1,-1
433,0.000433000,-0.999144,2.08524,0.0,0,0,0,-1,-1
434,0.000434000,-1.004484,2.08644,0.0,0,0,0,-1,-1
435,0.000435000,-1.009824,2.08764,0.0,0,0,0,-1,-1
436,0.000436000,-1.015176,2.08896,0.0,0,0,0,-1,-1
437,0.000437000,-1.020528,2.09016,0.0,0,0,0,-1,-1
438,0.000438000,-1.025892,2.09136,0.0,0,0,0,-1,-1
439,0.000439000,-1.031256,2.09256,0.0,0,0,0,-1,-1
440,0.000440000,-1.036632,2.09376,0.0,0,0,0,-1,-1
441,0.000441000,-1.042008,2.09496,0.0,0,0,0,-1,-1
442,0.000442000,-1.047396,2.09628,0.0,0,0,0,-1,-1
443,0.000443000,-1.052784,2.09748,0.0,0,0,0,-1,-1
444,0.000444000,-1.058184,2.09868,0.0,0,0,0,-1,-1
445,0.000445000,-1.063572,2.09136,0.0,0,0,0,-1,-1
446,0.000446000,-1.06896,2.08416,0.0,0,0,0,-1,-1
447,0.000447000,-1.074372,2.08536,0.0,0,0,0,-1,-1
448,0.000448000,-1.079772,2.07804,0.0,0,0,0,-1,-1
449,0.000449000,-1.079748,2.06952,0.0,0,0,0,-1,-1
450,0.000450000,-1.08516,2.0622,0.0,0,0,0,-1,-1
451,0.000451000,-1.085136,2.05368,0.0,0,0,0,-1,-1
452,0.000452000,-1.090548,2.04636,0.0,0,0,0,-1,-1
453,0.000453000,-1.090524,2.03784,0.0,0,0,0,-1,-1
454,0.000454000,-1.0905,2.02932,0.0,0,0,0,-1,-1
455,0.000455000,-1.090476,2.0208,0.0,0,0,0,-1,-1
456,0.000456000,-1.090452,2.01228,0.0,0,0,0,-1,-1
457,0.000457000,-1.090428,2.00376,0.0,0,0,0,-1,-1
458,0.000458000,-1.090416,1.99524,0.0,0,0,0,-1,-1
459,0.000459000,-1.090392,1.98672,0.0,0,0,0,-1,-1
460,0.000460000,-1.090368,1.9782,0.0,0,0,0,-1,-1
461,0.000461000,-1.090344,1.96968,0.0,0,0,0,-1,-1
462,0.000462000,-1.09032,1.96116,0.0,0,0,0,-1,-1
463,0.000463000,-1.090296,1.95264,0.0,0,0,0,-1,-1
464,0.000464000,-1.090272,1.94412,0.0,0,0,0,-1,-1
465,0.000465000,-1.090248,1.9356,0.0,0,0,0,-1,-1
466,0.000466000,-1.090224,1.92708,0.0,0,0,0,-1,-1
467,0.000467000,-1.0902,1.91856,0.0,0,0,0,-1,-1
468,0.000468000,-1.090176,1.91004,5.0,1,0,1,0,0
469,0.000469000,-1.090152,1.90152,0.0,0,0,0,0,-1
470,0.000470000,-1.09014,1.893,0.0,0,0,0,0,-1
471,0.000471000,-1.090116,1.88448,0.0,0,0,0,0,-1
472,0.000472000,-1.090092,1.87596,0.0,0,0,0,0,-1
473,0.000473000,-1.090068,1.86744,0.0,0,0,0,0,-1
474,0.000474000,-1.090044,1.85892,0.0,0,0,0,0,-1
475,0.000475000,-1.09002,1.8504,0.0,0,0,0,0,-1
476,0.000476000,-1.089996,1.84188,0.0,0,0,0,0,-1
477,0.000477000,-1.089972,1.83336,0.0,0,0,0,0,-1
478,0.000478000,-1.089948,1.82484,0.0,0,0,0,0,-1
479,0.000479000,-1.089924,1.81632,0.0,0,0,0,0,-1
480,0.000480000,-1.0899,1.8078,0.0,0,0,0,0,-1
481,0.000481000,-1.089876,1.79916,0.0,0,0,0,0,-1
482,0.000482000,-1.089852,1.79064,0.0,0,0,0,0,-1
483,0.000483000,-1.08984,1.78212,0.0,0,0,0,0,-1
484,0.000484000,-1.089816,1.7736,0.0,0,0,0,0,-1
485,0.000485000,-1.089792,1.76508,0.0,0,0,0,0,-1
486,0.000486000,-1.089768,1.75656,0.0,0,0,0,0,-1
487,0.000487000,-1.089744,1.74804,0.0,0,0,0,0,-1
488,0.000488000,-1.08972,1.73952,0.0,0,0,0,0,-1
489,0.000489000,-1.089696,1.731,0.0,0,0,0,0,-1
490,0.000490000,-1.089672,1.72248,0.0,0,0,0,0,-1
491,0.000491000,-1.089648,1.71396,0.0,0,0,0,0,-1
492,0.000492000,-1.089624,1.70544,0.0,0,0,0,0,-1
493,0.000493000,-1.0896,1.69692,0.0,0,0,0,0,-1
494,0.000494000,-1.089576,1.6884,0.0,0,0,0,0,-1
495,0.000495000,-1.089564,1.67988,0.0,0,0,0,0,-1
496,0.000496000,-1.08954,1.67136,0.0,0,0,0,0,-1
497,0.000497000,-1.089516,1.66284,0.0,0,0,0,0,-1
498,0.000498000,-1.089492,1.65432,5.0,1,0,0,0,1
499,0.000499000,-1.089468,1.6458,0.0,0,0,0,0,-1
500,0.000500000,-1.089444,1.63728,0.0,0,0,0,0,-1
501,0.000501000,-1.08942,1.62876,0.0,0,0,0,0,-1
502,0.000502000,-1.089396,1.62024,0.0,0,0,0,0,-1
503,0.000503000,-1.089372,1.61172,0.0,0,0,0,0,-1
504,0.000504000,-1.089348,1.6032,0.0,0,0,0,0,-1
505,0.000505000,-1.089324,1.59456,0.0,0,0,0,0,-1
506,0.000506000,-1.0893,1.58604,0.0,0,0,0,0,-1
507,0.000507000,-1.089288,1.57752,0.0,0,0,0,0,-1
508,0.000508000,-1.089264,1.569,0.0,0,0,0,0,-1
509,0.000509000,-1.08924,1.56048,0.0,0,0,0,0,-1
510,0.000510000,-1.089216,1.55196,0.0,0,0,0,0,-1
511,0.000511000,-1.089192,1.54344,0.0,0,0,0,0,-1
512,0.000512000,-1.089168,1.53492,0.0,0,0,0,0,-1
513,0.000513000,-1.089144,1.5264,0.0,0,0,0,0,-1
514,0.000514000,-1.08912,1.51788,0.0,0,0,0,0,-1
515,0.000515000,-1.089096,1.50936,0.0,0,0,0,0,-1
516,0.000516000,-1.089072,1.50084,0.0,0,0,0,0,-1
517,0.000517000,-1.089048,1.49232,0.0,0,0,0,0,-1
518,0.000518000,-1.089024,1.4838,0.0,0,0,0,0,-1
519,0.000519000,-1.089,1.47528,0.0,0,0,0,0,-1
520,0.000520000,-1.088988,1.46676,0.0,0,0,0,0,-1
521,0.000521000,-1.088964,1.45824,0.0,0,0,0,0,-1
522,0.000522000,-1.08894,1.44972,0.0,0,0,0,0,-1
523,0.000523000,-1.088916,1.4412,0.0,0,0,0,0,-1
524,0.000524000,-1.088892,1.43268,0.0,0,0,0,0,-1
525,0.000525000,-1.088868,1.42416,0.0,0,0,0,0,-1
526,0.000526000,-1.088844,1.41564,0.0,0,0,0,0,-1
527,0.000527000,-1.08882,1.407,0.0,0,0,0,0,-1
528,0.000528000,-1.088796,1.39848,5.0,1,0,0,0,2
529,0.000529000,-1.088772,1.38996,0.0,0,0,0,0,-1
530,0.000530000,-1.088748,1.38144,0.0,0,0,0,0,-1
531,0.000531000,-1.088724,1.37292,0.0,0,0,0,0,-1
532,0.000532000,-1.088712,1.3644,0.0,0,0,0,0,-1
533,0.000533000,-1.088688,1.35588,0.0,0,0,0,0,-1
534,0.000534000,-1.088664,1.34736,0.0,0,0,0,0,-1
535,0.000535000,-1.08864,1.33884,0.0,0,0,0,0,-1
536,0.000536000,-1.088616,1.33032,0.0,0,0,0,0,-1
537,0.000537000,-1.088592,1.3218,0.0,0,0,0,0,-1
538,0.000538000,-1.088568,1.31328,0.0,0,0,0,0,-1
539,0.000539000,-1.088544,1.30476,0.0,0,0,0,0,-1
540,0.000540000,-1.08852,1.29624,0.0,0,0,0,0,-1
541,0.000541000,-1.088496,1.28772,0.0,0,0,0,0,-1
542,0.000542000,-1.088472,1.2792,0.0,0,0,0,0,-1
543,0.000543000,-1.088448,1.27068,0.0,0,0,0,0,-1
544,0.000544000,-1.088436,1.26216,0.0,0,0,0,0,-1
545,0.000545000,-1.088412,1.25364,0.0,0,0,0,0,-1
546,0.000546000,-1.088388,1.24512,0.0,0,0,0,0,-1
547,0.000547000,-1.088364,1.2366,0.0,0,0,0,0,-1
548,0.000548000,-1.08834,1.22796,0.0,0,0,0,0,-1
549,0.000549000,-1.088316,1.21944,0.0,0,0,0,0,-1
550,0.000550000,-1.088292,1.21092,0.0,0,0,0,0,-1
551,0.000551000,-1.088268,1.2024,0.0,0,0,0,0,-1
552,0.000552000,-1.088244,1.193916,0.0,0,0,0,0,-1
553,0.000553000,-1.08822,1.185384,0.0,0,0,0,0,-1
554,0.000554000,-1.088196,1.176852,0.0,0,0,0,0,-1
555,0.000555000,-1.088172,1.168332,0.0,0,0,0,0,-1
556,0.000556000,-1.088148,1.1598,0.0,0,0,0,0,-1
557,0.000557000,-1.088136,1.15128,0.0,0,0,0,0,-1
558,0.000558000,-1.088112,1.142748,5.0,1,0,0,0,3
559,0.000559000,-1.088088,1.134228,0.0,0,0,0,0,-1
560,0.000560000,-1.088064,1.125696,0.0,0,0,0,0,-1
561,0.000561000,-1.08804,1.117176,0.0,0,0,0,0,-1
562,0.000562000,-1.088016,1.108644,0.0,0,0,0,0,-1
563,0.000563000,-1.087992,1.100124,0.0,0,0,0,0,-1
564,0.000564000,-1.087968,1.091592,0.0,0,0,0,0,-1
565,0.000565000,-1.087944,1.083072,0.0,0,0,0,0,-1
566,0.000566000,-1.08792,1.07454,0.0,0,0,0,0,-1
567,0.000567000,-1.087896,1.066008,0.0,0,0,0,0,-1
568,0.000568000,-1.087872,1.057488,0.0,0,0,0,0,-1
569,0.000569000,-1.08786,1.048956,0.0,0,0,0,0,-1
570,0.000570000,-1.087836,1.040436,0.0,0,0,0,0,-1
571,0.000571000,-1.087812,1.031904,0.0,0,0,0,0,-1
572,0.000572000,-1.087788,1.023384,0.0,0,0,0,0,-1
573,0.000573000,-1.087764,1.014852,0.0,0,0,0,0,-1
574,0.000574000,-1.08774,1.006332,0.0,0,0,0,0,-1
575,0.000575000,-1.087716,0.9978,0.0,0,0,0,0,-1
576,0.000576000,-1.087692,0.989268,0.0,0,0,0,0,-1
577,0.000577000,-1.087668,0.980748,0.0,0,0,0,0,-1
578,0.000578000,-1.087644,0.972216,0.0,0,0,0,0,-1
579,0.000579000,-1.08762,0.963696,0.0,0,0,0,0,-1
580,0.000580000,-1.087596,0.955164,0.0,0,0,0,0,-1
581,0.000581000,-1.087572,0.946644,0.0,0,0,0,0,-1
582,0.000582000,-1.08756,0.938112,0.0,0,0,0,0,-1
583,0.000583000,-1.087536,0.92958,0.0,0,0,0,0,-1
584,0.000584000,-1.087512,0.92106,0.0,0,0,0,0,-1
585,0.000585000,-1.087488,0.912528,0.0,0,0,0,0,-1
586,0.000586000,-1.087464,0.904008,0.0,0,0,0,0,-1
587,0.000587000,-1.08744,0.895476,0.0,0,0,0,0,-1
588,0.000588000,-1.087416,0.886944,5.0,1,0,0,0,4
589,0.000589000,-1.087392,0.878424,0.0,0,0,0,0,-1
590,0.000590000,-1.087368,0.869892,0.0,0,0,0,0,-1
591,0.000591000,-1.087344,0.861372,0.0,0,0,0,0,-1
592,0.000592000,-1.08732,0.85284,0.0,0,0,0,0,-1
593,0.000593000,-1.087296,0.844308,0.0,0,0,0,0,-1
594,0.000594000,-1.087284,0.835788,0.0,0,0,0,0,-1
595,0.000595000,-1.08726,0.827256,0.0,0,0,0,0,-1
596,0.000596000,-1.087236,0.818736,0.0,0,0,0,0,-1
597,0.000597000,-1.087212,0.810204,0.0,0,0,0,0,-1
598,0.000598000,-1.087188,0.801672,0.0,0,0,0,0,-1
599,0.000599000,-1.087164,0.793152,0.0,0,0,0,0,-1
600,0.000600000,-1.08714,0.78462,0.0,0,0,0,0,-1
601,0.000601000,-1.087116,0.7761,0.0,0,0,0,0,-1
602,0.000602000,-1.087092,0.767568,0.0,0,0,0,0,-1
603,0.000603000,-1.087068,0.759036,0.0,0,0,0,0,-1
604,0.000604000,-1.087044,0.750516,0.0,0,0,0,0,-1
605,0.000605000,-1.08702,0.741984,0.0,0,0,0,0,-1
606,0.000606000,-1.087008,0.733452,0.0,0,0,0,0,-1
607,0.000607000,-1.086984,0.724932,0.0,0,0,0,0,-1
608,0.000608000,-1.08696,0.7164,0.0,0,0,0,0,-1
609,0.000609000,-1.086936,0.70788,0.0,0,0,0,0,-1
610,0.000610000,-1.086912,0.699348,0.0,0,0,0,0,-1
611,0.000611000,-1.086888,0.690816,0.0,0,0,0,0,-1
612,0.000612000,-1.086864,0.682296,0.0,0,0,0,0,-1
613,0.000613000,-1.08684,0.673764,0.0,0,0,0,0,-1
614,0.000614000,-1.086816,0.665232,0.0,0,0,0,0,-1
615,0.000615000,-1.086792,0.656712,0.0,0,0,0,0,-1
616,0.000616000,-1.086768,0.64818,0.0,0,0,0,0,-1
617,0.000617000,-1.086744,0.639648,0.0,0,0,0,0,-1
618,0.000618000,-1.08672,0.631128,5.0,1,0,0,0,5
619,0.000619000,-1.086708,0.622596,0.0,0,0,0,0,-1
620,0.000620000,-1.086684,0.614064,0.0,0,0,0,0,-1
621,0.000621000,-1.08666,0.605544,0.0,0,0,0,0,-1
622,0.000622000,-1.086636,0.597012,0.0,0,0,0,0,-1
623,0.000623000,-1.086612,0.58848,0.0,0,0,0,0,-1
624,0.000624000,-1.086588,0.57996,0.0,0,0,0,0,-1
625,0.000625000,-1.086564,0.571428,0.0,0,0,0,0,-1
626,0.000626000,-1.08654,0.562896,0.0,0,0,0,0,-1
627,0.000627000,-1.086516,0.554376,0.0,0,0,0,0,-1
628,0.000628000,-1.086492,0.545844,0.0,0,0,0,0,-1
629,0.000629000,-1.086468,0.537312,0.0,0,0,0,0,-1
630,0.000630000,-1.086444,0.528792,0.0,0,0,0,0,-1
631,0.000631000,-1.086432,0.52026,0.0,0,0,0,0,-1
632,0.000632000,-1.086408,0.511728,0.0,0,0,0,0,-1
633,0.000633000,-1.086384,0.503208,0.0,0,0,0,0,-1
634,0.000634000,-1.08636,0.494676,0.0,0,0,0,0,-1
635,0.000635000,-1.086336,0.486144,0.0,0,0,0,0,-1
636,0.000636000,-1.086312,0.477624,0.0,0,0,0,0,-1
637,0.000637000,-1.086288,0.469092,0.0,0,0,0,0,-1
638,0.000638000,-1.086264,0.46056,0.0,0,0,0,0,-1
639,0.000639000,-1.08624,0.45204,0.0,0,0,0,0,-1
640,0.000640000,-1.086216,0.443508,0.0,0,0,0,0,-1
641,0.000641000,-1.086192,0.434976,0.0,0,0,0,0,-1
642,0.000642000,-1.086168,0.426456,0.0,0,0,0,0,-1
643,0.000643000,-1.086144,0.417924,0.0,0,0,0,0,-1
644,0.000644000,-1.086132,0.409392,0.0,0,0,0,0,-1
645,0.000645000,-1.086108,0.40086,0.0,0,0,0,0,-1
646,0.000646000,-1.086084,0.39234,0.0,0,0,0,0,-1
647,0.000647000,-1.08606,0.383808,0.0,0,0,0,0,-1
648,0.000648000,-1.086036,0.375276,5.0,1,0,0,0,6
649,0.000649000,-1.086012,0.366756,0.0,0,0,0,0,-1
650,0.000650000,-1.085988,0.358224,0.0,0,0,0,0,-1
651,0.000651000,-1.085964,0.349692,0.0,0,0,0,0,-1
652,0.000652000,-1.08594,0.34116,0.0,0,0,0,0,-1
653,0.000653000,-1.085916,0.33264,0.0,0,0,0,0,-1
654,0.000654000,-1.085892,0.324108,0.0,0,0,0,0,-1
655,0.000655000,-1.085868,0.315576,0.0,0,0,0,0,-1
656,0.000656000,-1.085856,0.307056,0.0,0,0,0,0,-1
657,0.000657000,-1.085832,0.298524,0.0,0,0,0,0,-1
658,0.000658000,-1.085808,0.289992,0.0,0,0,0,0,-1
659,0.000659000,-1.085784,0.28146,0.0,0,0,0,0,-1
660,0.000660000,-1.08576,0.27294,0.0,0,0,0,0,-1
661,0.000661000,-1.085736,0.264408,0.0,0,0,0,0,-1
662,0.000662000,-1.085712,0.255876,0.0,0,0,0,0,-1
663,0.000663000,-1.085688,0.247344,0.0,0,0,0,0,-1
664,0.000664000,-1.085664,0.238824,0.0,0,0,0,0,-1
665,0.000665000,-1.08564,0.230292,0.0,0,0,0,0,-1
666,0.000666000,-1.085616,0.22176,0.0,0,0,0,0,-1
667,0.000667000,-1.085592,0.213228,0.0,0,0,0,0,-1
668,0.000668000,-1.085568,0.204708,0.0,0,0,0,0,-1
669,0.000669000,-1.085556,0.196176,0.0,0,0,0,0,-1
670,0.000670000,-1.085532,0.187644,0.0,0,0,0,0,-1
671,0.000671000,-1.085508,0.179112,0.0,0,0,0,0,-1
672,0.000672000,-1.085484,0.170592,0.0,0,0,0,0,-1
673,0.000673000,-1.08546,0.16206,0.0,0,0,0,0,-1
674,0.000674000,-1.085436,0.153528,0.0,0,0,0,0,-1
675,0.000675000,-1.085412,0.144996,0.0,0,0,0,0,-1
676,0.000676000,-1.085388,0.136476,0.0,0,0,0,0,-1
677,0.000677000,-1.085364,0.127944,0.0,0,0,0,0,-1
678,0.000678000,-1.08534,0.119412,5.0,1,0,0,0,7
679,0.000679000,-1.085316,0.1108824,0.0,0,0,0,0,-1
680,0.000680000,-1.085292,0.102354,0.0,0,0,0,0,-1
681,0.000681000,-1.08528,0.0938244,0.0,0,0,0,0,-1
682,0.000682000,-1.085256,0.0852948,0.0,0,0,0,0,-1
683,0.000683000,-1.085232,0.0767652,0.0,0,0,0,0,-1
684,0.000684000,-1.085208,0.0682356,0.0,0,0,0,0,-1
685,0.000685000,-1.085184,0.059706,0.0,0,0,0,0,-1
686,0.000686000,-1.08516,0.0511776,0.0,0,0,0,0,-1
687,0.000687000,-1.085136,0.042648,0.0,0,0,0,0,-1
688,0.000688000,-1.085112,0.0341184,0.0,0,0,0,0,-1
689,0.000689000,-1.085088,0.0255888,0.0,0,0,0,0,-1
690,0.000690000,-1.085064,0.0170592,0.0,0,0,0,0,-1
691,0.000691000,-1.08504,0.0085296,0.0,0,0,0,0,-1
692,0.000692000,-1.085016,0.0,0.0,0,0,0,0,-1
693,0.000693000,-1.084992,-0.0085296,0.0,0,0,0,0,-1
694,0.000694000,-1.08498,-0.0170592,0.0,0,0,0,0,-1
695,0.000695000,-1.084956,-0.0255888,0.0,0,0,0,0,-1
696,0.000696000,-1.084932,-0.0341184,0.0,0,0,0,0,-1
697,0.000697000,-1.084908,-0.042648,0.0,0,0,0,0,-1
698,0.000698000,-1.084884,-0.0511776,0.0,0,0,0,0,-1
699,0.000699000,-1.08486,-0.0597072,0.0,0,0,0,0,-1
700,0.000700000,-1.084836,-0.068238,0.0,0,0,0,0,-1
701,0.000701000,-1.084812,-0.0767676,0.0,0,0,0,0,-1
702,0.000702000,-1.084788,-0.0852972,0.0,0,0,0,0,-1
703,0.000703000,-1.084764,-0.0938268,0.0,0,0,0,0,-1
704,0.000704000,-1.08474,-0.1023564,0.0,0,0,0,0,-1
705,0.000705000,-1.084716,-0.1108872,0.0,0,0,0,0,-1
706,0.000706000,-1.084704,-0.1194168,0.0,0,0,0,0,-1
707,0.000707000,-1.08468,-0.127944,0.0,0,0,0,0,-1
708,0.000708000,-1.084656,-0.136476,5.0,1,0,0,0,8
709,0.000709000,-1.084632,-0.145008,0.0,0,0,0,0,-1
710,0.000710000,-1.084608,-0.15354,0.0,0,0,0,0,-1
711,0.000711000,-1.084584,-0.162072,0.0,0,0,0,0,-1
712,0.000712000,-1.08456,-0.170592,0.0,0,0,0,0,-1
713,0.000713000,-1.084536,-0.179124,0.0,0,0,0,0,-1
714,0.000714000,-1.084512,-0.187656,0.0,0,0,0,0,-1
715,0.000715000,-1.084488,-0.196188,0.0,0,0,0,0,-1
716,0.000716000,-1.084464,-0.20472,0.0,0,0,0,0,-1
717,0.000717000,-1.08444,-0.213252,0.0,0,0,0,0,-1
718,0.000718000,-1.084416,-0.221772,0.0,0,0,0,0,-1
719,0.000719000,-1.084404,-0.230304,0.0,0,0,0,0,-1
720,0.000720000,-1.08438,-0.238836,0.0,0,0,0,0,-1
721,0.000721000,-1.084356,-0.247368,0.0,0,0,0,0,-1
722,0.000722000,-1.084332,-0.2559,0.0,0,0,0,0,-1
723,0.000723000,-1.084308,-0.264432,0.0,0,0,0,0,-1
724,0.000724000,-1.084284,-0.272964,0.0,0,0,0,0,-1
725,0.000725000,-1.08426,-0.281484,0.0,0,0,0,0,-1
726,0.000726000,-1.084236,-0.290016,0.0,0,0,0,0,-1
727,0.000727000,-1.084212,-0.298548,0.0,0,0,0,0,-1
728,0.000728000,-1.084188,-0.30708,0.0,0,0,0,0,-1
729,0.000729000,-1.084164,-0.315612,0.0,0,0,0,0,-1
730,0.000730000,-1.08414,-0.324144,0.0,0,0,0,0,-1
731,0.000731000,-1.084128,-0.332676,0.0,0,0,0,0,-1
732,0.000732000,-1.084104,-0.341208,0.0,0,0,0,0,-1
733,0.000733000,-1.08408,-0.349728,0.0,0,0,0,0,-1
734,0.000734000,-1.084056,-0.35826,0.0,0,0,0,0,-1
735,0.000735000,-1.084032,-0.366792,0.0,0,0,0,0,-1
736,0.000736000,-1.084008,-0.375324,0.0,0,0,0,0,-1
737,0.000737000,-1.083984,-0.383856,0.0,0,0,0,0,-1
738,0.000738000,-1.08396,-0.392388,5.0,1,0,0,0,9
739,0.000739000,-1.083936,-0.40092,0.0,0,0,0,0,-1
740,0.000740000,-1.083912,-0.409452,0.0,0,0,0,0,-1
741,0.000741000,-1.083888,-0.417984,0.0,0,0,0,0,-1
742,0.000742000,-1.083864,-0.426504,0.0,0,0,0,0,-1
743,0.000743000,-1.08384,-0.435036,0.0,0,0,0,0,-1
744,0.000744000,-1.083828,-0.443568,0.0,0,0,0,0,-1
745,0.000745000,-1.083804,-0.4521,0.0,0,0,0,0,-1
746,0.000746000,-1.08378,-0.460632,0.0,0,0,0,0,-1
747,0.000747000,-1.083756,-0.469164,0.0,0,0,0,0,-1
748,0.000748000,-1.083732,-0.477696,0.0,0,0,0,0,-1
749,0.000749000,-1.083708,-0.486228,0.0,0,0,0,0,-1
750,0.000750000,-1.083684,-0.49476,0.0,0,0,0,0,-1
751,0.000751000,-1.08366,-0.503292,0.0,0,0,0,0,-1
752,0.000752000,-1.083636,-0.511824,0.0,0,0,0,0,-1
753,0.000753000,-1.083612,-0.520344,0.0,0,0,0,0,-1
754,0.000754000,-1.083588,-0.528876,0.0,0,0,0,0,-1
755,0.000755000,-1.083564,-0.537408,0.0,0,0,0,0,-1
756,0.000756000,-1.08354,-0.54594,0.0,0,0,0,0,-1
757,0.000757000,-1.083528,-0.554472,0.0,0,0,0,0,-1
758,0.000758000,-1.083504,-0.563004,0.0,0,0,0,0,-1
759,0.000759000,-1.08348,-0.571536,0.0,0,0,0,0,-1
760,0.000760000,-1.083456,-0.580068,0.0,0,0,0,0,-1
761,0.000761000,-1.083432,-0.5886,0.0,0,0,0,0,-1
762,0.000762000,-1.083408,-0.597132,0.0,0,0,0,0,-1
763,0.000763000,-1.083384,-0.605664,0.0,0,0,0,0,-1
764,0.000764000,-1.08336,-0.614196,0.0,0,0,0,0,-1
765,0.000765000,-1.083336,-0.622728,0.0,0,0,0,0,-1
766,0.000766000,-1.083312,-0.63126,0.0,0,0,0,0,-1
767,0.000767000,-1.083288,-0.639792,0.0,0,0,0,0,-1
768,0.000768000,-1.083264,-0.648312,5.0,1,0,0,0,10
769,0.000769000,-1.083252,-0.656844,0.0,0,0,0,0,-1
770,0.000770000,-1.083228,-0.665376,0.0,0,0,0,0,-1
771,0.000771000,-1.083204,-0.673908,0.0,0,0,0,0,-1
772,0.000772000,-1.08318,-0.68244,0.0,0,0,0,0,-1
773,0.000773000,-1.083156,-0.690972,0.0,0,0,0,0,-1
774,0.000774000,-1.083132,-0.699504,0.0,0,0,0,0,-1
775,0.000775000,-1.083108,-0.708036,0.0,0,0,0,0,-1
776,0.000776000,-1.083084,-0.716568,0.0,0,0,0,0,-1
777,0.000777000,-1.08306,-0.7251,0.0,0,0,0,0,-1
778,0.000778000,-1.083036,-0.733632,0.0,0,0,0,0,-1
779,0.000779000,-1.083012,-0.742164,0.0,0,0,0,0,-1
780,0.000780000,-1.082988,-0.750696,0.0,0,0,0,0,-1
781,0.000781000,-1.082964,-0.759228,0.0,0,0,0,0,-1
782,0.000782000,-1.082952,-0.76776,0.0,0,0,0,0,-1
783,0.000783000,-1.082928,-0.776292,0.0,0,0,0,0,-1
784,0.000784000,-1.082904,-0.784824,0.0,0,0,0,0,-1
785,0.000785000,-1.08288,-0.793356,0.0,0,0,0,0,-1
786,0.000786000,-1.082856,-0.801888,0.0,0,0,0,0,-1
787,0.000787000,-1.082832,-0.81042,0.0,0,0,0,0,-1
788,0.000788000,-1.082808,-0.818952,0.0,0,0,0,0,-1
789,0.000789000,-1.082784,-0.827484,0.0,0,0,0,0,-1
790,0.000790000,-1.08276,-0.836016,0.0,0,0,0,0,-1
791,0.000791000,-1.082736,-0.844548,0.0,0,0,0,0,-1
792,0.000792000,-1.082712,-0.85308,0.0,0,0,0,0,-1
793,0.000793000,-1.082688,-0.861612,0.0,0,0,0,0,-1
794,0.000794000,-1.082676,-0.870144,0.0,0,0,0,0,-1
795,0.000795000,-1.082652,-0.878676,0.0,0,0,0,0,-1
796,0.000796000,-1.082628,-0.887208,0.0,0,0,0,0,-1
797,0.000797000,-1.082604,-0.89574,0.0,0,0,0,0,-1
798,0.000798000,-1.08258,-0.904272,5.0,1,0,0,0,11
799,0.000799000,-1.082556,-0.912804,0.0,0,0,0,0,-1
800,0.000800000,-1.082532,-0.921336,0.0,0,0,0,0,-1
801,0.000801000,-1.082508,-0.929868,0.0,0,0,0,0,-1
802,0.000802000,-1.082484,-0.9384,0.0,0,0,0,0,-1
803,0.000803000,-1.08246,-0.946932,0.0,0,0,0,0,-1
804,0.000804000,-1.082436,-0.955464,0.0,0,0,0,0,-1
805,0.000805000,-1.082412,-0.963996,0.0,0,0,0,0,-1
806,0.000806000,-1.082388,-0.972528,0.0,0,0,0,0,-1
807,0.000807000,-1.082376,-0.98106,0.0,0,0,0,0,-1
808,0.000808000,-1.082352,-0.989592,0.0,0,0,0,0,-1
809,0.000809000,-1.082328,-0.998124,0.0,0,0,0,0,-1
810,0.000810000,-1.082304,-1.006656,0.0,0,0,0,0,-1
811,0.000811000,-1.08228,-1.015188,0.0,0,0,0,0,-1
812,0.000812000,-1.082256,-1.02372,0.0,0,0,0,0,-1
813,0.000813000,-1.082232,-1.032252,0.0,0,0,0,0,-1
814,0.000814000,-1.082208,-1.040784,0.0,0,0,0,0,-1
815,0.000815000,-1.082184,-1.049316,0.0,0,0,0,0,-1
816,0.000816000,-1.08216,-1.057848,0.0,0,0,0,0,-1
817,0.000817000,-1.082136,-1.06638,0.0,0,0,0,0,-1
818,0.000818000,-1.082112,-1.074912,0.0,0,0,0,0,-1
819,0.000819000,-1.082088,-1.083456,0.0,0,0,0,0,-1
820,0.000820000,-1.082076,-1.091988,0.0,0,0,0,0,-1
821,0.000821000,-1.082052,-1.10052,0.0,0,0,0,0,-1
822,0.000822000,-1.082028,-1.109052,0.0,0,0,0,0,-1
823,0.000823000,-1.082004,-1.117584,0.0,0,0,0,0,-1
824,0.000824000,-1.08198,-1.126116,0.0,0,0,0,0,-1
825,0.000825000,-1.081956,-1.134648,0.0,0,0,0,0,-1
826,0.000826000,-1.081932,-1.14318,0.0,0,0,0,0,-1
827,0.000827000,-1.081908,-1.151712,0.0,0,0,0,0,-1
828,0.000828000,-1.081884,-1.160244,5.0,1,0,0,0,12
829,0.000829000,-1.08186,-1.168776,0.0,0,0,0,0,-1
830,0.000830000,-1.081836,-1.177308,0.0,0,0,0,0,-1
831,0.000831000,-1.081812,-1.18584,0.0,0,0,0,0,-1
832,0.000832000,-1.0818,-1.194372,0.0,0,0,0,0,-1
833,0.000833000,-1.081776,-1.20288,0.0,0,0,0,0,-1
834,0.000834000,-1.081752,-1.2114,0.0,0,0,0,0,-1
835,0.000835000,-1.081728,-1.21992,0.0,0,0,0,0,-1
836,0.000836000,-1.081704,-1.22856,0.0,0,0,0,0,-1
837,0.000837000,-1.08168,-1.23708,0.0,0,0,0,0,-1
838,0.000838000,-1.081656,-1.2456,0.0,0,0,0,0,-1
839,0.000839000,-1.081632,-1.25412,0.0,0,0,0,0,-1
840,0.000840000,-1.081608,-1.26264,0.0,0,0,0,0,-1
841,0.000841000,-1.081584,-1.27116,0.0,0,0,0,0,-1
842,0.000842000,-1.08156,-1.27968,0.0,0,0,0,0,-1
843,0.000843000,-1.081536,-1.2882,0.0,0,0,0,0,-1
844,0.000844000,-1.081512,-1.29672,0.0,0,0,0,0,-1
845,0.000845000,-1.0815,-1.30536,0.0,0,0,0,0,-1
846,0.000846000,-1.081476,-1.31388,0.0,0,0,0,0,-1
847,0.000847000,-1.081452,-1.3224,0.0,0,0,0,0,-1
848,0.000848000,-1.081428,-1.33092,0.0,0,0,0,0,-1
849,0.000849000,-1.081404,-1.33944,0.0,0,0,0,0,-1
850,0.000850000,-1.08138,-1.34796,0.0,0,0,0,0,-1
851,0.000851000,-1.081356,-1.35648,0.0,0,0,0,0,-1
852,0.000852000,-1.081332,-1.365,0.0,0,0,0,0,-1
853,0.000853000,-1.081308,-1.37352,0.0,0,0,0,0,-1
854,0.000854000,-1.081284,-1.38216,0.0,0,0,0,0,-1
855,0.000855000,-1.08126,-1.39068,0.0,0,0,0,0,-1
856,0.000856000,-1.081236,-1.3992,0.0,0,0,0,0,-1
857,0.000857000,-1.081224,-1.40772,0.0,0,0,0,0,-1
858,0.000858000,-1.0812,-1.41624,5.0,1,0,0,0,13
859,0.000859000,-1.081176,-1.42476,0.0,0,0,0,0,-1
860,0.000860000,-1.081152,-1.43328,0.0,0,0,0,0,-1
861,0.000861000,-1.081128,-1.4418,0.0,0,0,0,0,-1
862,0.000862000,-1.081104,-1.45032,0.0,0,0,0,0,-1
863,0.000863000,-1.08108,-1.45896,0.0,0,0,0,0,-1
864,0.000864000,-1.081056,-1.46748,0.0,0,0,0,0,-1
865,0.000865000,-1.081032,-1.476,0.0,0,0,0,0,-1
866,0.000866000,-1.081008,-1.48452,0.0,0,0,0,0,-1
867,0.000867000,-1.080984,-1.49304,0.0,0,0,0,0,-1
868,0.000868000,-1.08096,-1.50156,0.0,0,0,0,0,-1
869,0.000869000,-1.080936,-1.51008,0.0,0,0,0,0,-1
870,0.000870000,-1.080924,-1.5186,0.0,0,0,0,0,-1
871,0.000871000,-1.0809,-1.52712,0.0,0,0,0,0,-1
872,0.000872000,-1.080876,-1.53576,0.0,0,0,0,0,-1
873,0.000873000,-1.080852,-1.54428,0.0,0,0,0,0,-1
874,0.000874000,-1.080828,-1.5528,0.0,0,0,0,0,-1
875,0.000875000,-1.080804,-1.56132,0.0,0,0,0,0,-1
876,0.000876000,-1.08078,-1.56984,0.0,0,0,0,0,-1
877,0.000877000,-1.080756,-1.57836,0.0,0,0,0,0,-1
878,0.000878000,-1.080732,-1.58688,0.0,0,0,0,0,-1
879,0.000879000,-1.080708,-1.5954,0.0,0,0,0,0,-1
880,0.000880000,-1.080684,-1.60404,0.0,0,0,0,0,-1
881,0.000881000,-1.08066,-1.61256,0.0,0,0,0,0,-1
882,0.000882000,-1.080636,-1.62108,0.0,0,0,0,0,-1
883,0.000883000,-1.080624,-1.6296,0.0,0,0,0,0,-1
884,0.000884000,-1.0806,-1.63812,0.0,0,0,0,0,-1
885,0.000885000,-1.080576,-1.64664,0.0,0,0,0,0,-1
886,0.000886000,-1.080552,-1.65516,0.0,0,0,0,0,-1
887,0.000887000,-1.080528,-1.66368,0.0,0,0,0,0,-1
888,0.000888000,-1.080504,-1.6722,5.0,1,0,0,0,14
889,0.000889000,-1.08048,-1.68084,0.0,0,0,0,0,-1
890,0.000890000,-1.080456,-1.68936,0.0,0,0,0,0,-1
891,0.000891000,-1.080432,-1.69788,0.0,0,0,0,0,-1
892,0.000892000,-1.080408,-1.7064,0.0,0,0,0,0,-1
893,0.000893000,-1.080384,-1.71492,0.0,0,0,0,0,-1
894,0.000894000,-1.08036,-1.72344,0.0,0,0,0,0,-1
895,0.000895000,-1.080336,-1.73196,0.0,0,0,0,0,-1
896,0.000896000,-1.080324,-1.74048,0.0,0,0,0,0,-1
897,0.000897000,-1.0803,-1.74912,0.0,0,0,0,0,-1
898,0.000898000,-1.080276,-1.75764,0.0,0,0,0,0,-1
899,0.000899000,-1.080252,-1.76616,0.0,0,0,0,0,-1
900,0.000900000,-1.080228,-1.77468,0.0,0,0,0,0,-1
901,0.000901000,-1.080204,-1.7832,0.0,0,0,0,0,-1
902,0.000902000,-1.08018,-1.79172,0.0,0,0,0,0,-1
903,0.000903000,-1.080156,-1.80024,0.0,0,0,0,0,-1
904,0.000904000,-1.080132,-1.80876,0.0,0,0,0,0,-1
905,0.000905000,-1.080108,-1.8174,0.0,0,0,0,0,-1
906,0.000906000,-1.080084,-1.82592,0.0,0,0,0,0,-1
907,0.000907000,-1.08006,-1.83444,0.0,0,0,0,0,-1
908,0.000908000,-1.080048,-1.84296,0.0,0,0,0,0,-1
909,0.000909000,-1.080024,-1.85148,0.0,0,0,0,0,-1
910,0.000910000,-1.08,-1.86,0.0,0,0,0,0,-1
911,0.000911000,-1.079976,-1.86852,0.0,0,0,0,0,-1
912,0.000912000,-1.079952,-1.87704,0.0,0,0,0,0,-1
913,0.000913000,-1.079928,-1.88568,0.0,0,0,0,0,-1
914,0.000914000,-1.079904,-1.8942,0.0,0,0,0,0,-1
915,0.000915000,-1.07988,-1.90272,0.0,0,0,0,0,-1
916,0.000916000,-1.079856,-1.91124,0.0,0,0,0,0,-1
917,0.000917000,-1.079832,-1.91976,0.0,0,0,0,0,-1
918,0.000918000,-1.079808,-1.92828,5.0,1,1,0,0,15
919,0.000919000,-1.079784,-1.9368,0.0,0,0,0,-1,-1
920,0.000920000,-1.07976,-1.94532,0.0,0,0,0,-1,-1
921,0.000921000,-1.079748,-1.95396,0.0,0,0,0,-1,-1
922,0.000922000,-1.079724,-1.96248,0.0,0,0,0,-1,-1
923,0.000923000,-1.074264,-1.9698,0.0,0,0,0,-1,-1
924,0.000924000,-1.07424,-1.97832,0.0,0,0,0,-1,-1
925,0.000925000,-1.074216,-1.98684,0.0,0,0,0,-1,-1
926,0.000926000,-1.068768,-1.99428,0.0,0,0,0,-1,-1
927,0.000927000,-1.068744,-2.0028,0.0,0,0,0,-1,-1
928,0.000928000,-1.063296,-2.01012,0.0,0,0,0,-1,-1
929,0.000929000,-1.05786,-2.01744,0.0,0,0,0,-1,-1
930,0.000930000,-1.052424,-2.02476,0.0,0,0,0,-1,-1
931,0.000931000,-1.047,-2.03208,0.0,0,0,0,-1,-1
932,0.000932000,-1.041588,-2.0394,0.0,0,0,0,-1,-1
933,0.000933000,-1.0362,-2.0382,0.0,0,0,0,-1,-1
934,0.000934000,-1.030788,-2.04552,0.0,0,0,0,-1,-1
935,0.000935000,-1.025412,-2.04432,0.0,0,0,0,-1,-1
936,0.000936000,-1.020048,-2.04312,0.0,0,0,0,-1,-1
937,0.000937000,-1.01466,-2.05044,0.0,0,0,0,-1,-1
938,0.000938000,-1.009296,-2.04924,0.0,0,0,0,-1,-1
939,0.000939000,-1.003944,-2.04804,0.0,0,0,0,-1,-1
940,0.000940000,-0.998604,-2.04684,0.0,0,0,0,-1,-1
941,0.000941000,-0.993264,-2.04564,0.0,0,0,0,-1,-1
942,0.000942000,-0.987924,-2.04444,0.0,0,0,0,-1,-1
943,0.000943000,-0.982596,-2.04324,0.0,0,0,0,-1,-1
944,0.000944000,-0.977304,-2.03364,0.0,0,0,0,-1,-1
945,0.000945000,-0.971988,-2.03244,0.0,0,0,0,-1,-1
946,0.000946000,-0.966684,-2.03124,0.0,0,0,0,-1,-1
947,0.000947000,-0.961404,-2.02164,0.0,0,0,0,-1,-1
948,0.000948000,-0.9561,-2.02044,0.0,0,0,0,-1,-1
949,0.000949000,-0.950844,-2.01084,0.0,0,0,0,-1,-1
950,0.000950000,-0.945576,-2.00136,0.0,0,0,0,-1,-1
951,0.000951000,-0.94032,-1.99176,0.0,0,0,0,-1,-1
952,0.000952000,-0.935076,-1.98216,0.0,0,0,0,-1,-1
953,0.000953000,-0.929832,-1.97268,0.0,0,0,0,-1,-1
954,0.000954000,-0.929856,-1.96428,0.0,0,0,0,-1,-1
955,0.000955000,-0.924624,-1.95468,0.0,0,0,0,-1,-1
956,0.000956000,-0.924636,-1.94628,0.0,0,0,0,-1,-1
957,0.000957000,-0.92466,-1.938,0.0,0,0,0,-1,-1
958,0.000958000,-0.919428,-1.9284,0.0,0,0,0,-1,-1
959,0.000959000,-0.919452,-1.92,0.0,0,0,0,-1,-1
960,0.000960000,-0.919476,-1.91172,0.0,0,0,0,-1,-1
961,0.000961000,-0.9195,-1.90332,0.0,0,0,0,-1,-1
962,0.000962000,-0.919524,-1.89492,5.0,1,0,0,1,0
963,0.000963000,-0.919548,-1.88652,0.0,0,0,0,1,-1
964,0.000964000,-0.919572,-1.87812,0.0,0,0,0,1,-1
965,0.000965000,-0.919596,-1.86972,0.0,0,0,0,1,-1
966,0.000966000,-0.91962,-1.86132,0.0,0,0,0,1,-1
967,0.000967000,-0.919644,-1.85292,0.0,0,0,0,1,-1
968,0.000968000,-0.919668,-1.84452,0.0,0,0,0,1,-1
969,0.000969000,-0.91968,-1.83612,0.0,0,0,0,1,-1
970,0.000970000,-0.919704,-1.82784,0.0,0,0,0,1,-1
971,0.000971000,-0.919728,-1.81944,0.0,0,0,0,1,-1
972,0.000972000,-0.919752,-1.81104,0.0,0,0,0,1,-1
973,0.000973000,-0.919776,-1.80264,0.0,0,0,0,1,-1
974,0.000974000,-0.9198,-1.79424,0.0,0,0,0,1,-1
975,0.000975000,-0.919824,-1.78584,0.0,0,0,0,1,-1
976,0.000976000,-0.919848,-1.77744,0.0,0,0,0,1,-1
977,0.000977000,-0.919872,-1.76904,0.0,0,0,0,1,-1
978,0.000978000,-0.919896,-1.76064,0.0,0,0,0,1,-1
979,0.000979000,-0.919908,-1.75236,0.0,0,0,0,1,-1
980,0.000980000,-0.919932,-1.74396,0.0,0,0,0,1,-1
981,0.000981000,-0.919956,-1.73556,0.0,0,0,0,1,-1
982,0.000982000,-0.91998,-1.72716,0.0,0,0,0,1,-1
983,0.000983000,-0.920004,-1.71876,0.0,0,0,0,1,-1
984,0.000984000,-0.920028,-1.71036,0.0,0,0,0,1,-1
985,0.000985000,-0.920052,-1.70196,0.0,0,0,0,1,-1
986,0.000986000,-0.920076,-1.69356,0.0,0,0,0,1,-1
987,0.000987000,-0.9201,-1.68516,0.0,0,0,0,1,-1
988,0.000988000,-0.920124,-1.67688,0.0,0,0,0,1,-1
989,0.000989000,-0.920148,-1.66848,0.0,0,0,0,1,-1
990,0.000990000,-0.92016,-1.66008,0.0,0,0,0,1,-1
991,0.000991000,-0.920184,-1.65168,0.0,0,0,0,1,-1
992,0.000992000,-0.920208,-1.64328,5.0,1,0,0,1,1
993,0.000993000,-0.920232,-1.63488,0.0,0,0,0,1,-1
994,0.000994000,-0.920256,-1.62648,0.0,0,0,0,1,-1
995,0.000995000,-0.92028,-1.61808,0.0,0,0,0,1,-1
996,0.000996000,-0.920304,-1.6098,0.0,0,0,0,1,-1
997,0.000997000,-0.920328,-1.6014,0.0,0,0,0,1,-1
998,0.000998000,-0.920352,-1.593,0.0,0,0,0,1,-1
999,0.000999000,-0.920376,-1.5846,0.0,0,0,0,1,-1
1000,0.001000000,-0.9204,-1.5762,0.0,0,0,0,1,-1
1001,0.001001000,-0.920412,-1.5678,0.0,0,0,0,1,-1
1002,0.001002000,-0.920436,-1.5594,0.0,0,0,0,1,-1
1003,0.001003000,-0.92046,-1.551,0.0,0,0,0,1,-1
1004,0.001004000,-0.920484,-1.5426,0.0,0,0,0,1,-1
1005,0.001005000,-0.920508,-1.53432,0.0,0,0,0,1,-1
1006,0.001006000,-0.920532,-1.52592,0.0,0,0,0,1,-1
1007,0.001007000,-0.920556,-1.51752,0.0,0,0,0,1,-1
1008,0.001008000,-0.92058,-1.50912,0.0,0,0,0,1,-1
1009,0.001009000,-0.920604,-1.50072,0.0,0,0,0,1,-1
1010,0.001010000,-0.920628,-1.49232,0.0,0,0,0,1,-1
1011,0.001011000,-0.92064,-1.48392,0.0,0,0,0,1,-1
1012,0.001012000,-0.920664,-1.47552,0.0,0,0,0,1,-1
1013,0.001013000,-0.920688,-1.46712,0.0,0,0,0,1,-1
1014,0.001014000,-0.920712,-1.45884,0.0,0,0,0,1,-1
1015,0.001015000,-0.920736,-1.45044,0.0,0,0,0,1,-1
1016,0.001016000,-0.92076,-1.44204,0.0,0,0,0,1,-1
1017,0.001017000,-0.920784,-1.43364,0.0,0,0,0,1,-1
1018,0.001018000,-0.920808,-1.42524,0.0,0,0,0,1,-1
1019,0.001019000,-0.920832,-1.41684,0.0,0,0,0,1,-1
1020,0.001020000,-0.920856,-1.40844,0.0,0,0,0,1,-1
1021,0.001021000,-0.92088,-1.40004,0.0,0,0,0,1,-1
1022,0.001022000,-0.920892,-1.39176,5.0,1,0,0,1,2
1023,0.001023000,-0.920916,-1.38336,0.0,0,0,0,1,-1
1024,0.001024000,-0.92094,-1.37496,0.0,0,0,0,1,-1
1025,0.001025000,-0.920964,-1.36656,0.0,0,0,0,1,-1
1026,0.001026000,-0.920988,-1.35816,0.0,0,0,0,1,-1
1027,0.001027000,-0.921012,-1.34976,0.0,0,0,0,1,-1
1028,0.001028000,-0.921036,-1.34136,0.0,0,0,0,1,-1
1029,0.001029000,-0.92106,-1.33296,0.0,0,0,0,1,-1
1030,0.001030000,-0.921084,-1.32468,0.0,0,0,0,1,-1
1031,0.001031000,-0.921108,-1.31628,0.0,0,0,0,1,-1
1032,0.001032000,-0.92112,-1.30788,0.0,0,0,0,1,-1
1033,0.001033000,-0.921144,-1.29948,0.0,0,0,0,1,-1
1034,0.001034000,-0.921168,-1.29108,0.0,0,0,0,1,-1
1035,0.001035000,-0.921192,-1.28268,0.0,0,0,0,1,-1
1036,0.001036000,-0.921216,-1.27428,0.0,0,0,0,1,-1
1037,0.001037000,-0.92124,-1.26588,0.0,0,0,0,1,-1
1038,0.001038000,-0.921264,-1.25748,0.0,0,0,0,1,-1
1039,0.001039000,-0.921288,-1.2492,0.0,0,0,0,1,-1
1040,0.001040000,-0.921312,-1.2408,0.0,0,0,0,1,-1
1041,0.001041000,-0.921336,-1.2324,0.0,0,0,0,1,-1
1042,0.001042000,-0.92136,-1.224,0.0,0,0,0,1,-1
1043,0.001043000,-0.921372,-1.2156,0.0,0,0,0,1,-1
1044,0.001044000,-0.921396,-1.2072,0.0,0,0,0,1,-1
1045,0.001045000,-0.92142,-1.198836,0.0,0,0,0,1,-1
1046,0.001046000,-0.921444,-1.19046,0.0,0,0,0,1,-1
1047,0.001047000,-0.921468,-1.182072,0.0,0,0,0,1,-1
1048,0.001048000,-0.921492,-1.173684,0.0,0,0,0,1,-1
1049,0.001049000,-0.921516,-1.165296,0.0,0,0,0,1,-1
1050,0.001050000,-0.92154,-1.15692,0.0,0,0,0,1,-1
1051,0.001051000,-0.921564,-1.148532,0.0,0,0,0,1,-1
1052,0.001052000,-0.921588,-1.140144,5.0,1,0,0,1,3
1053,0.001053000,-0.921612,-1.131756,0.0,0,0,0,1,-1
1054,0.001054000,-0.921624,-1.12338,0.0,0,0,0,1,-1
1055,0.001055000,-0.921648,-1.114992,0.0,0,0,0,1,-1
1056,0.001056000,-0.921672,-1.106604,0.0,0,0,0,1,-1
1057,0.001057000,-0.921696,-1.098216,0.0,0,0,0,1,-1
1058,0.001058000,-0.92172,-1.08984,0.0,0,0,0,1,-1
1059,0.001059000,-0.921744,-1.081452,0.0,0,0,0,1,-1
1060,0.001060000,-0.921768,-1.073064,0.0,0,0,0,1,-1
1061,0.001061000,-0.921792,-1.064676,0.0,0,0,0,1,-1
1062,0.001062000,-0.921816,-1.0563,0.0,0,0,0,1,-1
1063,0.001063000,-0.92184,-1.047912,0.0,0,0,0,1,-1
1064,0.001064000,-0.921852,-1.039524,0.0,0,0,0,1,-1
1065,0.001065000,-0.921876,-1.031148,0.0,0,0,0,1,-1
1066,0.001066000,-0.9219,-1.02276,0.0,0,0,0,1,-1
1067,0.001067000,-0.921924,-1.014372,0.0,0,0,0,1,-1
1068,0.001068000,-0.921948,-1.005984,0.0,0,0,0,1,-1
1069,0.001069000,-0.921972,-0.997608,0.0,0,0,0,1,-1
1070,0.001070000,-0.921996,-0.98922,0.0,0,0,0,1,-1
1071,0.001071000,-0.92202,-0.980832,0.0,0,0,0,1,-1
1072,0.001072000,-0.922044,-0.972456,0.0,0,0,0,1,-1
1073,0.001073000,-0.922068,-0.964068,0.0,0,0,0,1,-1
1074,0.001074000,-0.922092,-0.95568,0.0,0,0,0,1,-1
1075,0.001075000,-0.922104,-0.947292,0.0,0,0,0,1,-1
1076,0.001076000,-0.922128,-0.938916,0.0,0,0,0,1,-1
1077,0.001077000,-0.922152,-0.930528,0.0,0,0,0,1,-1
1078,0.001078000,-0.922176,-0.92214,0.0,0,0,0,1,-1
1079,0.001079000,-0.9222,-0.913764,0.0,0,0,0,1,-1
1080,0.001080000,-0.922224,-0.905376,0.0,0,0,0,1,-1
1081,0.001081000,-0.922248,-0.896988,0.0,0,0,0,1,-1
1082,0.001082000,-0.922272,-0.888612,5.0,1,0,0,1,4
1083,0.001083000,-0.922296,-0.880224,0.0,0,0,0,1,-1
1084,0.001084000,-0.92232,-0.871836,0.0,0,0,0,1,-1
1085,0.001085000,-0.922344,-0.863448,0.0,0,0,0,1,-1
1086,0.001086000,-0.922356,-0.855072,0.0,0,0,0,1,-1
1087,0.001087000,-0.92238,-0.846684,0.0,0,0,0,1,-1
1088,0.001088000,-0.922404,-0.838296,0.0,0,0,0,1,-1
1089,0.001089000,-0.922428,-0.82992,0.0,0,0,0,1,-1
1090,0.001090000,-0.922452,-0.821532,0.0,0,0,0,1,-1
1091,0.001091000,-0.922476,-0.813144,0.0,0,0,0,1,-1
1092,0.001092000,-0.9225,-0.804768,0.0,0,0,0,1,-1
1093,0.001093000,-0.922524,-0.79638,0.0,0,0,0,1,-1
1094,0.001094000,-0.922548,-0.787992,0.0,0,0,0,1,-1
1095,0.001095000,-0.922572,-0.779616,0.0,0,0,0,1,-1
1096,0.001096000,-0.922584,-0.771228,0.0,0,0,0,1,-1
1097,0.001097000,-0.922608,-0.76284,0.0,0,0,0,1,-1
1098,0.001098000,-0.922632,-0.754464,0.0,0,0,0,1,-1
1099,0.001099000,-0.922656,-0.746076,0.0,0,0,0,1,-1
1100,0.001100000,-0.92268,-0.737688,0.0,0,0,0,1,-1
1101,0.001101000,-0.922704,-0.729312,0.0,0,0,0,1,-1
1102,0.001102000,-0.922728,-0.720924,0.0,0,0,0,1,-1
1103,0.001103000,-0.922752,-0.712536,0.0,0,0,0,1,-1
1104,0.001104000,-0.922776,-0.70416,0.0,0,0,0,1,-1
1105,0.001105000,-0.9228,-0.695772,0.0,0,0,0,1,-1
1106,0.001106000,-0.922824,-0.687384,0.0,0,0,0,1,-1
1107,0.001107000,-0.922836,-0.679008,0.0,0,0,0,1,-1
1108,0.001108000,-0.92286,-0.67062,0.0,0,0,0,1,-1
1109,0.001109000,-0.922884,-0.662244,0.0,0,0,0,1,-1
1110,0.001110000,-0.922908,-0.653856,0.0,0,0,0,1,-1
1111,0.001111000,-0.922932,-0.645468,0.0,0,0,0,1,-1
1112,0.001112000,-0.922956,-0.637092,5.0,1,0,0,1,5
1113,0.001113000,-0.92298,-0.628704,0.0,0,0,0,1,-1
1114,0.001114000,-0.923004,-0.620316,0.0,0,0,0,1,-1
1115,0.001115000,-0.923028,-0.61194,0.0,0,0,0,1,-1
1116,0.001116000,-0.923052,-0.603552,0.0,0,0,0,1,-1
1117,0.001117000,-0.923064,-0.595164,0.0,0,0,0,1,-1
1118,0.001118000,-0.923088,-0.586788,0.0,0,0,0,1,-1
1119,0.001119000,-0.923112,-0.5784,0.0,0,0,0,1,-1
1120,0.001120000,-0.923136,-0.570024,0.0,0,0,0,1,-1
1121,0.001121000,-0.92316,-0.561636,0.0,0,0,0,1,-1
1122,0.001122000,-0.923184,-0.553248,0.0,0,0,0,1,-1
1123,0.001123000,-0.923208,-0.544872,0.0,0,0,0,1,-1
1124,0.001124000,-0.923232,-0.536484,0.0,0,0,0,1,-1
1125,0.001125000,-0.923256,-0.528108,0.0,0,0,0,1,-1
1126,0.001126000,-0.92328,-0.51972,0.0,0,0,0,1,-1
1127,0.001127000,-0.923304,-0.511332,0.0,0,0,0,1,-1
1128,0.001128000,-0.923316,-0.502956,0.0,0,0,0,1,-1
1129,0.001129000,-0.92334,-0.494568,0.0,0,0,0,1,-1
1130,0.001130000,-0.923364,-0.486192,0.0,0,0,0,1,-1
1131,0.001131000,-0.923388,-0.477804,0.0,0,0,0,1,-1
1132,0.001132000,-0.923412,-0.469416,0.0,0,0,0,1,-1
1133,0.001133000,-0.923436,-0.46104,0.0,0,0,0,1,-1
1134,0.001134000,-0.92346,-0.452652,0.0,0,0,0,1,-1
1135,0.001135000,-0.923484,-0.444276,0.0,0,0,0,1,-1
1136,0.001136000,-0.923508,-0.435888,0.0,0,0,0,1,-1
1137,0.001137000,-0.923532,-0.4275,0.0,0,0,0,1,-1
1138,0.001138000,-0.923556,-0.419124,0.0,0,0,0,1,-1
1139,0.001139000,-0.923568,-0.410736,0.0,0,0,0,1,-1
1140,0.001140000,-0.923592,-0.40236,0.0,0,0,0,1,-1
1141,0.001141000,-0.923616,-0.393972,0.0,0,0,0,1,-1
1142,0.001142000,-0.92364,-0.385584,5.0,1,0,0,1,6
1143,0.001143000,-0.923664,-0.377208,0.0,0,0,0,1,-1
1144,0.001144000,-0.923688,-0.36882,0.0,0,0,0,1,-1
1145,0.001145000,-0.923712,-0.360444,0.0,0,0,0,1,-1
1146,0.001146000,-0.923736,-0.352056,0.0,0,0,0,1,-1
1147,0.001147000,-0.92376,-0.34368,0.0,0,0,0,1,-1
1148,0.001148000,-0.923784,-0.335292,0.0,0,0,0,1,-1
1149,0.001149000,-0.923796,-0.326916,0.0,0,0,0,1,-1
1150,0.001150000,-0.92382,-0.318528,0.0,0,0,0,1,-1
1151,0.001151000,-0.923844,-0.31014,0.0,0,0,0,1,-1
1152,0.001152000,-0.923868,-0.301764,0.0,0,0,0,1,-1
1153,0.001153000,-0.923892,-0.293376,0.0,0,0,0,1,-1
1154,0.001154000,-0.923916,-0.285,0.0,0,0,0,1,-1
1155,0.001155000,-0.92394,-0.276612,0.0,0,0,0,1,-1
1156,0.001156000,-0.923964,-0.268236,0.0,0,0,0,1,-1
1157,0.001157000,-0.923988,-0.259848,0.0,0,0,0,1,-1
1158,0.001158000,-0.924012,-0.251472,0.0,0,0,0,1,-1
1159,0.001159000,-0.924036,-0.243084,0.0,0,0,0,1,-1
1160,0.001160000,-0.924048,-0.234696,0.0,0,0,0,1,-1
1161,0.001161000,-0.924072,-0.22632,0.0,0,0,0,1,-1
1162,0.001162000,-0.924096,-0.217932,0.0,0,0,0,1,-1
1163,0.001163000,-0.92412,-0.209556,0.0,0,0,0,1,-1
1164,0.001164000,-0.924144,-0.201168,0.0,0,0,0,1,-1
1165,0.001165000,-0.924168,-0.192792,0.0,0,0,0,1,-1
1166,0.001166000,-0.924192,-0.184404,0.0,0,0,0,1,-1
1167,0.001167000,-0.924216,-0.176028,0.0,0,0,0,1,-1
1168,0.001168000,-0.92424,-0.16764,0.0,0,0,0,1,-1
1169,0.001169000,-0.924264,-0.159264,0.0,0,0,0,1,-1
1170,0.001170000,-0.924276,-0.150876,0.0,0,0,0,1,-1
1171,0.001171000,-0.9243,-0.1425,0.0,0,0,0,1,-1
1172,0.001172000,-0.924324,-0.134112,5.0,1,0,0,1,7
1173,0.001173000,-0.924348,-0.125736,0.0,0,0,0,1,-1
1174,0.001174000,-0.924372,-0.117348,0.0,0,0,0,1,-1
1175,0.001175000,-0.924396,-0.108966,0.0,0,0,0,1,-1
1176,0.001176000,-0.92442,-0.100584,0.0,0,0,0,1,-1
1177,0.001177000,-0.924444,-0.092202,0.0,0,0,0,1,-1
1178,0.001178000,-0.924468,-0.08382,0.0,0,0,0,1,-1
1179,0.001179000,-0.924492,-0.075438,0.0,0,0,0,1,-1
1180,0.001180000,-0.924516,-0.067056,0.0,0,0,0,1,-1
1181,0.001181000,-0.924528,-0.058674,0.0,0,0,0,1,-1
1182,0.001182000,-0.924552,-0.050292,0.0,0,0,0,1,-1
1183,0.001183000,-0.924576,-0.04191,0.0,0,0,0,1,-1
1184,0.001184000,-0.9246,-0.033528,0.0,0,0,0,1,-1
1185,0.001185000,-0.924624,-0.025146,0.0,0,0,0,1,-1
1186,0.001186000,-0.924648,-0.016764,0.0,0,0,0,1,-1
1187,0.001187000,-0.924672,-0.00838188,0.0,0,0,0,1,-1
1188,0.001188000,-0.924696,0.0,0.0,0,0,0,1,-1
1189,0.001189000,-0.92472,0.00838188,0.0,0,0,0,1,-1
1190,0.001190000,-0.924744,0.016764,0.0,0,0,0,1,-1
1191,0.001191000,-0.924756,0.025146,0.0,0,0,0,1,-1
1192,0.001192000,-0.92478,0.0335268,0.0,0,0,0,1,-1
1193,0.001193000,-0.924804,0.0419088,0.0,0,0,0,1,-1
1194,0.001194000,-0.924828,0.0502908,0.0,0,0,0,1,-1
1195,0.001195000,-0.924852,0.0586728,0.0,0,0,0,1,-1
1196,0.001196000,-0.924876,0.0670536,0.0,0,0,0,1,-1
1197,0.001197000,-0.9249,0.0754356,0.0,0,0,0,1,-1
1198,0.001198000,-0.924924,0.0838176,0.0,0,0,0,1,-1
1199,0.001199000,-0.924948,0.0921996,0.0,0,0,0,1,-1
1200,0.001200000,-0.924972,0.1005804,0.0,0,0,0,1,-1
1201,0.001201000,-0.924996,0.1089624,0.0,0,0,0,1,-1
1202,0.001202000,-0.925008,0.1173444,5.0,1,0,0,1,8
1203,0.001203000,-0.925032,0.125724,0.0,0,0,0,1,-1
1204,0.001204000,-0.925056,0.134112,0.0,0,0,0,1,-1
1205,0.001205000,-0.92508,0.142488,0.0,0,0,0,1,-1
1206,0.001206000,-0.925104,0.150864,0.0,0,0,0,1,-1
1207,0.001207000,-0.925128,0.159252,0.0,0,0,0,1,-1
1208,0.001208000,-0.925152,0.167628,0.0,0,0,0,1,-1
1209,0.001209000,-0.925176,0.176016,0.0,0,0,0,1,-1
1210,0.001210000,-0.9252,0.184392,0.0,0,0,0,1,-1
1211,0.001211000,-0.925224,0.19278,0.0,0,0,0,1,-1
1212,0.001212000,-0.925236,0.201156,0.0,0,0,0,1,-1
1213,0.001213000,-0.92526,0.209544,0.0,0,0,0,1,-1
1214,0.001214000,-0.925284,0.21792,0.0,0,0,0,1,-1
1215,0.001215000,-0.925308,0.226296,0.0,0,0,0,1,-1
1216,0.001216000,-0.925332,0.234684,0.0,0,0,0,1,-1
1217,0.001217000,-0.925356,0.24306,0.0,0,0,0,1,-1
1218,0.001218000,-0.92538,0.251448,0.0,0,0,0,1,-1
1219,0.001219000,-0.925404,0.259824,0.0,0,0,0,1,-1
1220,0.001220000,-0.925428,0.268212,0.0,0,0,0,1,-1
1221,0.001221000,-0.925452,0.276588,0.0,0,0,0,1,-1
1222,0.001222000,-0.925476,0.284964,0.0,0,0,0,1,-1
1223,0.001223000,-0.925488,0.293352,0.0,0,0,0,1,-1
1224,0.001224000,-0.925512,0.301728,0.0,0,0,0,1,-1
1225,0.001225000,-0.925536,0.310116,0.0,0,0,0,1,-1
1226,0.001226000,-0.92556,0.318492,0.0,0,0,0,1,-1
1227,0.001227000,-0.925584,0.32688,0.0,0,0,0,1,-1
1228,0.001228000,-0.925608,0.335256,0.0,0,0,0,1,-1
1229,0.001229000,-0.925632,0.343632,0.0,0,0,0,1,-1
1230,0.001230000,-0.925656,0.35202,0.0,0,0,0,1,-1
1231,0.001231000,-0.92568,0.360396,0.0,0,0,0,1,-1
1232,0.001232000,-0.925704,0.368784,5.0,1,0,0,1,9
1233,0.001233000,-0.925716,0.37716,0.0,0,0,0,1,-1
1234,0.001234000,-0.92574,0.385536,0.0,0,0,0,1,-1
1235,0.001235000,-0.925764,0.393924,0.0,0,0,0,1,-1
1236,0.001236000,-0.925788,0.4023,0.0,0,0,0,1,-1
1237,0.001237000,-0.925812,0.410688,0.0,0,0,0,1,-1
1238,0.001238000,-0.925836,0.419064,0.0,0,0,0,1,-1
1239,0.001239000,-0.92586,0.42744,0.0,0,0,0,1,-1
1240,0.001240000,-0.925884,0.435828,0.0,0,0,0,1,-1
1241,0.001241000,-0.925908,0.444204,0.0,0,0,0,1,-1
1242,0.001242000,-0.925932,0.452592,0.0,0,0,0,1,-1
1243,0.001243000,-0.925956,0.460968,0.0,0,0,0,1,-1
1244,0.001244000,-0.925968,0.469344,0.0,0,0,0,1,-1
1245,0.001245000,-0.925992,0.477732,0.0,0,0,0,1,-1
1246,0.001246000,-0.926016,0.486108,0.0,0,0,0,1,-1
1247,0.001247000,-0.92604,0.494484,0.0,0,0,0,1,-1
1248,0.001248000,-0.926064,0.502872,0.0,0,0,0,1,-1
1249,0.001249000,-0.926088,0.511248,0.0,0,0,0,1,-1
1250,0.001250000,-0.926112,0.519636,0.0,0,0,0,1,-1
1251,0.001251000,-0.926136,0.528012,0.0,0,0,0,1,-1
1252,0.001252000,-0.92616,0.536388,0.0,0,0,0,1,-1
1253,0.001253000,-0.926184,0.544776,0.0,0,0,0,1,-1
1254,0.001254000,-0.926196,0.553152,0.0,0,0,0,1,-1
1255,0.001255000,-0.92622,0.561528,0.0,0,0,0,1,-1
1256,0.001256000,-0.926244,0.569916,0.0,0,0,0,1,-1
1257,0.001257000,-0.926268,0.578292,0.0,0,0,0,1,-1
1258,0.001258000,-0.926292,0.58668,0.0,0,0,0,1,-1
1259,0.001259000,-0.926316,0.595056,0.0,0,0,0,1,-1
1260,0.001260000,-0.92634,0.603432,0.0,0,0,0,1,-1
1261,0.001261000,-0.926364,0.61182,0.0,0,0,0,1,-1
1262,0.001262000,-0.926388,0.620196,5.0,1,0,0,1,10
1263,0.001263000,-0.926412,0.628572,0.0,0,0,0,1,-1
1264,0.001264000,-0.926436,0.63696,0.0,0,0,0,1,-1
1265,0.001265000,-0.926448,0.645336,0.0,0,0,0,1,-1
1266,0.001266000,-0.926472,0.653712,0.0,0,0,0,1,-1
1267,0.001267000,-0.926496,0.6621,0.0,0,0,0,1,-1
1268,0.001268000,-0.92652,0.670476,0.0,0,0,0,1,-1
1269,0.001269000,-0.926544,0.678852,0.0,0,0,0,1,-1
1270,0.001270000,-0.926568,0.68724,0.0,0,0,0,1,-1
1271,0.001271000,-0.926592,0.695616,0.0,0,0,0,1,-1
1272,0.001272000,-0.926616,0.703992,0.0,0,0,0,1,-1
1273,0.001273000,-0.92664,0.71238,0.0,0,0,0,1,-1
1274,0.001274000,-0.926664,0.720756,0.0,0,0,0,1,-1
1275,0.001275000,-0.926676,0.729132,0.0,0,0,0,1,-1
1276,0.001276000,-0.9267,0.73752,0.0,0,0,0,1,-1
1277,0.001277000,-0.926724,0.745896,0.0,0,0,0,1,-1
1278,0.001278000,-0.926748,0.754272,0.0,0,0,0,1,-1
1279,0.001279000,-0.926772,0.76266,0.0,0,0,0,1,-1
1280,0.001280000,-0.926796,0.771036,0.0,0,0,0,1,-1
1281,0.001281000,-0.92682,0.779412,0.0,0,0,0,1,-1
1282,0.001282000,-0.926844,0.787788,0.0,0,0,0,1,-1
1283,0.001283000,-0.926868,0.796176,0.0,0,0,0,1,-1
1284,0.001284000,-0.926892,0.804552,0.0,0,0,0,1,-1
1285,0.001285000,-0.926916,0.812928,0.0,0,0,0,1,-1
1286,0.001286000,-0.926928,0.821316,0.0,0,0,0,1,-1
1287,0.001287000,-0.926952,0.829692,0.0,0,0,0,1,-1
1288,0.001288000,-0.926976,0.838068,0.0,0,0,0,1,-1
1289,0.001289000,-0.927,0.846456,0.0,0,0,0,1,-1
1290,0.001290000,-0.927024,0.854832,0.0,0,0,0,1,-1
1291,0.001291000,-0.927048,0.863208,0.0,0,0,0,1,-1
1292,0.001292000,-0.927072,0.871584,5.0,1,0,0,1,11
1293,0.001293000,-0.927096,0.879972,0.0,0,0,0,1,-1
1294,0.001294000,-0.92712,0.888348,0.0,0,0,0,1,-1
1295,0.001295000,-0.927144,0.896724,0.0,0,0,0,1,-1
1296,0.001296000,-0.927156,0.905112,0.0,0,0,0,1,-1
1297,0.001297000,-0.92718,0.913488,0.0,0,0,0,1,-1
1298,0.001298000,-0.927204,0.921864,0.0,0,0,0,1,-1
1299,0.001299000,-0.927228,0.93024,0.0,0,0,0,1,-1
1300,0.001300000,-0.927252,0.938628,0.0,0,0,0,1,-1
1301,0.001301000,-0.927276,0.947004,0.0,0,0,0,1,-1
1302,0.001302000,-0.9273,0.95538,0.0,0,0,0,1,-1
1303,0.001303000,-0.927324,0.963768,0.0,0,0,0,1,-1
1304,0.001304000,-0.927348,0.972144,0.0,0,0,0,1,-1
1305,0.001305000,-0.927372,0.98052,0.0,0,0,0,1,-1
1306,0.001306000,-0.927396,0.988896,0.0,0,0,0,1,-1
1307,0.001307000,-0.927408,0.997284,0.0,0,0,0,1,-1
1308,0.001308000,-0.927432,1.00566,0.0,0,0,0,1,-1
1309,0.001309000,-0.927456,1.014036,0.0,0,0,0,1,-1
1310,0.001310000,-0.92748,1.022412,0.0,0,0,0,1,-1
1311,0.001311000,-0.927504,1.0308,0.0,0,0,0,1,-1
1312,0.001312000,-0.927528,1.039176,0.0,0,0,0,1,-1
1313,0.001313000,-0.927552,1.047552,0.0,0,0,0,1,-1
1314,0.001314000,-0.927576,1.055928,0.0,0,0,0,1,-1
1315,0.001315000,-0.9276,1.064316,0.0,0,0,0,1,-1
1316,0.001316000,-0.927624,1.072692,0.0,0,0,0,1,-1
1317,0.001317000,-0.927636,1.081068,0.0,0,0,0,1,-1
1318,0.001318000,-0.92766,1.089444,0.0,0,0,0,1,-1
1319,0.001319000,-0.927684,1.097832,0.0,0,0,0,1,-1
1320,0.001320000,-0.927708,1.106208,0.0,0,0,0,1,-1
1321,0.001321000,-0.927732,1.114584,0.0,0,0,0,1,-1
1322,0.001322000,-0.927756,1.12296,5.0,1,0,0,1,12
1323,0.001323000,-0.92778,1.131348,0.0,0,0,0,1,-1
1324,0.001324000,-0.927804,1.139724,0.0,0,0,0,1,-1
1325,0.001325000,-0.927828,1.1481,0.0,0,0,0,1,-1
1326,0.001326000,-0.927852,1.156476,0.0,0,0,0,1,-1
1327,0.001327000,-0.927876,1.164852,0.0,0,0,0,1,-1
1328,0.001328000,-0.927888,1.17324,0.0,0,0,0,1,-1
1329,0.001329000,-0.927912,1.181616,0.0,0,0,0,1,-1
1330,0.001330000,-0.927936,1.189992,0.0,0,0,0,1,-1
1331,0.001331000,-0.92796,1.198368,0.0,0,0,0,1,-1
1332,0.001332000,-0.927984,1.20672,0.0,0,0,0,1,-1
1333,0.001333000,-0.928008,1.21512,0.0,0,0,0,1,-1
1334,0.001334000,-0.928032,1.22352,0.0,0,0,0,1,-1
1335,0.001335000,-0.928056,1.23192,0.0,0,0,0,1,-1
1336,0.001336000,-0.92808,1.24032,0.0,0,0,0,1,-1
1337,0.001337000,-0.928104,1.2486,0.0,0,0,0,1,-1
1338,0.001338000,-0.928116,1.257,0.0,0,0,0,1,-1
1339,0.001339000,-0.92814,1.2654,0.0,0,0,0,1,-1
1340,0.001340000,-0.928164,1.2738,0.0,0,0,0,1,-1
1341,0.001341000,-0.928188,1.2822,0.0,0,0,0,1,-1
1342,0.001342000,-0.928212,1.29048,0.0,0,0,0,1,-1
1343,0.001343000,-0.928236,1.29888,0.0,0,0,0,1,-1
1344,0.001344000,-0.92826,1.30728,0.0,0,0,0,1,-1
1345,0.001345000,-0.928284,1.31568,0.0,0,0,0,1,-1
1346,0.001346000,-0.928308,1.32408,0.0,0,0,0,1,-1
1347,0.001347000,-0.928332,1.33248,0.0,0,0,0,1,-1
1348,0.001348000,-0.928356,1.34076,0.0,0,0,0,1,-1
1349,0.001349000,-0.928368,1.34916,0.0,0,0,0,1,-1
1350,0.001350000,-0.928392,1.35756,0.0,0,0,0,1,-1
1351,0.001351000,-0.928416,1.36596,0.0,0,0,0,1,-1
1352,0.001352000,-0.92844,1.37436,5.0,1,0,0,1,13
1353,0.001353000,-0.928464,1.38264,0.0,0,0,0,1,-1
1354,0.001354000,-0.928488,1.39104,0.0,0,0,0,1,-1
1355,0.001355000,-0.928512,1.39944,0.0,0,0,0,1,-1
1356,0.001356000,-0.928536,1.40784,0.0,0,0,0,1,-1
1357,0.001357000,-0.92856,1.41624,0.0,0,0,0,1,-1
1358,0.001358000,-0.928584,1.42464,0.0,0,0,0,1,-1
1359,0.001359000,-0.928596,1.43292,0.0,0,0,0,1,-1
1360,0.001360000,-0.92862,1.44132,0.0,0,0,0,1,-1
1361,0.001361000,-0.928644,1.44972,0.0,0,0,0,1,-1
1362,0.001362000,-0.928668,1.45812,0.0,0,0,0,1,-1
1363,0.001363000,-0.928692,1.46652,0.0,0,0,0,1,-1
1364,0.001364000,-0.928716,1.4748,0.0,0,0,0,1,-1
1365,0.001365000,-0.92874,1.4832,0.0,0,0,0,1,-1
1366,0.001366000,-0.928764,1.4916,0.0,0,0,0,1,-1
1367,0.001367000,-0.928788,1.5,0.0,0,0,0,1,-1
1368,0.001368000,-0.928812,1.5084,0.0,0,0,0,1,-1
1369,0.001369000,-0.928836,1.5168,0.0,0,0,0,1,-1
1370,0.001370000,-0.928848,1.52508,0.0,0,0,0,1,-1
1371,0.001371000,-0.928872,1.53348,0.0,0,0,0,1,-1
1372,0.001372000,-0.928896,1.54188,0.0,0,0,0,1,-1
1373,0.001373000,-0.92892,1.55028,0.0,0,0,0,1,-1
1374,0.001374000,-0.928944,1.55868,0.0,0,0,0,1,-1
1375,0.001375000,-0.928968,1.56696,0.0,0,0,0,1,-1
1376,0.001376000,-0.928992,1.57536,0.0,0,0,0,1,-1
1377,0.001377000,-0.929016,1.58376,0.0,0,0,0,1,-1
1378,0.001378000,-0.92904,1.59216,0.0,0,0,0,1,-1
1379,0.001379000,-0.929064,1.60056,0.0,0,0,0,1,-1
1380,0.001380000,-0.929076,1.60884,0.0,0,0,0,1,-1
1381,0.001381000,-0.9291,1.61724,0.0,0,0,0,1,-1
1382,0.001382000,-0.929124,1.62564,5.0,1,0,0,1,14
1383,0.001383000,-0.929148,1.63404,0.0,0,0,0,1,-1
1384,0.001384000,-0.929172,1.64244,0.0,0,0,0,1,-1
1385,0.001385000,-0.929196,1.65084,0.0,0,0,0,1,-1
1386,0.001386000,-0.92922,1.65912,0.0,0,0,0,1,-1
1387,0.001387000,-0.929244,1.66752,0.0,0,0,0,1,-1
1388,0.001388000,-0.929268,1.67592,0.0,0,0,0,1,-1
1389,0.001389000,-0.929292,1.68432,0.0,0,0,0,1,-1
1390,0.001390000,-0.929316,1.69272,0.0,0,0,0,1,-1
1391,0.001391000,-0.929328,1.701,0.0,0,0,0,1,-1
1392,0.001392000,-0.929352,1.7094,0.0,0,0,0,1,-1
1393,0.001393000,-0.929376,1.7178,0.0,0,0,0,1,-1
1394,0.001394000,-0.9294,1.7262,0.0,0,0,0,1,-1
1395,0.001395000,-0.929424,1.7346,0.0,0,0,0,1,-1
1396,0.001396000,-0.929448,1.74288,0.0,0,0,0,1,-1
1397,0.001397000,-0.929472,1.75128,0.0,0,0,0,1,-1
1398,0.001398000,-0.929496,1.75968,0.0,0,0,0,1,-1
1399,0.001399000,-0.92952,1.76808,0.0,0,0,0,1,-1
1400,0.001400000,-0.929544,1.77648,0.0,0,0,0,1,-1
1401,0.001401000,-0.929556,1.78476,0.0,0,0,0,1,-1
1402,0.001402000,-0.92958,1.79316,0.0,0,0,0,1,-1
1403,0.001403000,-0.929604,1.80156,0.0,0,0,0,1,-1
1404,0.001404000,-0.929628,1.80996,0.0,0,0,0,1,-1
1405,0.001405000,-0.929652,1.81836,0.0,0,0,0,1,-1
1406,0.001406000,-0.929676,1.82676,0.0,0,0,0,1,-1
1407,0.001407000,-0.9297,1.83504,0.0,0,0,0,1,-1
1408,0.001408000,-0.929724,1.84344,0.0,0,0,0,1,-1
1409,0.001409000,-0.929748,1.85184,0.0,0,0,0,1,-1
1410,0.001410000,-0.929772,1.86024,0.0,0,0,0,1,-1
1411,0.001411000,-0.929784,1.86864,0.0,0,0,0,1,-1
1412,0.001412000,-0.929808,1.87692,5.0,1,1,0,1,15
1413,0.001413000,-0.929832,1.88532,0.0,0,0,0,-1,-1
1414,0.001414000,-0.929856,1.89372,0.0,0,0,0,-1,-1
1415,0.001415000,-0.92988,1.90212,0.0,0,0,0,-1,-1
1416,0.001416000,-0.929904,1.91052,0.0,0,0,0,-1,-1
1417,0.001417000,-0.924672,1.91772,0.0,0,0,0,-1,-1
1418,0.001418000,-0.924696,1.92612,0.0,0,0,0,-1,-1
1419,0.001419000,-0.92472,1.93452,0.0,0,0,0,-1,-1
1420,0.001420000,-0.9195,1.94172,0.0,0,0,0,-1,-1
1421,0.001421000,-0.919524,1.95012,0.0,0,0,0,-1,-1
1422,0.001422000,-0.914304,1.95732,0.0,0,0,0,-1,-1
1423,0.001423000,-0.909096,1.96452,0.0,0,0,0,-1,-1
1424,0.001424000,-0.9039,1.97184,0.0,0,0,0,-1,-1
1425,0.001425000,-0.898704,1.97904,0.0,0,0,0,-1,-1
1426,0.001426000,-0.893508,1.98624,0.0,0,0,0,-1,-1
1427,0.001427000,-0.8883,1.98504,0.0,0,0,0,-1,-1
1428,0.001428000,-0.883116,1.99224,0.0,0,0,0,-1,-1
1429,0.001429000,-0.87792,1.99116,0.0,0,0,0,-1,-1
1430,0.001430000,-0.872736,1.98996,0.0,0,0,0,-1,-1
1431,0.001431000,-0.867576,1.99716,0.0,0,0,0,-1,-1
1432,0.001432000,-0.862392,1.99596,0.0,0,0,0,-1,-1
1433,0.001433000,-0.85722,1.99488,0.0,0,0,0,-1,-1
1434,0.001434000,-0.85206,1.99368,0.0,0,0,0,-1,-1
1435,0.001435000,-0.8469,1.9926,0.0,0,0,0,-1,-1
1436,0.001436000,-0.84174,1.9914,0.0,0,0,0,-1,-1
1437,0.001437000,-0.836592,1.99032,0.0,0,0,0,-1,-1
1438,0.001438000,-0.831432,1.98084,0.0,0,0,0,-1,-1
1439,0.001439000,-0.826296,1.97976,0.0,0,0,0,-1,-1
1440,0.001440000,-0.82116,1.97868,0.0,0,0,0,-1,-1
1441,0.001441000,-0.816012,1.9692,0.0,0,0,0,-1,-1
1442,0.001442000,-0.810888,1.96812,0.0,0,0,0,-1,-1
1443,0.001443000,-0.805752,1.95876,0.0,0,0,0,-1,-1
1444,0.001444000,-0.800628,1.9494,0.0,0,0,0,-1,-1
1445,0.001445000,-0.795504,1.94004,0.0,0,0,0,-1,-1
1446,0.001446000,-0.79038,1.93068,0.0,0,0,0,-1,-1
1447,0.001447000,-0.785268,1.92132,0.0,0,0,0,-1,-1
1448,0.001448000,-0.785244,1.91304,0.0,0,0,0,-1,-1
1449,0.001449000,-0.780144,1.90368,0.0,0,0,0,-1,-1
1450,0.001450000,-0.78012,1.89552,0.0,0,0,0,-1,-1
1451,0.001451000,-0.780096,1.88724,0.0,0,0,0,-1,-1
1452,0.001452000,-0.774996,1.878,0.0,0,0,0,-1,-1
1453,0.001453000,-0.774972,1.86972,0.0,0,0,0,-1,-1
1454,0.001454000,-0.774948,1.86144,0.0,0,0,0,-1,-1
1455,0.001455000,-0.774924,1.85328,0.0,0,0,0,-1,-1
1456,0.001456000,-0.7749,1.845,5.0,1,0,0,2,0
1457,0.001457000,-0.774876,1.83684,0.0,0,0,0,2,-1
1458,0.001458000,-0.774864,1.82856,0.0,0,0,0,2,-1
1459,0.001459000,-0.77484,1.82028,0.0,0,0,0,2,-1
1460,0.001460000,-0.774816,1.81212,0.0,0,0,0,2,-1
1461,0.001461000,-0.774792,1.80384,0.0,0,0,0,2,-1
1462,0.001462000,-0.774768,1.79556,0.0,0,0,0,2,-1
1463,0.001463000,-0.774744,1.7874,0.0,0,0,0,2,-1
1464,0.001464000,-0.77472,1.77912,0.0,0,0,0,2,-1
1465,0.001465000,-0.774696,1.77096,0.0,0,0,0,2,-1
1466,0.001466000,-0.774672,1.76268,0.0,0,0,0,2,-1
1467,0.001467000,-0.77466,1.7544,0.0,0,0,0,2,-1
1468,0.001468000,-0.774636,1.74624,0.0,0,0,0,2,-1
1469,0.001469000,-0.774612,1.73796,0.0,0,0,0,2,-1
1470,0.001470000,-0.774588,1.72968,0.0,0,0,0,2,-1
1471,0.001471000,-0.774564,1.72152,0.0,0,0,0,2,-1
1472,0.001472000,-0.77454,1.71324,0.0,0,0,0,2,-1
1473,0.001473000,-0.774516,1.70508,0.0,0,0,0,2,-1
1474,0.001474000,-0.774492,1.6968,0.0,0,0,0,2,-1
1475,0.001475000,-0.774468,1.68852,0.0,0,0,0,2,-1
1476,0.001476000,-0.774456,1.68036,0.0,0,0,0,2,-1
1477,0.001477000,-0.774432,1.67208,0.0,0,0,0,2,-1
1478,0.001478000,-0.774408,1.6638,0.0,0,0,0,2,-1
1479,0.001479000,-0.774384,1.65564,0.0,0,0,0,2,-1
1480,0.001480000,-0.77436,1.64736,0.0,0,0,0,2,-1
1481,0.001481000,-0.774336,1.6392,0.0,0,0,0,2,-1
1482,0.001482000,-0.774312,1.63092,0.0,0,0,0,2,-1
1483,0.001483000,-0.774288,1.62264,0.0,0,0,0,2,-1
1484,0.001484000,-0.774264,1.61448,0.0,0,0,0,2,-1
1485,0.001485000,-0.774252,1.6062,0.0,0,0,0,2,-1
1486,0.001486000,-0.774228,1.59792,5.0,1,0,0,2,1
1487,0.001487000,-0.774204,1.58976,0.0,0,0,0,2,-1
1488,0.001488000,-0.77418,1.58148,0.0,0,0,0,2,-1
1489,0.001489000,-0.774156,1.57332,0.0,0,0,0,2,-1
1490,0.001490000,-0.774132,1.56504,0.0,0,0,0,2,-1
1491,0.001491000,-0.774108,1.55676,0.0,0,0,0,2,-1
1492,0.001492000,-0.774084,1.5486,0.0,0,0,0,2,-1
1493,0.001493000,-0.77406,1.54032,0.0,0,0,0,2,-1
1494,0.001494000,-0.774048,1.53204,0.0,0,0,0,2,-1
1495,0.001495000,-0.774024,1.52388,0.0,0,0,0,2,-1
1496,0.001496000,-0.774,1.5156,0.0,0,0,0,2,-1
1497,0.001497000,-0.773976,1.50744,0.0,0,0,0,2,-1
1498,0.001498000,-0.773952,1.49916,0.0,0,0,0,2,-1
1499,0.001499000,-0.773928,1.49088,0.0,0,0,0,2,-1
1500,0.001500000,-0.773904,1.48272,0.0,0,0,0,2,-1
1501,0.001501000,-0.77388,1.47444,0.0,0,0,0,2,-1
1502,0.001502000,-0.773856,1.46616,0.0,0,0,0,2,-1
1503,0.001503000,-0.773844,1.458,0.0,0,0,0,2,-1
1504,0.001504000,-0.77382,1.44972,0.0,0,0,0,2,-1
1505,0.001505000,-0.773796,1.44156,0.0,0,0,0,2,-1
1506,0.001506000,-0.773772,1.43328,0.0,0,0,0,2,-1
1507,0.001507000,-0.773748,1.425,0.0,0,0,0,2,-1
1508,0.001508000,-0.773724,1.41684,0.0,0,0,0,2,-1
1509,0.001509000,-0.7737,1.40856,0.0,0,0,0,2,-1
1510,0.001510000,-0.773676,1.40028,0.0,0,0,0,2,-1
1511,0.001511000,-0.773652,1.39212,0.0,0,0,0,2,-1
1512,0.001512000,-0.77364,1.38384,0.0,0,0,0,2,-1
1513,0.001513000,-0.773616,1.37568,0.0,0,0,0,2,-1
1514,0.001514000,-0.773592,1.3674,0.0,0,0,0,2,-1
1515,0.001515000,-0.773568,1.35912,0.0,0,0,0,2,-1
1516,0.001516000,-0.773544,1.35096,5.0,1,0,0,2,2
1517,0.001517000,-0.77352,1.34268,0.0,0,0,0,2,-1
1518,0.001518000,-0.773496,1.3344,0.0,0,0,0,2,-1
1519,0.001519000,-0.773472,1.32624,0.0,0,0,0,2,-1
1520,0.001520000,-0.773448,1.31796,0.0,0,0,0,2,-1
1521,0.001521000,-0.773436,1.3098,0.0,0,0,0,2,-1
1522,0.001522000,-0.773412,1.30152,0.0,0,0,0,2,-1
1523,0.001523000,-0.773388,1.29324,0.0,0,0,0,2,-1
1524,0.001524000,-0.773364,1.28508,0.0,0,0,0,2,-1
1525,0.001525000,-0.77334,1.2768,0.0,0,0,0,2,-1
1526,0.001526000,-0.773316,1.26852,0.0,0,0,0,2,-1
1527,0.001527000,-0.773292,1.26036,0.0,0,0,0,2,-1
1528,0.001528000,-0.773268,1.25208,0.0,0,0,0,2,-1
1529,0.001529000,-0.773244,1.2438,0.0,0,0,0,2,-1
1530,0.001530000,-0.773232,1.23564,0.0,0,0,0,2,-1
1531,0.001531000,-0.773208,1.22736,0.0,0,0,0,2,-1
1532,0.001532000,-0.773184,1.2192,0.0,0,0,0,2,-1
1533,0.001533000,-0.77316,1.21092,0.0,0,0,0,2,-1
1534,0.001534000,-0.773136,1.20264,0.0,0,0,0,2,-1
1535,0.001535000,-0.773112,1.194444,0.0,0,0,0,2,-1
1536,0.001536000,-0.773088,1.186212,0.0,0,0,0,2,-1
1537,0.001537000,-0.773064,1.177968,0.0,0,0,0,2,-1
1538,0.001538000,-0.77304,1.169736,0.0,0,0,0,2,-1
1539,0.001539000,-0.773028,1.161504,0.0,0,0,0,2,-1
1540,0.001540000,-0.773004,1.15326,0.0,0,0,0,2,-1
1541,0.001541000,-0.77298,1.145028,0.0,0,0,0,2,-1
1542,0.001542000,-0.772956,1.136796,0.0,0,0,0,2,-1
1543,0.001543000,-0.772932,1.128552,0.0,0,0,0,2,-1
1544,0.001544000,-0.772908,1.12032,0.0,0,0,0,2,-1
1545,0.001545000,-0.772884,1.112088,0.0,0,0,0,2,-1
1546,0.001546000,-0.77286,1.103844,5.0,1,0,0,2,3
1547,0.001547000,-0.772836,1.095612,0.0,0,0,0,2,-1
1548,0.001548000,-0.772824,1.08738,0.0,0,0,0,2,-1
1549,0.001549000,-0.7728,1.079136,0.0,0,0,0,2,-1
1550,0.001550000,-0.772776,1.070904,0.0,0,0,0,2,-1
1551,0.001551000,-0.772752,1.062672,0.0,0,0,0,2,-1
1552,0.001552000,-0.772728,1.054428,0.0,0,0,0,2,-1
1553,0.001553000,-0.772704,1.046196,0.0,0,0,0,2,-1
1554,0.001554000,-0.77268,1.037952,0.0,0,0,0,2,-1
1555,0.001555000,-0.772656,1.02972,0.0,0,0,0,2,-1
1556,0.001556000,-0.772632,1.021488,0.0,0,0,0,2,-1
1557,0.001557000,-0.77262,1.013244,0.0,0,0,0,2,-1
1558,0.001558000,-0.772596,1.005012,0.0,0,0,0,2,-1
1559,0.001559000,-0.772572,0.99678,0.0,0,0,0,2,-1
1560,0.001560000,-0.772548,0.988536,0.0,0,0,0,2,-1
1561,0.001561000,-0.772524,0.980304,0.0,0,0,0,2,-1
1562,0.001562000,-0.7725,0.972072,0.0,0,0,0,2,-1
1563,0.001563000,-0.772476,0.963828,0.0,0,0,0,2,-1
1564,0.001564000,-0.772452,0.955596,0.0,0,0,0,2,-1
1565,0.001565000,-0.772428,0.947352,0.0,0,0,0,2,-1
1566,0.001566000,-0.772416,0.93912,0.0,0,0,0,2,-1
1567,0.001567000,-0.772392,0.930888,0.0,0,0,0,2,-1
1568,0.001568000,-0.772368,0.922644,0.0,0,0,0,2,-1
1569,0.001569000,-0.772344,0.914412,0.0,0,0,0,2,-1
1570,0.001570000,-0.77232,0.906168,0.0,0,0,0,2,-1
1571,0.001571000,-0.772296,0.897936,0.0,0,0,0,2,-1
1572,0.001572000,-0.772272,0.889704,0.0,0,0,0,2,-1
1573,0.001573000,-0.772248,0.88146,0.0,0,0,0,2,-1
1574,0.001574000,-0.772224,0.873228,0.0,0,0,0,2,-1
1575,0.001575000,-0.772212,0.864984,0.0,0,0,0,2,-1
1576,0.001576000,-0.772188,0.856752,5.0,1,0,0,2,4
1577,0.001577000,-0.772164,0.84852,0.0,0,0,0,2,-1
1578,0.001578000,-0.77214,0.840276,0.0,0,0,0,2,-1
1579,0.001579000,-0.772116,0.832044,0.0,0,0,0,2,-1
1580,0.001580000,-0.772092,0.8238,0.0,0,0,0,2,-1
1581,0.001581000,-0.772068,0.815568,0.0,0,0,0,2,-1
1582,0.001582000,-0.772044,0.807336,0.0,0,0,0,2,-1
1583,0.001583000,-0.77202,0.799092,0.0,0,0,0,2,-1
1584,0.001584000,-0.772008,0.79086,0.0,0,0,0,2,-1
1585,0.001585000,-0.771984,0.782616,0.0,0,0,0,2,-1
1586,0.001586000,-0.77196,0.774384,0.0,0,0,0,2,-1
1587,0.001587000,-0.771936,0.76614,0.0,0,0,0,2,-1
1588,0.001588000,-0.771912,0.757908,0.0,0,0,0,2,-1
1589,0.001589000,-0.771888,0.749676,0.0,0,0,0,2,-1
1590,0.001590000,-0.771864,0.741432,0.0,0,0,0,2,-1
1591,0.001591000,-0.77184,0.7332,0.0,0,0,0,2,-1
1592,0.001592000,-0.771816,0.724956,0.0,0,0,0,2,-1
1593,0.001593000,-0.771792,0.716724,0.0,0,0,0,2,-1
1594,0.001594000,-0.77178,0.70848,0.0,0,0,0,2,-1
1595,0.001595000,-0.771756,0.700248,0.0,0,0,0,2,-1
1596,0.001596000,-0.771732,0.692016,0.0,0,0,0,2,-1
1597,0.001597000,-0.771708,0.683772,0.0,0,0,0,2,-1
1598,0.001598000,-0.771684,0.67554,0.0,0,0,0,2,-1
1599,0.001599000,-0.77166,0.667296,0.0,0,0,0,2,-1
1600,0.001600000,-0.771636,0.659064,0.0,0,0,0,2,-1
1601,0.001601000,-0.771612,0.65082,0.0,0,0,0,2,-1
1602,0.001602000,-0.771588,0.642588,0.0,0,0,0,2,-1
1603,0.001603000,-0.771576,0.634344,0.0,0,0,0,2,-1
1604,0.001604000,-0.771552,0.626112,0.0,0,0,0,2,-1
1605,0.001605000,-0.771528,0.61788,0.0,0,0,0,2,-1
1606,0.001606000,-0.771504,0.609636,5.0,1,0,0,2,5
1607,0.001607000,-0.77148,0.601404,0.0,0,0,0,2,-1
1608,0.001608000,-0.771456,0.59316,0.0,0,0,0,2,-1
1609,0.001609000,-0.771432,0.584928,0.0,0,0,0,2,-1
1610,0.001610000,-0.771408,0.576684,0.0,0,0,0,2,-1
1611,0.001611000,-0.771384,0.568452,0.0,0,0,0,2,-1
1612,0.001612000,-0.771372,0.560208,0.0,0,0,0,2,-1
1613,0.001613000,-0.771348,0.551976,0.0,0,0,0,2,-1
1614,0.001614000,-0.771324,0.543732,0.0,0,0,0,2,-1
1615,0.001615000,-0.7713,0.5355,0.0,0,0,0,2,-1
1616,0.001616000,-0.771276,0.527256,0.0,0,0,0,2,-1
1617,0.001617000,-0.771252,0.519024,0.0,0,0,0,2,-1
1618,0.001618000,-0.771228,0.51078,0.0,0,0,0,2,-1
1619,0.001619000,-0.771204,0.502548,0.0,0,0,0,2,-1
1620,0.001620000,-0.77118,0.494304,0.0,0,0,0,2,-1
1621,0.001621000,-0.771168,0.486072,0.0,0,0,0,2,-1
1622,0.001622000,-0.771144,0.477828,0.0,0,0,0,2,-1
1623,0.001623000,-0.77112,0.469596,0.0,0,0,0,2,-1
1624,0.001624000,-0.771096,0.461352,0.0,0,0,0,2,-1
1625,0.001625000,-0.771072,0.45312,0.0,0,0,0,2,-1
1626,0.001626000,-0.771048,0.444888,0.0,0,0,0,2,-1
1627,0.001627000,-0.771024,0.436644,0.0,0,0,0,2,-1
1628,0.001628000,-0.771,0.428412,0.0,0,0,0,2,-1
1629,0.001629000,-0.770976,0.420168,0.0,0,0,0,2,-1
1630,0.001630000,-0.770964,0.411936,0.0,0,0,0,2,-1
1631,0.001631000,-0.77094,0.403692,0.0,0,0,0,2,-1
1632,0.001632000,-0.770916,0.395448,0.0,0,0,0,2,-1
1633,0.001633000,-0.770892,0.387216,0.0,0,0,0,2,-1
1634,0.001634000,-0.770868,0.378972,0.0,0,0,0,2,-1
1635,0.001635000,-0.770844,0.37074,0.0,0,0,0,2,-1
1636,0.001636000,-0.77082,0.362496,5.0,1,0,0,2,6
1637,0.001637000,-0.770796,0.354264,0.0,0,0,0,2,-1
1638,0.001638000,-0.770772,0.34602,0.0,0,0,0,2,-1
1639,0.001639000,-0.77076,0.337788,0.0,0,0,0,2,-1
1640,0.001640000,-0.770736,0.329544,0.0,0,0,0,2,-1
1641,0.001641000,-0.770712,0.321312,0.0,0,0,0,2,-1
1642,0.001642000,-0.770688,0.313068,0.0,0,0,0,2,-1
1643,0.001643000,-0.770664,0.304836,0.0,0,0,0,2,-1
1644,0.001644000,-0.77064,0.296592,0.0,0,0,0,2,-1
1645,0.001645000,-0.770616,0.28836,0.0,0,0,0,2,-1
1646,0.001646000,-0.770592,0.280116,0.0,0,0,0,2,-1
1647,0.001647000,-0.770568,0.271884,0.0,0,0,0,2,-1
1648,0.001648000,-0.770556,0.26364,0.0,0,0,0,2,-1
1649,0.001649000,-0.770532,0.255408,0.0,0,0,0,2,-1
1650,0.001650000,-0.770508,0.247164,0.0,0,0,0,2,-1
1651,0.001651000,-0.770484,0.238932,0.0,0,0,0,2,-1
1652,0.001652000,-0.77046,0.230688,0.0,0,0,0,2,-1
1653,0.001653000,-0.770436,0.222444,0.0,0,0,0,2,-1
1654,0.001654000,-0.770412,0.214212,0.0,0,0,0,2,-1
1655,0.001655000,-0.770388,0.205968,0.0,0,0,0,2,-1
1656,0.001656000,-0.770364,0.197736,0.0,0,0,0,2,-1
1657,0.001657000,-0.770352,0.189492,0.0,0,0,0,2,-1
1658,0.001658000,-0.770328,0.18126,0.0,0,0,0,2,-1
1659,0.001659000,-0.770304,0.173016,0.0,0,0,0,2,-1
1660,0.001660000,-0.77028,0.164784,0.0,0,0,0,2,-1
1661,0.001661000,-0.770256,0.15654,0.0,0,0,0,2,-1
1662,0.001662000,-0.770232,0.148296,0.0,0,0,0,2,-1
1663,0.001663000,-0.770208,0.140064,0.0,0,0,0,2,-1
1664,0.001664000,-0.770184,0.13182,0.0,0,0,0,2,-1
1665,0.001665000,-0.77016,0.123588,0.0,0,0,0,2,-1
1666,0.001666000,-0.770148,0.1153464,5.0,1,0,0,2,7
1667,0.001667000,-0.770124,0.1071072,0.0,0,0,0,2,-1
1668,0.001668000,-0.7701,0.098868,0.0,0,0,0,2,-1
1669,0.001669000,-0.770076,0.0906288,0.0,0,0,0,2,-1
1670,0.001670000,-0.770052,0.0823908,0.0,0,0,0,2,-1
1671,0.001671000,-0.770028,0.0741516,0.0,0,0,0,2,-1
1672,0.001672000,-0.770004,0.0659124,0.0,0,0,0,2,-1
1673,0.001673000,-0.76998,0.0576732,0.0,0,0,0,2,-1
1674,0.001674000,-0.769956,0.049434,0.0,0,0,0,2,-1
1675,0.001675000,-0.769944,0.041196,0.0,0,0,0,2,-1
1676,0.001676000,-0.76992,0.0329568,0.0,0,0,0,2,-1
1677,0.001677000,-0.769896,0.0247176,0.0,0,0,0,2,-1
1678,0.001678000,-0.769872,0.0164784,0.0,0,0,0,2,-1
1679,0.001679000,-0.769848,0.0082392,0.0,0,0,0,2,-1
1680,0.001680000,-0.769824,0.0,0.0,0,0,0,2,-1
1681,0.001681000,-0.7698,-0.0082392,0.0,0,0,0,2,-1
1682,0.001682000,-0.769776,-0.0164784,0.0,0,0,0,2,-1
1683,0.001683000,-0.769752,-0.0247176,0.0,0,0,0,2,-1
1684,0.001684000,-0.76974,-0.0329568,0.0,0,0,0,2,-1
1685,0.001685000,-0.769716,-0.041196,0.0,0,0,0,2,-1
1686,0.001686000,-0.769692,-0.0494352,0.0,0,0,0,2,-1
1687,0.001687000,-0.769668,-0.0576744,0.0,0,0,0,2,-1
1688,0.001688000,-0.769644,-0.0659136,0.0,0,0,0,2,-1
1689,0.001689000,-0.76962,-0.0741528,0.0,0,0,0,2,-1
1690,0.001690000,-0.769596,-0.0823932,0.0,0,0,0,2,-1
1691,0.001691000,-0.769572,-0.0906324,0.0,0,0,0,2,-1
1692,0.001692000,-0.769548,-0.0988716,0.0,0,0,0,2,-1
1693,0.001693000,-0.769536,-0.1071108,0.0,0,0,0,2,-1
1694,0.001694000,-0.769512,-0.11535,0.0,0,0,0,2,-1
1695,0.001695000,-0.769488,-0.123588,0.0,0,0,0,2,-1
1696,0.001696000,-0.769464,-0.131832,5.0,1,0,0,2,8
1697,0.001697000,-0.76944,-0.140064,0.0,0,0,0,2,-1
1698,0.001698000,-0.769416,-0.148308,0.0,0,0,0,2,-1
1699,0.001699000,-0.769392,-0.156552,0.0,0,0,0,2,-1
1700,0.001700000,-0.769368,-0.164784,0.0,0,0,0,2,-1
1701,0.001701000,-0.769344,-0.173028,0.0,0,0,0,2,-1
1702,0.001702000,-0.76932,-0.181272,0.0,0,0,0,2,-1
1703,0.001703000,-0.769308,-0.189504,0.0,0,0,0,2,-1
1704,0.001704000,-0.769284,-0.197748,0.0,0,0,0,2,-1
1705,0.001705000,-0.76926,-0.20598,0.0,0,0,0,2,-1
1706,0.001706000,-0.769236,-0.214224,0.0,0,0,0,2,-1
1707,0.001707000,-0.769212,-0.222468,0.0,0,0,0,2,-1
1708,0.001708000,-0.769188,-0.2307,0.0,0,0,0,2,-1
1709,0.001709000,-0.769164,-0.238944,0.0,0,0,0,2,-1
1710,0.001710000,-0.76914,-0.247188,0.0,0,0,0,2,-1
1711,0.001711000,-0.769116,-0.25542,0.0,0,0,0,2,-1
1712,0.001712000,-0.769104,-0.263664,0.0,0,0,0,2,-1
1713,0.001713000,-0.76908,-0.271908,0.0,0,0,0,2,-1
1714,0.001714000,-0.769056,-0.28014,0.0,0,0,0,2,-1
1715,0.001715000,-0.769032,-0.288384,0.0,0,0,0,2,-1
1716,0.001716000,-0.769008,-0.296628,0.0,0,0,0,2,-1
1717,0.001717000,-0.768984,-0.30486,0.0,0,0,0,2,-1
1718,0.001718000,-0.76896,-0.313104,0.0,0,0,0,2,-1
1719,0.001719000,-0.768936,-0.321348,0.0,0,0,0,2,-1
1720,0.001720000,-0.768912,-0.32958,0.0,0,0,0,2,-1
1721,0.001721000,-0.7689,-0.337824,0.0,0,0,0,2,-1
1722,0.001722000,-0.768876,-0.346068,0.0,0,0,0,2,-1
1723,0.001723000,-0.768852,-0.3543,0.0,0,0,0,2,-1
1724,0.001724000,-0.768828,-0.362544,0.0,0,0,0,2,-1
1725,0.001725000,-0.768804,-0.370788,0.0,0,0,0,2,-1
1726,0.001726000,-0.76878,-0.37902,5.0,1,0,0,2,9
1727,0.001727000,-0.768756,-0.387264,0.0,0,0,0,2,-1
1728,0.001728000,-0.768732,-0.395508,0.0,0,0,0,2,-1
1729,0.001729000,-0.768708,-0.40374,0.0,0,0,0,2,-1
1730,0.001730000,-0.768696,-0.411984,0.0,0,0,0,2,-1
1731,0.001731000,-0.768672,-0.420228,0.0,0,0,0,2,-1
1732,0.001732000,-0.768648,-0.428472,0.0,0,0,0,2,-1
1733,0.001733000,-0.768624,-0.436704,0.0,0,0,0,2,-1
1734,0.001734000,-0.7686,-0.444948,0.0,0,0,0,2,-1
1735,0.001735000,-0.768576,-0.453192,0.0,0,0,0,2,-1
1736,0.001736000,-0.768552,-0.461424,0.0,0,0,0,2,-1
1737,0.001737000,-0.768528,-0.469668,0.0,0,0,0,2,-1
1738,0.001738000,-0.768504,-0.477912,0.0,0,0,0,2,-1
1739,0.001739000,-0.768492,-0.486144,0.0,0,0,0,2,-1
1740,0.001740000,-0.768468,-0.494388,0.0,0,0,0,2,-1
1741,0.001741000,-0.768444,-0.502632,0.0,0,0,0,2,-1
1742,0.001742000,-0.76842,-0.510876,0.0,0,0,0,2,-1
1743,0.001743000,-0.768396,-0.519108,0.0,0,0,0,2,-1
1744,0.001744000,-0.768372,-0.527352,0.0,0,0,0,2,-1
1745,0.001745000,-0.768348,-0.535596,0.0,0,0,0,2,-1
1746,0.001746000,-0.768324,-0.543828,0.0,0,0,0,2,-1
1747,0.001747000,-0.7683,-0.552072,0.0,0,0,0,2,-1
1748,0.001748000,-0.768288,-0.560316,0.0,0,0,0,2,-1
1749,0.001749000,-0.768264,-0.56856,0.0,0,0,0,2,-1
1750,0.001750000,-0.76824,-0.576792,0.0,0,0,0,2,-1
1751,0.001751000,-0.768216,-0.585036,0.0,0,0,0,2,-1
1752,0.001752000,-0.768192,-0.59328,0.0,0,0,0,2,-1
1753,0.001753000,-0.768168,-0.601512,0.0,0,0,0,2,-1
1754,0.001754000,-0.768144,-0.609756,0.0,0,0,0,2,-1
1755,0.001755000,-0.76812,-0.618,0.0,0,0,0,2,-1
1756,0.001756000,-0.768096,-0.626244,5.0,1,0,0,2,10
1757,0.001757000,-0.768084,-0.634476,0.0,0,0,0,2,-1
1758,0.001758000,-0.76806,-0.64272,0.0,0,0,0,2,-1
1759,0.001759000,-0.768036,-0.650964,0.0,0,0,0,2,-1
1760,0.001760000,-0.768012,-0.659208,0.0,0,0,0,2,-1
1761,0.001761000,-0.767988,-0.66744,0.0,0,0,0,2,-1
1762,0.001762000,-0.767964,-0.675684,0.0,0,0,0,2,-1
1763,0.001763000,-0.76794,-0.683928,0.0,0,0,0,2,-1
1764,0.001764000,-0.767916,-0.692172,0.0,0,0,0,2,-1
1765,0.001765000,-0.767892,-0.700404,0.0,0,0,0,2,-1
1766,0.001766000,-0.76788,-0.708648,0.0,0,0,0,2,-1
1767,0.001767000,-0.767856,-0.716892,0.0,0,0,0,2,-1
1768,0.001768000,-0.767832,-0.725136,0.0,0,0,0,2,-1
1769,0.001769000,-0.767808,-0.733368,0.0,0,0,0,2,-1
1770,0.001770000,-0.767784,-0.741612,0.0,0,0,0,2,-1
1771,0.001771000,-0.76776,-0.749856,0.0,0,0,0,2,-1
1772,0.001772000,-0.767736,-0.7581,0.0,0,0,0,2,-1
1773,0.001773000,-0.767712,-0.766332,0.0,0,0,0,2,-1
1774,0.001774000,-0.767688,-0.774576,0.0,0,0,0,2,-1
1775,0.001775000,-0.767664,-0.78282,0.0,0,0,0,2,-1
1776,0.001776000,-0.767652,-0.791064,0.0,0,0,0,2,-1
1777,0.001777000,-0.767628,-0.799308,0.0,0,0,0,2,-1
1778,0.001778000,-0.767604,-0.80754,0.0,0,0,0,2,-1
1779,0.001779000,-0.76758,-0.815784,0.0,0,0,0,2,-1
1780,0.001780000,-0.767556,-0.824028,0.0,0,0,0,2,-1
1781,0.001781000,-0.767532,-0.832272,0.0,0,0,0,2,-1
1782,0.001782000,-0.767508,-0.840504,0.0,0,0,0,2,-1
1783,0.001783000,-0.767484,-0.848748,0.0,0,0,0,2,-1
1784,0.001784000,-0.76746,-0.856992,0.0,0,0,0,2,-1
1785,0.001785000,-0.767448,-0.865236,0.0,0,0,0,2,-1
1786,0.001786000,-0.767424,-0.87348,5.0,1,0,0,2,11
1787,0.001787000,-0.7674,-0.881712,0.0,0,0,0,2,-1
1788,0.001788000,-0.767376,-0.889956,0.0,0,0,0,2,-1
1789,0.001789000,-0.767352,-0.8982,0.0,0,0,0,2,-1
1790,0.001790000,-0.767328,-0.906444,0.0,0,0,0,2,-1
1791,0.001791000,-0.767304,-0.914688,0.0,0,0,0,2,-1
1792,0.001792000,-0.76728,-0.92292,0.0,0,0,0,2,-1
1793,0.001793000,-0.767256,-0.931164,0.0,0,0,0,2,-1
1794,0.001794000,-0.767244,-0.939408,0.0,0,0,0,2,-1
1795,0.001795000,-0.76722,-0.947652,0.0,0,0,0,2,-1
1796,0.001796000,-0.767196,-0.955896,0.0,0,0,0,2,-1
1797,0.001797000,-0.767172,-0.964128,0.0,0,0,0,2,-1
1798,0.001798000,-0.767148,-0.972372,0.0,0,0,0,2,-1
1799,0.001799000,-0.767124,-0.980616,0.0,0,0,0,2,-1
1800,0.001800000,-0.7671,-0.98886,0.0,0,0,0,2,-1
1801,0.001801000,-0.767076,-0.997104,0.0,0,0,0,2,-1
1802,0.001802000,-0.767052,-1.005348,0.0,0,0,0,2,-1
1803,0.001803000,-0.76704,-1.01358,0.0,0,0,0,2,-1
1804,0.001804000,-0.767016,-1.021824,0.0,0,0,0,2,-1
1805,0.001805000,-0.766992,-1.030068,0.0,0,0,0,2,-1
1806,0.001806000,-0.766968,-1.038312,0.0,0,0,0,2,-1
1807,0.001807000,-0.766944,-1.046556,0.0,0,0,0,2,-1
1808,0.001808000,-0.76692,-1.054788,0.0,0,0,0,2,-1
1809,0.001809000,-0.766896,-1.063032,0.0,0,0,0,2,-1
1810,0.001810000,-0.766872,-1.071276,0.0,0,0,0,2,-1
1811,0.001811000,-0.766848,-1.07952,0.0,0,0,0,2,-1
1812,0.001812000,-0.766836,-1.087764,0.0,0,0,0,2,-1
1813,0.001813000,-0.766812,-1.096008,0.0,0,0,0,2,-1
1814,0.001814000,-0.766788,-1.104252,0.0,0,0,0,2,-1
1815,0.001815000,-0.766764,-1.112484,0.0,0,0,0,2,-1
1816,0.001816000,-0.76674,-1.120728,5.0,1,0,0,2,12
1817,0.001817000,-0.766716,-1.128972,0.0,0,0,0,2,-1
1818,0.001818000,-0.766692,-1.137216,0.0,0,0,0,2,-1
1819,0.001819000,-0.766668,-1.14546,0.0,0,0,0,2,-1
1820,0.001820000,-0.766644,-1.153704,0.0,0,0,0,2,-1
1821,0.001821000,-0.766632,-1.161936,0.0,0,0,0,2,-1
1822,0.001822000,-0.766608,-1.17018,0.0,0,0,0,2,-1
1823,0.001823000,-0.766584,-1.178424,0.0,0,0,0,2,-1
1824,0.001824000,-0.76656,-1.186668,0.0,0,0,0,2,-1
1825,0.001825000,-0.766536,-1.194912,0.0,0,0,0,2,-1
1826,0.001826000,-0.766512,-1.20312,0.0,0,0,0,2,-1
1827,0.001827000,-0.766488,-1.2114,0.0,0,0,0,2,-1
1828,0.001828000,-0.766464,-1.21968,0.0,0,0,0,2,-1
1829,0.001829000,-0.76644,-1.22784,0.0,0,0,0,2,-1
1830,0.001830000,-0.766428,-1.23612,0.0,0,0,0,2,-1
1831,0.001831000,-0.766404,-1.2444,0.0,0,0,0,2,-1
1832,0.001832000,-0.76638,-1.25256,0.0,0,0,0,2,-1
1833,0.001833000,-0.766356,-1.26084,0.0,0,0,0,2,-1
1834,0.001834000,-0.766332,-1.26912,0.0,0,0,0,2,-1
1835,0.001835000,-0.766308,-1.27728,0.0,0,0,0,2,-1
1836,0.001836000,-0.766284,-1.28556,0.0,0,0,0,2,-1
1837,0.001837000,-0.76626,-1.29384,0.0,0,0,0,2,-1
1838,0.001838000,-0.766236,-1.30212,0.0,0,0,0,2,-1
1839,0.001839000,-0.766212,-1.31028,0.0,0,0,0,2,-1
1840,0.001840000,-0.7662,-1.31856,0.0,0,0,0,2,-1
1841,0.001841000,-0.766176,-1.32684,0.0,0,0,0,2,-1
1842,0.001842000,-0.766152,-1.335,0.0,0,0,0,2,-1
1843,0.001843000,-0.766128,-1.34328,0.0,0,0,0,2,-1
1844,0.001844000,-0.766104,-1.35156,0.0,0,0,0,2,-1
1845,0.001845000,-0.76608,-1.35972,0.0,0,0,0,2,-1
1846,0.001846000,-0.766056,-1.368,5.0,1,0,0,2,13
1847,0.001847000,-0.766032,-1.37628,0.0,0,0,0,2,-1
1848,0.001848000,-0.766008,-1.38444,0.0,0,0,0,2,-1
1849,0.001849000,-0.765996,-1.39272,0.0,0,0,0,2,-1
1850,0.001850000,-0.765972,-1.401,0.0,0,0,0,2,-1
1851,0.001851000,-0.765948,-1.40928,0.0,0,0,0,2,-1
1852,0.001852000,-0.765924,-1.41744,0.0,0,0,0,2,-1
1853,0.001853000,-0.7659,-1.42572,0.0,0,0,0,2,-1
1854,0.001854000,-0.765876,-1.434,0.0,0,0,0,2,-1
1855,0.001855000,-0.765852,-1.44216,0.0,0,0,0,2,-1
1856,0.001856000,-0.765828,-1.45044,0.0,0,0,0,2,-1
1857,0.001857000,-0.765804,-1.45872,0.0,0,0,0,2,-1
1858,0.001858000,-0.765792,-1.46688,0.0,0,0,0,2,-1
1859,0.001859000,-0.765768,-1.47516,0.0,0,0,0,2,-1
1860,0.001860000,-0.765744,-1.48344,0.0,0,0,0,2,-1
1861,0.001861000,-0.76572,-1.4916,0.0,0,0,0,2,-1
1862,0.001862000,-0.765696,-1.49988,0.0,0,0,0,2,-1
1863,0.001863000,-0.765672,-1.50816,0.0,0,0,0,2,-1
1864,0.001864000,-0.765648,-1.51644,0.0,0,0,0,2,-1
1865,0.001865000,-0.765624,-1.5246,0.0,0,0,0,2,-1
1866,0.001866000,-0.7656,-1.53288,0.0,0,0,0,2,-1
1867,0.001867000,-0.765588,-1.54116,0.0,0,0,0,2,-1
1868,0.001868000,-0.765564,-1.54932,0.0,0,0,0,2,-1
1869,0.001869000,-0.76554,-1.5576,0.0,0,0,0,2,-1
1870,0.001870000,-0.765516,-1.56588,0.0,0,0,0,2,-1
1871,0.001871000,-0.765492,-1.57404,0.0,0,0,0,2,-1
1872,0.001872000,-0.765468,-1.58232,0.0,0,0,0,2,-1
1873,0.001873000,-0.765444,-1.5906,0.0,0,0,0,2,-1
1874,0.001874000,-0.76542,-1.59876,0.0,0,0,0,2,-1
1875,0.001875000,-0.765396,-1.60704,0.0,0,0,0,2,-1
1876,0.001876000,-0.765384,-1.61532,5.0,1,0,0,2,14
1877,0.001877000,-0.76536,-1.6236,0.0,0,0,0,2,-1
1878,0.001878000,-0.765336,-1.63176,0.0,0,0,0,2,-1
1879,0.001879000,-0.765312,-1.64004,0.0,0,0,0,2,-1
1880,0.001880000,-0.765288,-1.64832,0.0,0,0,0,2,-1
1881,0.001881000,-0.765264,-1.65648,0.0,0,0,0,2,-1
1882,0.001882000,-0.76524,-1.66476,0.0,0,0,0,2,-1
1883,0.001883000,-0.765216,-1.67304,0.0,0,0,0,2,-1
1884,0.001884000,-0.765192,-1.6812,0.0,0,0,0,2,-1
1885,0.001885000,-0.76518,-1.68948,0.0,0,0,0,2,-1
1886,0.001886000,-0.765156,-1.69776,0.0,0,0,0,2,-1
1887,0.001887000,-0.765132,-1.70604,0.0,0,0,0,2,-1
1888,0.001888000,-0.765108,-1.7142,0.0,0,0,0,2,-1
1889,0.001889000,-0.765084,-1.72248,0.0,0,0,0,2,-1
1890,0.001890000,-0.76506,-1.73076,0.0,0,0,0,2,-1
1891,0.001891000,-0.765036,-1.73892,0.0,0,0,0,2,-1
1892,0.001892000,-0.765012,-1.7472,0.0,0,0,0,2,-1
1893,0.001893000,-0.764988,-1.75548,0.0,0,0,0,2,-1
1894,0.001894000,-0.764964,-1.76364,0.0,0,0,0,2,-1
1895,0.001895000,-0.764952,-1.77192,0.0,0,0,0,2,-1
1896,0.001896000,-0.764928,-1.7802,0.0,0,0,0,2,-1
1897,0.001897000,-0.764904,-1.78836,0.0,0,0,0,2,-1
1898,0.001898000,-0.76488,-1.79664,0.0,0,0,0,2,-1
1899,0.001899000,-0.764856,-1.80492,0.0,0,0,0,2,-1
1900,0.001900000,-0.764832,-1.8132,0.0,0,0,0,2,-1
1901,0.001901000,-0.764808,-1.82136,0.0,0,0,0,2,-1
1902,0.001902000,-0.764784,-1.82964,0.0,0,0,0,2,-1
1903,0.001903000,-0.76476,-1.83792,0.0,0,0,0,2,-1
1904,0.001904000,-0.764748,-1.84608,0.0,0,0,0,2,-1
1905,0.001905000,-0.764724,-1.85436,0.0,0,0,0,2,-1
1906,0.001906000,-0.7647,-1.86264,5.0,1,1,0,2,15
1907,0.001907000,-0.764676,-1.87092,0.0,0,0,0,-1,-1
1908,0.001908000,-0.764652,-1.87908,0.0,0,0,0,-1,-1
1909,0.001909000,-0.764628,-1.88736,0.0,0,0,0,-1,-1
1910,0.001910000,-0.764604,-1.89564,0.0,0,0,0,-1,-1
1911,0.001911000,-0.759516,-1.90272,0.0,0,0,0,-1,-1
1912,0.001912000,-0.759492,-1.911,0.0,0,0,0,-1,-1
1913,0.001913000,-0.759468,-1.91928,0.0,0,0,0,-1,-1
1914,0.001914000,-0.75438,-1.92636,0.0,0,0,0,-1,-1
1915,0.001915000,-0.754356,-1.93464,0.0,0,0,0,-1,-1
1916,0.001916000,-0.74928,-1.94172,0.0,0,0,0,-1,-1
1917,0.001917000,-0.744204,-1.94892,0.0,0,0,0,-1,-1
1918,0.001918000,-0.739128,-1.956,0.0,0,0,0,-1,-1
1919,0.001919000,-0.734064,-1.96308,0.0,0,0,0,-1,-1
1920,0.001920000,-0.729012,-1.97016,0.0,0,0,0,-1,-1
1921,0.001921000,-0.723984,-1.96908,0.0,0,0,0,-1,-1
1922,0.001922000,-0.718932,-1.97616,0.0,0,0,0,-1,-1
1923,0.001923000,-0.713916,-1.97508,0.0,0,0,0,-1,-1
1924,0.001924000,-0.7089,-1.974,0.0,0,0,0,-1,-1
1925,0.001925000,-0.703872,-1.98108,0.0,0,0,0,-1,-1
1926,0.001926000,-0.698868,-1.97988,0.0,0,0,0,-1,-1
1927,0.001927000,-0.693876,-1.9788,0.0,0,0,0,-1,-1
1928,0.001928000,-0.688884,-1.97772,0.0,0,0,0,-1,-1
1929,0.001929000,-0.683904,-1.97652,0.0,0,0,0,-1,-1
1930,0.001930000,-0.678924,-1.97544,0.0,0,0,0,-1,-1
1931,0.001931000,-0.673944,-1.97436,0.0,0,0,0,-1,-1
1932,0.001932000,-0.669,-1.96512,0.0,0,0,0,-1,-1
1933,0.001933000,-0.664032,-1.96404,0.0,0,0,0,-1,-1
1934,0.001934000,-0.659076,-1.96284,0.0,0,0,0,-1,-1
1935,0.001935000,-0.654156,-1.9536,0.0,0,0,0,-1,-1
1936,0.001936000,-0.649212,-1.95252,0.0,0,0,0,-1,-1
1937,0.001937000,-0.644292,-1.94328,0.0,0,0,0,-1,-1
1938,0.001938000,-0.639372,-1.93404,0.0,0,0,0,-1,-1
1939,0.001939000,-0.634464,-1.92492,0.0,0,0,0,-1,-1
1940,0.001940000,-0.629568,-1.91568,0.0,0,0,0,-1,-1
1941,0.001941000,-0.624672,-1.90656,0.0,0,0,0,-1,-1
1942,0.001942000,-0.624696,-1.8984,0.0,0,0,0,-1,-1
1943,0.001943000,-0.6198,-1.88928,0.0,0,0,0,-1,-1
1944,0.001944000,-0.619824,-1.88112,0.0,0,0,0,-1,-1
1945,0.001945000,-0.619848,-1.87296,0.0,0,0,0,-1,-1
1946,0.001946000,-0.614964,-1.86384,0.0,0,0,0,-1,-1
1947,0.001947000,-0.614988,-1.8558,0.0,0,0,0,-1,-1
1948,0.001948000,-0.615012,-1.84764,0.0,0,0,0,-1,-1
1949,0.001949000,-0.615036,-1.83948,0.0,0,0,0,-1,-1
1950,0.001950000,-0.61506,-1.83144,5.0,1,0,0,3,0
1951,0.001951000,-0.615072,-1.82328,0.0,0,0,0,3,-1
1952,0.001952000,-0.615096,-1.81524,0.0,0,0,0,3,-1
1953,0.001953000,-0.61512,-1.80708,0.0,0,0,0,3,-1
1954,0.001954000,-0.615144,-1.79904,0.0,0,0,0,3,-1
1955,0.001955000,-0.615168,-1.79088,0.0,0,0,0,3,-1
1956,0.001956000,-0.615192,-1.78284,0.0,0,0,0,3,-1
1957,0.001957000,-0.615216,-1.77468,0.0,0,0,0,3,-1
1958,0.001958000,-0.61524,-1.76652,0.0,0,0,0,3,-1
1959,0.001959000,-0.615264,-1.75848,0.0,0,0,0,3,-1
1960,0.001960000,-0.615276,-1.75032,0.0,0,0,0,3,-1
1961,0.001961000,-0.6153,-1.74228,0.0,0,0,0,3,-1
1962,0.001962000,-0.615324,-1.73412,0.0,0,0,0,3,-1
1963,0.001963000,-0.615348,-1.72608,0.0,0,0,0,3,-1
1964,0.001964000,-0.615372,-1.71792,0.0,0,0,0,3,-1
1965,0.001965000,-0.615396,-1.70988,0.0,0,0,0,3,-1
1966,0.001966000,-0.61542,-1.70172,0.0,0,0,0,3,-1
1967,0.001967000,-0.615444,-1.69368,0.0,0,0,0,3,-1
1968,0.001968000,-0.615456,-1.68552,0.0,0,0,0,3,-1
1969,0.001969000,-0.61548,-1.67736,0.0,0,0,0,3,-1
1970,0.001970000,-0.615504,-1.66932,0.0,0,0,0,3,-1
1971,0.001971000,-0.615528,-1.66116,0.0,0,0,0,3,-1
1972,0.001972000,-0.615552,-1.65312,0.0,0,0,0,3,-1
1973,0.001973000,-0.615576,-1.64496,0.0,0,0,0,3,-1
1974,0.001974000,-0.6156,-1.63692,0.0,0,0,0,3,-1
1975,0.001975000,-0.615624,-1.62876,0.0,0,0,0,3,-1
1976,0.001976000,-0.615636,-1.62072,0.0,0,0,0,3,-1
1977,0.001977000,-0.61566,-1.61256,0.0,0,0,0,3,-1
1978,0.001978000,-0.615684,-1.60452,0.0,0,0,0,3,-1
1979,0.001979000,-0.615708,-1.59636,0.0,0,0,0,3,-1
1980,0.001980000,-0.615732,-1.5882,5.0,1,0,0,3,1
1981,0.001981000,-0.615756,-1.58016,0.0,0,0,0,3,-1
1982,0.001982000,-0.61578,-1.572,0.0,0,0,0,3,-1
1983,0.001983000,-0.615804,-1.56396,0.0,0,0,0,3,-1
1984,0.001984000,-0.615816,-1.5558,0.0,0,0,0,3,-1
1985,0.001985000,-0.61584,-1.54776,0.0,0,0,0,3,-1
1986,0.001986000,-0.615864,-1.5396,0.0,0,0,0,3,-1
1987,0.001987000,-0.615888,-1.53156,0.0,0,0,0,3,-1
1988,0.001988000,-0.615912,-1.5234,0.0,0,0,0,3,-1
1989,0.001989000,-0.615936,-1.51536,0.0,0,0,0,3,-1
1990,0.001990000,-0.61596,-1.5072,0.0,0,0,0,3,-1
1991,0.001991000,-0.615984,-1.49904,0.0,0,0,0,3,-1
1992,0.001992000,-0.615996,-1.491,0.0,0,0,0,3,-1
1993,0.001993000,-0.61602,-1.48284,0.0,0,0,0,3,-1
1994,0.001994000,-0.616044,-1.4748,0.0,0,0,0,3,-1
1995,0.001995000,-0.616068,-1.46664,0.0,0,0,0,3,-1
1996,0.001996000,-0.616092,-1.4586,0.0,0,0,0,3,-1
1997,0.001997000,-0.616116,-1.45044,0.0,0,0,0,3,-1
1998,0.001998000,-0.61614,-1.4424,0.0,0,0,0,3,-1
1999,0.001999000,-0.616164,-1.43424,0.0,0,0,0,3,-1
2000,0.002000000,-0.616176,-1.4262,0.0,0,0,0,3,-1
2001,0.002001000,-0.6162,-1.41804,0.0,0,0,0,3,-1
2002,0.002002000,-0.616224,-1.40988,0.0,0,0,0,3,-1
2003,0.002003000,-0.616248,-1.40184,0.0,0,0,0,3,-1
2004,0.002004000,-0.616272,-1.39368,0.0,0,0,0,3,-1
2005,0.002005000,-0.616296,-1.38564,0.0,0,0,0,3,-1
2006,0.002006000,-0.61632,-1.37748,0.0,0,0,0,3,-1
2007,0.002007000,-0.616344,-1.36944,0.0,0,0,0,3,-1
2008,0.002008000,-0.616356,-1.36128,0.0,0,0,0,3,-1
2009,0.002009000,-0.61638,-1.35324,0.0,0,0,0,3,-1
2010,0.002010000,-0.616404,-1.34508,5.0,1,0,0,3,2
2011,0.002011000,-0.616428,-1.33704,0.0,0,0,0,3,-1
2012,0.002012000,-0.616452,-1.32888,0.0,0,0,0,3,-1
2013,0.002013000,-0.616476,-1.32084,0.0,0,0,0,3,-1
2014,0.002014000,-0.6165,-1.31268,0.0,0,0,0,3,-1
2015,0.002015000,-0.616524,-1.30452,0.0,0,0,0,3,-1
2016,0.002016000,-0.616536,-1.29648,0.0,0,0,0,3,-1
2017,0.002017000,-0.61656,-1.28832,0.0,0,0,0,3,-1
2018,0.002018000,-0.616584,-1.28028,0.0,0,0,0,3,-1
2019,0.002019000,-0.616608,-1.27212,0.0,0,0,0,3,-1
2020,0.002020000,-0.616632,-1.26408,0.0,0,0,0,3,-1
2021,0.002021000,-0.616656,-1.25592,0.0,0,0,0,3,-1
2022,0.002022000,-0.61668,-1.24788,0.0,0,0,0,3,-1
2023,0.002023000,-0.616704,-1.23972,0.0,0,0,0,3,-1
2024,0.002024000,-0.616716,-1.23168,0.0,0,0,0,3,-1
2025,0.002025000,-0.61674,-1.22352,0.0,0,0,0,3,-1
2026,0.002026000,-0.616764,-1.21548,0.0,0,0,0,3,-1
2027,0.002027000,-0.616788,-1.20732,0.0,0,0,0,3,-1
2028,0.002028000,-0.616812,-1.19922,0.0,0,0,0,3,-1
2029,0.002029000,-0.616836,-1.191108,0.0,0,0,0,3,-1
2030,0.002030000,-0.61686,-1.183008,0.0,0,0,0,3,-1
2031,0.002031000,-0.616884,-1.174908,0.0,0,0,0,3,-1
2032,0.002032000,-0.616896,-1.166796,0.0,0,0,0,3,-1
2033,0.002033000,-0.61692,-1.158696,0.0,0,0,0,3,-1
2034,0.002034000,-0.616944,-1.150596,0.0,0,0,0,3,-1
2035,0.002035000,-0.616968,-1.142484,0.0,0,0,0,3,-1
2036,0.002036000,-0.616992,-1.134384,0.0,0,0,0,3,-1
2037,0.002037000,-0.617016,-1.126284,0.0,0,0,0,3,-1
2038,0.002038000,-0.61704,-1.118172,0.0,0,0,0,3,-1
2039,0.002039000,-0.617064,-1.110072,0.0,0,0,0,3,-1
2040,0.002040000,-0.617076,-1.10196,5.0,1,0,0,3,3
2041,0.002041000,-0.6171,-1.09386,0.0,0,0,0,3,-1
2042,0.002042000,-0.617124,-1.08576,0.0,0,0,0,3,-1
2043,0.002043000,-0.617148,-1.077648,0.0,0,0,0,3,-1
2044,0.002044000,-0.617172,-1.069548,0.0,0,0,0,3,-1
2045,0.002045000,-0.617196,-1.061448,0.0,0,0,0,3,-1
2046,0.002046000,-0.61722,-1.053336,0.0,0,0,0,3,-1
2047,0.002047000,-0.617244,-1.045236,0.0,0,0,0,3,-1
2048,0.002048000,-0.617256,-1.037136,0.0,0,0,0,3,-1
2049,0.002049000,-0.61728,-1.029024,0.0,0,0,0,3,-1
2050,0.002050000,-0.617304,-1.020924,0.0,0,0,0,3,-1
2051,0.002051000,-0.617328,-1.012824,0.0,0,0,0,3,-1
2052,0.002052000,-0.617352,-1.004712,0.0,0,0,0,3,-1
2053,0.002053000,-0.617376,-0.996612,0.0,0,0,0,3,-1
2054,0.002054000,-0.6174,-0.988512,0.0,0,0,0,3,-1
2055,0.002055000,-0.617424,-0.9804,0.0,0,0,0,3,-1
2056,0.002056000,-0.617436,-0.9723,0.0,0,0,0,3,-1
2057,0.002057000,-0.61746,-0.9642,0.0,0,0,0,3,-1
2058,0.002058000,-0.617484,-0.9561,0.0,0,0,0,3,-1
2059,0.002059000,-0.617508,-0.947988,0.0,0,0,0,3,-1
2060,0.002060000,-0.617532,-0.939888,0.0,0,0,0,3,-1
2061,0.002061000,-0.617556,-0.931788,0.0,0,0,0,3,-1
2062,0.002062000,-0.61758,-0.923676,0.0,0,0,0,3,-1
2063,0.002063000,-0.617604,-0.915576,0.0,0,0,0,3,-1
2064,0.002064000,-0.617616,-0.907476,0.0,0,0,0,3,-1
2065,0.002065000,-0.61764,-0.899364,0.0,0,0,0,3,-1
2066,0.002066000,-0.617664,-0.891264,0.0,0,0,0,3,-1
2067,0.002067000,-0.617688,-0.883164,0.0,0,0,0,3,-1
2068,0.002068000,-0.617712,-0.875052,0.0,0,0,0,3,-1
2069,0.002069000,-0.617736,-0.866952,0.0,0,0,0,3,-1
2070,0.002070000,-0.61776,-0.858852,5.0,1,0,0,3,4
2071,0.002071000,-0.617784,-0.850752,0.0,0,0,0,3,-1
2072,0.002072000,-0.617796,-0.84264,0.0,0,0,0,3,-1
2073,0.002073000,-0.61782,-0.83454,0.0,0,0,0,3,-1
2074,0.002074000,-0.617844,-0.82644,0.0,0,0,0,3,-1
2075,0.002075000,-0.617868,-0.818328,0.0,0,0,0,3,-1
2076,0.002076000,-0.617892,-0.810228,0.0,0,0,0,3,-1
2077,0.002077000,-0.617916,-0.802128,0.0,0,0,0,3,-1
2078,0.002078000,-0.61794,-0.794028,0.0,0,0,0,3,-1
2079,0.002079000,-0.617964,-0.785916,0.0,0,0,0,3,-1
2080,0.002080000,-0.617976,-0.777816,0.0,0,0,0,3,-1
2081,0.002081000,-0.618,-0.769716,0.0,0,0,0,3,-1
2082,0.002082000,-0.618024,-0.761616,0.0,0,0,0,3,-1
2083,0.002083000,-0.618048,-0.753504,0.0,0,0,0,3,-1
2084,0.002084000,-0.618072,-0.745404,0.0,0,0,0,3,-1
2085,0.002085000,-0.618096,-0.737304,0.0,0,0,0,3,-1
2086,0.002086000,-0.61812,-0.729192,0.0,0,0,0,3,-1
2087,0.002087000,-0.618144,-0.721092,0.0,0,0,0,3,-1
2088,0.002088000,-0.618156,-0.712992,0.0,0,0,0,3,-1
2089,0.002089000,-0.61818,-0.704892,0.0,0,0,0,3,-1
2090,0.002090000,-0.618204,-0.69678,0.0,0,0,0,3,-1
2091,0.002091000,-0.618228,-0.68868,0.0,0,0,0,3,-1
2092,0.002092000,-0.618252,-0.68058,0.0,0,0,0,3,-1
2093,0.002093000,-0.618276,-0.67248,0.0,0,0,0,3,-1
2094,0.002094000,-0.6183,-0.664368,0.0,0,0,0,3,-1
2095,0.002095000,-0.618324,-0.656268,0.0,0,0,0,3,-1
2096,0.002096000,-0.618336,-0.648168,0.0,0,0,0,3,-1
2097,0.002097000,-0.61836,-0.640068,0.0,0,0,0,3,-1
2098,0.002098000,-0.618384,-0.631956,0.0,0,0,0,3,-1
2099,0.002099000,-0.618408,-0.623856,0.0,0,0,0,3,-1
2100,0.002100000,-0.618432,-0.615756,5.0,1,0,0,3,5
2101,0.002101000,-0.618456,-0.607656,0.0,0,0,0,3,-1
2102,0.002102000,-0.61848,-0.599544,0.0,0,0,0,3,-1
2103,0.002103000,-0.618504,-0.591444,0.0,0,0,0,3,-1
2104,0.002104000,-0.618516,-0.583344,0.0,0,0,0,3,-1
2105,0.002105000,-0.61854,-0.575244,0.0,0,0,0,3,-1
2106,0.002106000,-0.618564,-0.567144,0.0,0,0,0,3,-1
2107,0.002107000,-0.618588,-0.559032,0.0,0,0,0,3,-1
2108,0.002108000,-0.618612,-0.550932,0.0,0,0,0,3,-1
2109,0.002109000,-0.618636,-0.542832,0.0,0,0,0,3,-1
2110,0.002110000,-0.61866,-0.534732,0.0,0,0,0,3,-1
2111,0.002111000,-0.618684,-0.52662,0.0,0,0,0,3,-1
2112,0.002112000,-0.618696,-0.51852,0.0,0,0,0,3,-1
2113,0.002113000,-0.61872,-0.51042,0.0,0,0,0,3,-1
2114,0.002114000,-0.618744,-0.50232,0.0,0,0,0,3,-1
2115,0.002115000,-0.618768,-0.49422,0.0,0,0,0,3,-1
2116,0.002116000,-0.618792,-0.486108,0.0,0,0,0,3,-1
2117,0.002117000,-0.618816,-0.478008,0.0,0,0,0,3,-1
2118,0.002118000,-0.61884,-0.469908,0.0,0,0,0,3,-1
2119,0.002119000,-0.618864,-0.461808,0.0,0,0,0,3,-1
2120,0.002120000,-0.618876,-0.453708,0.0,0,0,0,3,-1
2121,0.002121000,-0.6189,-0.445596,0.0,0,0,0,3,-1
2122,0.002122000,-0.618924,-0.437496,0.0,0,0,0,3,-1
2123,0.002123000,-0.618948,-0.429396,0.0,0,0,0,3,-1
2124,0.002124000,-0.618972,-0.421296,0.0,0,0,0,3,-1
2125,0.002125000,-0.618996,-0.413196,0.0,0,0,0,3,-1
2126,0.002126000,-0.61902,-0.405084,0.0,0,0,0,3,-1
2127,0.002127000,-0.619044,-0.396984,0.0,0,0,0,3,-1
2128,0.002128000,-0.619056,-0.388884,0.0,0,0,0,3,-1
2129,0.002129000,-0.61908,-0.380784,0.0,0,0,0,3,-1
2130,0.002130000,-0.619104,-0.372684,5.0,1,0,0,3,6
2131,0.002131000,-0.619128,-0.364572,0.0,0,0,0,3,-1
2132,0.002132000,-0.619152,-0.356472,0.0,0,0,0,3,-1
2133,0.002133000,-0.619176,-0.348372,0.0,0,0,0,3,-1
2134,0.002134000,-0.6192,-0.340272,0.0,0,0,0,3,-1
2135,0.002135000,-0.619224,-0.332172,0.0,0,0,0,3,-1
2136,0.002136000,-0.619236,-0.324072,0.0,0,0,0,3,-1
2137,0.002137000,-0.61926,-0.31596,0.0,0,0,0,3,-1
2138,0.002138000,-0.619284,-0.30786,0.0,0,0,0,3,-1
2139,0.002139000,-0.619308,-0.29976,0.0,0,0,0,3,-1
2140,0.002140000,-0.619332,-0.29166,0.0,0,0,0,3,-1
2141,0.002141000,-0.619356,-0.28356,0.0,0,0,0,3,-1
2142,0.002142000,-0.61938,-0.27546,0.0,0,0,0,3,-1
2143,0.002143000,-0.619404,-0.267348,0.0,0,0,0,3,-1
2144,0.002144000,-0.619416,-0.259248,0.0,0,0,0,3,-1
2145,0.002145000,-0.61944,-0.251148,0.0,0,0,0,3,-1
2146,0.002146000,-0.619464,-0.243048,0.0,0,0,0,3,-1
2147,0.002147000,-0.619488,-0.234948,0.0,0,0,0,3,-1
2148,0.002148000,-0.619512,-0.226848,0.0,0,0,0,3,-1
2149,0.002149000,-0.619536,-0.218736,0.0,0,0,0,3,-1
2150,0.002150000,-0.61956,-0.210636,0.0,0,0,0,3,-1
2151,0.002151000,-0.619584,-0.202536,0.0,0,0,0,3,-1
2152,0.002152000,-0.619596,-0.194436,0.0,0,0,0,3,-1
2153,0.002153000,-0.61962,-0.186336,0.0,0,0,0,3,-1
2154,0.002154000,-0.619644,-0.178236,0.0,0,0,0,3,-1
2155,0.002155000,-0.619668,-0.170136,0.0,0,0,0,3,-1
2156,0.002156000,-0.619692,-0.162024,0.0,0,0,0,3,-1
2157,0.002157000,-0.619716,-0.153924,0.0,0,0,0,3,-1
2158,0.002158000,-0.61974,-0.145824,0.0,0,0,0,3,-1
2159,0.002159000,-0.619764,-0.137724,0.0,0,0,0,3,-1
2160,0.002160000,-0.619776,-0.129624,5.0,1,0,0,3,7
2161,0.002161000,-0.6198,-0.121524,0.0,0,0,0,3,-1
2162,0.002162000,-0.619824,-0.1134192,0.0,0,0,0,3,-1
2163,0.002163000,-0.619848,-0.105318,0.0,0,0,0,3,-1
2164,0.002164000,-0.619872,-0.0972168,0.0,0,0,0,3,-1
2165,0.002165000,-0.619896,-0.0891144,0.0,0,0,0,3,-1
2166,0.002166000,-0.61992,-0.0810132,0.0,0,0,0,3,-1
2167,0.002167000,-0.619944,-0.072912,0.0,0,0,0,3,-1
2168,0.002168000,-0.619956,-0.0648108,0.0,0,0,0,3,-1
2169,0.002169000,-0.61998,-0.0567096,0.0,0,0,0,3,-1
2170,0.002170000,-0.620004,-0.0486072,0.0,0,0,0,3,-1
2171,0.002171000,-0.620028,-0.040506,0.0,0,0,0,3,-1
2172,0.002172000,-0.620052,-0.0324048,0.0,0,0,0,3,-1
2173,0.002173000,-0.620076,-0.0243036,0.0,0,0,0,3,-1
2174,0.002174000,-0.6201,-0.0162024,0.0,0,0,0,3,-1
2175,0.002175000,-0.620124,-0.0081012,0.0,0,0,0,3,-1
2176,0.002176000,-0.620136,0.0,0.0,0,0,0,3,-1
2177,0.002177000,-0.62016,0.0081012,0.0,0,0,0,3,-1
2178,0.002178000,-0.620184,0.0162024,0.0,0,0,0,3,-1
2179,0.002179000,-0.620208,0.0243036,0.0,0,0,0,3,-1
2180,0.002180000,-0.620232,0.0324048,0.0,0,0,0,3,-1
2181,0.002181000,-0.620256,0.040506,0.0,0,0,0,3,-1
2182,0.002182000,-0.62028,0.0486072,0.0,0,0,0,3,-1
2183,0.002183000,-0.620304,0.0567084,0.0,0,0,0,3,-1
2184,0.002184000,-0.620316,0.0648096,0.0,0,0,0,3,-1
2185,0.002185000,-0.62034,0.0729108,0.0,0,0,0,3,-1
2186,0.002186000,-0.620364,0.0810108,0.0,0,0,0,3,-1
2187,0.002187000,-0.620388,0.089112,0.0,0,0,0,3,-1
2188,0.002188000,-0.620412,0.0972132,0.0,0,0,0,3,-1
2189,0.002189000,-0.620436,0.1053144,0.0,0,0,0,3,-1
2190,0.002190000,-0.62046,0.1134156,5.0,1,0,0,3,8
2191,0.002191000,-0.620484,0.121512,0.0,0,0,0,3,-1
2192,0.002192000,-0.620496,0.129612,0.0,0,0,0,3,-1
2193,0.002193000,-0.62052,0.137712,0.0,0,0,0,3,-1
2194,0.002194000,-0.620544,0.145824,0.0,0,0,0,3,-1
2195,0.002195000,-0.620568,0.153924,0.0,0,0,0,3,-1
2196,0.002196000,-0.620592,0.162024,0.0,0,0,0,3,-1
2197,0.002197000,-0.620616,0.170124,0.0,0,0,0,3,-1
2198,0.002198000,-0.62064,0.178224,0.0,0,0,0,3,-1
2199,0.002199000,-0.620664,0.186324,0.0,0,0,0,3,-1
2200,0.002200000,-0.620676,0.194424,0.0,0,0,0,3,-1
2201,0.002201000,-0.6207,0.202524,0.0,0,0,0,3,-1
2202,0.002202000,-0.620724,0.210624,0.0,0,0,0,3,-1
2203,0.002203000,-0.620748,0.218724,0.0,0,0,0,3,-1
2204,0.002204000,-0.620772,0.226824,0.0,0,0,0,3,-1
2205,0.002205000,-0.620796,0.234924,0.0,0,0,0,3,-1
2206,0.002206000,-0.62082,0.243024,0.0,0,0,0,3,-1
2207,0.002207000,-0.620844,0.251124,0.0,0,0,0,3,-1
2208,0.002208000,-0.620856,0.259224,0.0,0,0,0,3,-1
2209,0.002209000,-0.62088,0.267324,0.0,0,0,0,3,-1
2210,0.002210000,-0.620904,0.275424,0.0,0,0,0,3,-1
2211,0.002211000,-0.620928,0.283524,0.0,0,0,0,3,-1
2212,0.002212000,-0.620952,0.291636,0.0,0,0,0,3,-1
2213,0.002213000,-0.620976,0.299736,0.0,0,0,0,3,-1
2214,0.002214000,-0.621,0.307836,0.0,0,0,0,3,-1
2215,0.002215000,-0.621024,0.315936,0.0,0,0,0,3,-1
2216,0.002216000,-0.621036,0.324036,0.0,0,0,0,3,-1
2217,0.002217000,-0.62106,0.332136,0.0,0,0,0,3,-1
2218,0.002218000,-0.621084,0.340236,0.0,0,0,0,3,-1
2219,0.002219000,-0.621108,0.348336,0.0,0,0,0,3,-1
2220,0.002220000,-0.621132,0.356436,5.0,1,0,0,3,9
2221,0.002221000,-0.621156,0.364536,0.0,0,0,0,3,-1
2222,0.002222000,-0.62118,0.372636,0.0,0,0,0,3,-1
2223,0.002223000,-0.621204,0.380736,0.0,0,0,0,3,-1
2224,0.002224000,-0.621216,0.388836,0.0,0,0,0,3,-1
2225,0.002225000,-0.62124,0.396936,0.0,0,0,0,3,-1
2226,0.002226000,-0.621264,0.405036,0.0,0,0,0,3,-1
2227,0.002227000,-0.621288,0.413136,0.0,0,0,0,3,-1
2228,0.002228000,-0.621312,0.421236,0.0,0,0,0,3,-1
2229,0.002229000,-0.621336,0.429336,0.0,0,0,0,3,-1
2230,0.002230000,-0.62136,0.437436,0.0,0,0,0,3,-1
2231,0.002231000,-0.621384,0.445536,0.0,0,0,0,3,-1
2232,0.002232000,-0.621396,0.453636,0.0,0,0,0,3,-1
2233,0.002233000,-0.62142,0.461736,0.0,0,0,0,3,-1
2234,0.002234000,-0.621444,0.469836,0.0,0,0,0,3,-1
2235,0.002235000,-0.621468,0.477936,0.0,0,0,0,3,-1
2236,0.002236000,-0.621492,0.486036,0.0,0,0,0,3,-1
2237,0.002237000,-0.621516,0.494136,0.0,0,0,0,3,-1
2238,0.002238000,-0.62154,0.502236,0.0,0,0,0,3,-1
2239,0.002239000,-0.621564,0.510336,0.0,0,0,0,3,-1
2240,0.002240000,-0.621576,0.518436,0.0,0,0,0,3,-1
2241,0.002241000,-0.6216,0.526536,0.0,0,0,0,3,-1
2242,0.002242000,-0.621624,0.534636,0.0,0,0,0,3,-1
2243,0.002243000,-0.621648,0.542736,0.0,0,0,0,3,-1
2244,0.002244000,-0.621672,0.550836,0.0,0,0,0,3,-1
2245,0.002245000,-0.621696,0.558936,0.0,0,0,0,3,-1
2246,0.002246000,-0.62172,0.567036,0.0,0,0,0,3,-1
2247,0.002247000,-0.621744,0.575136,0.0,0,0,0,3,-1
2248,0.002248000,-0.621756,0.583236,0.0,0,0,0,3,-1
2249,0.002249000,-0.62178,0.591336,0.0,0,0,0,3,-1
2250,0.002250000,-0.621804,0.599436,5.0,1,0,0,3,10
2251,0.002251000,-0.621828,0.607536,0.0,0,0,0,3,-1
2252,0.002252000,-0.621852,0.615636,0.0,0,0,0,3,-1
2253,0.002253000,-0.621876,0.623736,0.0,0,0,0,3,-1
2254,0.002254000,-0.6219,0.631836,0.0,0,0,0,3,-1
2255,0.002255000,-0.621924,0.639936,0.0,0,0,0,3,-1
2256,0.002256000,-0.621936,0.648024,0.0,0,0,0,3,-1
2257,0.002257000,-0.62196,0.656124,0.0,0,0,0,3,-1
2258,0.002258000,-0.621984,0.664224,0.0,0,0,0,3,-1
2259,0.002259000,-0.622008,0.672324,0.0,0,0,0,3,-1
2260,0.002260000,-0.622032,0.680424,0.0,0,0,0,3,-1
2261,0.002261000,-0.622056,0.688524,0.0,0,0,0,3,-1
2262,0.002262000,-0.62208,0.696624,0.0,0,0,0,3,-1
2263,0.002263000,-0.622104,0.704724,0.0,0,0,0,3,-1
2264,0.002264000,-0.622116,0.712824,0.0,0,0,0,3,-1
2265,0.002265000,-0.62214,0.720924,0.0,0,0,0,3,-1
2266,0.002266000,-0.622164,0.729024,0.0,0,0,0,3,-1
2267,0.002267000,-0.622188,0.737124,0.0,0,0,0,3,-1
2268,0.002268000,-0.622212,0.745224,0.0,0,0,0,3,-1
2269,0.002269000,-0.622236,0.753324,0.0,0,0,0,3,-1
2270,0.002270000,-0.62226,0.761424,0.0,0,0,0,3,-1
2271,0.002271000,-0.622284,0.769524,0.0,0,0,0,3,-1
2272,0.002272000,-0.622296,0.777624,0.0,0,0,0,3,-1
2273,0.002273000,-0.62232,0.785724,0.0,0,0,0,3,-1
2274,0.002274000,-0.622344,0.793812,0.0,0,0,0,3,-1
2275,0.002275000,-0.622368,0.801912,0.0,0,0,0,3,-1
2276,0.002276000,-0.622392,0.810012,0.0,0,0,0,3,-1
2277,0.002277000,-0.622416,0.818112,0.0,0,0,0,3,-1
2278,0.002278000,-0.62244,0.826212,0.0,0,0,0,3,-1
2279,0.002279000,-0.622464,0.834312,0.0,0,0,0,3,-1
2280,0.002280000,-0.622476,0.842412,5.0,1,0,0,3,11
2281,0.002281000,-0.6225,0.850512,0.0,0,0,0,3,-1
2282,0.002282000,-0.622524,0.858612,0.0,0,0,0,3,-1
2283,0.002283000,-0.622548,0.866712,0.0,0,0,0,3,-1
2284,0.002284000,-0.622572,0.874812,0.0,0,0,0,3,-1
2285,0.002285000,-0.622596,0.882912,0.0,0,0,0,3,-1
2286,0.002286000,-0.62262,0.891,0.0,0,0,0,3,-1
2287,0.002287000,-0.622644,0.8991,0.0,0,0,0,3,-1
2288,0.002288000,-0.622656,0.9072,0.0,0,0,0,3,-1
2289,0.002289000,-0.62268,0.9153,0.0,0,0,0,3,-1
2290,0.002290000,-0.622704,0.9234,0.0,0,0,0,3,-1
2291,0.002291000,-0.622728,0.9315,0.0,0,0,0,3,-1
2292,0.002292000,-0.622752,0.9396,0.0,0,0,0,3,-1
2293,0.002293000,-0.622776,0.9477,0.0,0,0,0,3,-1
2294,0.002294000,-0.6228,0.9558,0.0,0,0,0,3,-1
2295,0.002295000,-0.622824,0.9639,0.0,0,0,0,3,-1
2296,0.002296000,-0.622836,0.971988,0.0,0,0,0,3,-1
2297,0.002297000,-0.62286,0.980088,0.0,0,0,0,3,-1
2298,0.002298000,-0.622884,0.988188,0.0,0,0,0,3,-1
2299,0.002299000,-0.622908,0.996288,0.0,0,0,0,3,-1
2300,0.002300000,-0.622932,1.004388,0.0,0,0,0,3,-1
2301,0.002301000,-0.622956,1.012488,0.0,0,0,0,3,-1
2302,0.002302000,-0.62298,1.020588,0.0,0,0,0,3,-1
2303,0.002303000,-0.623004,1.028688,0.0,0,0,0,3,-1
2304,0.002304000,-0.623016,1.036776,0.0,0,0,0,3,-1
2305,0.002305000,-0.62304,1.044876,0.0,0,0,0,3,-1
2306,0.002306000,-0.623064,1.052976,0.0,0,0,0,3,-1
2307,0.002307000,-0.623088,1.061076,0.0,0,0,0,3,-1
2308,0.002308000,-0.623112,1.069176,0.0,0,0,0,3,-1
2309,0.002309000,-0.623136,1.077276,0.0,0,0,0,3,-1
2310,0.002310000,-0.62316,1.085376,5.0,1,0,0,3,12
2311,0.002311000,-0.623184,1.093476,0.0,0,0,0,3,-1
2312,0.002312000,-0.623196,1.101564,0.0,0,0,0,3,-1
2313,0.002313000,-0.62322,1.109664,0.0,0,0,0,3,-1
2314,0.002314000,-0.623244,1.117764,0.0,0,0,0,3,-1
2315,0.002315000,-0.623268,1.125864,0.0,0,0,0,3,-1
2316,0.002316000,-0.623292,1.133964,0.0,0,0,0,3,-1
2317,0.002317000,-0.623316,1.142064,0.0,0,0,0,3,-1
2318,0.002318000,-0.62334,1.150164,0.0,0,0,0,3,-1
2319,0.002319000,-0.623364,1.158252,0.0,0,0,0,3,-1
2320,0.002320000,-0.623376,1.166352,0.0,0,0,0,3,-1
2321,0.002321000,-0.6234,1.174452,0.0,0,0,0,3,-1
2322,0.002322000,-0.623424,1.182552,0.0,0,0,0,3,-1
2323,0.002323000,-0.623448,1.190652,0.0,0,0,0,3,-1
2324,0.002324000,-0.623472,1.198752,0.0,0,0,0,3,-1
2325,0.002325000,-0.623496,1.20684,0.0,0,0,0,3,-1
2326,0.002326000,-0.62352,1.215,0.0,0,0,0,3,-1
2327,0.002327000,-0.623544,1.22304,0.0,0,0,0,3,-1
2328,0.002328000,-0.623556,1.23108,0.0,0,0,0,3,-1
2329,0.002329000,-0.62358,1.23924,0.0,0,0,0,3,-1
2330,0.002330000,-0.623604,1.24728,0.0,0,0,0,3,-1
2331,0.002331000,-0.623628,1.25544,0.0,0,0,0,3,-1
2332,0.002332000,-0.623652,1.26348,0.0,0,0,0,3,-1
2333,0.002333000,-0.623676,1.27164,0.0,0,0,0,3,-1
2334,0.002334000,-0.6237,1.27968,0.0,0,0,0,3,-1
2335,0.002335000,-0.623724,1.28784,0.0,0,0,0,3,-1
2336,0.002336000,-0.623736,1.29588,0.0,0,0,0,3,-1
2337,0.002337000,-0.62376,1.30404,0.0,0,0,0,3,-1
2338,0.002338000,-0.623784,1.31208,0.0,0,0,0,3,-1
2339,0.002339000,-0.623808,1.32024,0.0,0,0,0,3,-1
2340,0.002340000,-0.623832,1.32828,5.0,1,0,0,3,13
2341,0.002341000,-0.623856,1.33644,0.0,0,0,0,3,-1
2342,0.002342000,-0.62388,1.34448,0.0,0,0,0,3,-1
2343,0.002343000,-0.623904,1.35264,0.0,0,0,0,3,-1
2344,0.002344000,-0.623916,1.36068,0.0,0,0,0,3,-1
2345,0.002345000,-0.62394,1.36884,0.0,0,0,0,3,-1
2346,0.002346000,-0.623964,1.37688,0.0,0,0,0,3,-1
2347,0.002347000,-0.623988,1.38504,0.0,0,0,0,3,-1
2348,0.002348000,-0.624012,1.39308,0.0,0,0,0,3,-1
2349,0.002349000,-0.624036,1.40124,0.0,0,0,0,3,-1
2350,0.002350000,-0.62406,1.40928,0.0,0,0,0,3,-1
2351,0.002351000,-0.624084,1.41744,0.0,0,0,0,3,-1
2352,0.002352000,-0.624096,1.42548,0.0,0,0,0,3,-1
2353,0.002353000,-0.62412,1.43364,0.0,0,0,0,3,-1
2354,0.002354000,-0.624144,1.44168,0.0,0,0,0,3,-1
2355,0.002355000,-0.624168,1.44972,0.0,0,0,0,3,-1
2356,0.002356000,-0.624192,1.45788,0.0,0,0,0,3,-1
2357,0.002357000,-0.624216,1.46592,0.0,0,0,0,3,-1
2358,0.002358000,-0.62424,1.47408,0.0,0,0,0,3,-1
2359,0.002359000,-0.624264,1.48212,0.0,0,0,0,3,-1
2360,0.002360000,-0.624276,1.49028,0.0,0,0,0,3,-1
2361,0.002361000,-0.6243,1.49832,0.0,0,0,0,3,-1
2362,0.002362000,-0.624324,1.50648,0.0,0,0,0,3,-1
2363,0.002363000,-0.624348,1.51452,0.0,0,0,0,3,-1
2364,0.002364000,-0.624372,1.52268,0.0,0,0,0,3,-1
2365,0.002365000,-0.624396,1.53072,0.0,0,0,0,3,-1
2366,0.002366000,-0.62442,1.53888,0.0,0,0,0,3,-1
2367,0.002367000,-0.624444,1.54692,0.0,0,0,0,3,-1
2368,0.002368000,-0.624456,1.55508,0.0,0,0,0,3,-1
2369,0.002369000,-0.62448,1.56312,0.0,0,0,0,3,-1
2370,0.002370000,-0.624504,1.57128,5.0,1,0,0,3,14
2371,0.002371000,-0.624528,1.57932,0.0,0,0,0,3,-1
2372,0.002372000,-0.624552,1.58748,0.0,0,0,0,3,-1
2373,0.002373000,-0.624576,1.59552,0.0,0,0,0,3,-1
2374,0.002374000,-0.6246,1.60368,0.0,0,0,0,3,-1
2375,0.002375000,-0.624624,1.61172,0.0,0,0,0,3,-1
2376,0.002376000,-0.624636,1.61976,0.0,0,0,0,3,-1
2377,0.002377000,-0.62466,1.62792,0.0,0,0,0,3,-1
2378,0.002378000,-0.624684,1.63596,0.0,0,0,0,3,-1
2379,0.002379000,-0.624708,1.64412,0.0,0,0,0,3,-1
2380,0.002380000,-0.624732,1.65216,0.0,0,0,0,3,-1
2381,0.002381000,-0.624756,1.66032,0.0,0,0,0,3,-1
2382,0.002382000,-0.62478,1.66836,0.0,0,0,0,3,-1
2383,0.002383000,-0.624792,1.67652,0.0,0,0,0,3,-1
2384,0.002384000,-0.624816,1.68456,0.0,0,0,0,3,-1
2385,0.002385000,-0.62484,1.69272,0.0,0,0,0,3,-1
2386,0.002386000,-0.624864,1.70076,0.0,0,0,0,3,-1
2387,0.002387000,-0.624888,1.70892,0.0,0,0,0,3,-1
2388,0.002388000,-0.624912,1.71696,0.0,0,0,0,3,-1
2389,0.002389000,-0.624936,1.72512,0.0,0,0,0,3,-1
2390,0.002390000,-0.62496,1.73316,0.0,0,0,0,3,-1
2391,0.002391000,-0.624972,1.74132,0.0,0,0,0,3,-1
2392,0.002392000,-0.624996,1.74936,0.0,0,0,0,3,-1
2393,0.002393000,-0.62502,1.75752,0.0,0,0,0,3,-1
2394,0.002394000,-0.625044,1.76556,0.0,0,0,0,3,-1
2395,0.002395000,-0.625068,1.7736,0.0,0,0,0,3,-1
2396,0.002396000,-0.625092,1.78176,0.0,0,0,0,3,-1
2397,0.002397000,-0.625116,1.7898,0.0,0,0,0,3,-1
2398,0.002398000,-0.62514,1.79796,0.0,0,0,0,3,-1
2399,0.002399000,-0.625152,1.806,0.0,0,0,0,3,-1
2400,0.002400000,-0.625176,1.81416,5.0,1,1,0,3,15
2401,0.002401000,-0.6252,1.8222,0.0,0,0,0,-1,-1
2402,0.002402000,-0.625224,1.83036,0.0,0,0,0,-1,-1
2403,0.002403000,-0.625248,1.8384,0.0,0,0,0,-1,-1
2404,0.002404000,-0.625272,1.84656,0.0,0,0,0,-1,-1
2405,0.002405000,-0.620388,1.85364,0.0,0,0,0,-1,-1
2406,0.002406000,-0.620412,1.86168,0.0,0,0,0,-1,-1
2407,0.002407000,-0.620436,1.86972,0.0,0,0,0,-1,-1
2408,0.002408000,-0.615552,1.8768,0.0,0,0,0,-1,-1
2409,0.002409000,-0.615576,1.88496,0.0,0,0,0,-1,-1
2410,0.002410000,-0.610704,1.89192,0.0,0,0,0,-1,-1
2411,0.002411000,-0.605844,1.899,0.0,0,0,0,-1,-1
2412,0.002412000,-0.600984,1.90596,0.0,0,0,0,-1,-1
2413,0.002413000,-0.596124,1.91304,0.0,0,0,0,-1,-1
2414,0.002414000,-0.591276,1.92,0.0,0,0,0,-1,-1
2415,0.002415000,-0.586416,1.91892,0.0,0,0,0,-1,-1
2416,0.002416000,-0.581568,1.92588,0.0,0,0,0,-1,-1
2417,0.002417000,-0.57672,1.9248,0.0,0,0,0,-1,-1
2418,0.002418000,-0.57186,1.92372,0.0,0,0,0,-1,-1
2419,0.002419000,-0.567048,1.9308,0.0,0,0,0,-1,-1
2420,0.002420000,-0.5622,1.92972,0.0,0,0,0,-1,-1
2421,0.002421000,-0.557364,1.92864,0.0,0,0,0,-1,-1
2422,0.002422000,-0.55254,1.92756,0.0,0,0,0,-1,-1
2423,0.002423000,-0.547716,1.92648,0.0,0,0,0,-1,-1
2424,0.002424000,-0.542904,1.9254,0.0,0,0,0,-1,-1
2425,0.002425000,-0.53808,1.92432,0.0,0,0,0,-1,-1
2426,0.002426000,-0.533256,1.91532,0.0,0,0,0,-1,-1
2427,0.002427000,-0.528456,1.91424,0.0,0,0,0,-1,-1
2428,0.002428000,-0.523656,1.91316,0.0,0,0,0,-1,-1
2429,0.002429000,-0.518844,1.90416,0.0,0,0,0,-1,-1
2430,0.002430000,-0.514056,1.90308,0.0,0,0,0,-1,-1
2431,0.002431000,-0.509256,1.89408,0.0,0,0,0,-1,-1
2432,0.002432000,-0.504456,1.88496,0.0,0,0,0,-1,-1
2433,0.002433000,-0.499656,1.87596,0.0,0,0,0,-1,-1
2434,0.002434000,-0.494868,1.86696,0.0,0,0,0,-1,-1
2435,0.002435000,-0.490092,1.85796,0.0,0,0,0,-1,-1
2436,0.002436000,-0.490068,1.85004,0.0,0,0,0,-1,-1
2437,0.002437000,-0.485292,1.84104,0.0,0,0,0,-1,-1
2438,0.002438000,-0.485268,1.83312,0.0,0,0,0,-1,-1
2439,0.002439000,-0.485244,1.82508,0.0,0,0,0,-1,-1
2440,0.002440000,-0.48048,1.81608,0.0,0,0,0,-1,-1
2441,0.002441000,-0.480456,1.80816,0.0,0,0,0,-1,-1
2442,0.002442000,-0.480432,1.80024,0.0,0,0,0,-1,-1
2443,0.002443000,-0.480408,1.7922,0.0,0,0,0,-1,-1
2444,0.002444000,-0.480384,1.78428,5.0,1,0,0,4,0
2445,0.002445000,-0.48036,1.77636,0.0,0,0,0,4,-1
2446,0.002446000,-0.480336,1.76832,0.0,0,0,0,4,-1
2447,0.002447000,-0.480324,1.7604,0.0,0,0,0,4,-1
2448,0.002448000,-0.4803,1.75248,0.0,0,0,0,4,-1
2449,0.002449000,-0.480276,1.74444,0.0,0,0,0,4,-1
2450,0.002450000,-0.480252,1.73652,0.0,0,0,0,4,-1
2451,0.002451000,-0.480228,1.72848,0.0,0,0,0,4,-1
2452,0.002452000,-0.480204,1.72056,0.0,0,0,0,4,-1
2453,0.002453000,-0.48018,1.71264,0.0,0,0,0,4,-1
2454,0.002454000,-0.480168,1.7046,0.0,0,0,0,4,-1
2455,0.002455000,-0.480144,1.69668,0.0,0,0,0,4,-1
2456,0.002456000,-0.48012,1.68876,0.0,0,0,0,4,-1
2457,0.002457000,-0.480096,1.68072,0.0,0,0,0,4,-1
2458,0.002458000,-0.480072,1.6728,0.0,0,0,0,4,-1
2459,0.002459000,-0.480048,1.66488,0.0,0,0,0,4,-1
2460,0.002460000,-0.480024,1.65684,0.0,0,0,0,4,-1
2461,0.002461000,-0.480012,1.64892,0.0,0,0,0,4,-1
2462,0.002462000,-0.479988,1.64088,0.0,0,0,0,4,-1
2463,0.002463000,-0.479964,1.63296,0.0,0,0,0,4,-1
2464,0.002464000,-0.47994,1.62504,0.0,0,0,0,4,-1
2465,0.002465000,-0.479916,1.617,0.0,0,0,0,4,-1
2466,0.002466000,-0.479892,1.60908,0.0,0,0,0,4,-1
2467,0.002467000,-0.479868,1.60116,0.0,0,0,0,4,-1
2468,0.002468000,-0.479844,1.59312,0.0,0,0,0,4,-1
2469,0.002469000,-0.479832,1.5852,0.0,0,0,0,4,-1
2470,0.002470000,-0.479808,1.57728,0.0,0,0,0,4,-1
2471,0.002471000,-0.479784,1.56924,0.0,0,0,0,4,-1
2472,0.002472000,-0.47976,1.56132,0.0,0,0,0,4,-1
2473,0.002473000,-0.479736,1.55328,0.0,0,0,0,4,-1
2474,0.002474000,-0.479712,1.54536,5.0,1,0,0,4,1
2475,0.002475000,-0.479688,1.53744,0.0,0,0,0,4,-1
2476,0.002476000,-0.479676,1.5294,0.0,0,0,0,4,-1
2477,0.002477000,-0.479652,1.52148,0.0,0,0,0,4,-1
2478,0.002478000,-0.479628,1.51356,0.0,0,0,0,4,-1
2479,0.002479000,-0.479604,1.50552,0.0,0,0,0,4,-1
2480,0.002480000,-0.47958,1.4976,0.0,0,0,0,4,-1
2481,0.002481000,-0.479556,1.48968,0.0,0,0,0,4,-1
2482,0.002482000,-0.479532,1.48164,0.0,0,0,0,4,-1
2483,0.002483000,-0.47952,1.47372,0.0,0,0,0,4,-1
2484,0.002484000,-0.479496,1.46568,0.0,0,0,0,4,-1
2485,0.002485000,-0.479472,1.45776,0.0,0,0,0,4,-1
2486,0.002486000,-0.479448,1.44984,0.0,0,0,0,4,-1
2487,0.002487000,-0.479424,1.4418,0.0,0,0,0,4,-1
2488,0.002488000,-0.4794,1.43388,0.0,0,0,0,4,-1
2489,0.002489000,-0.479376,1.42596,0.0,0,0,0,4,-1
2490,0.002490000,-0.479364,1.41792,0.0,0,0,0,4,-1
2491,0.002491000,-0.47934,1.41,0.0,0,0,0,4,-1
2492,0.002492000,-0.479316,1.40196,0.0,0,0,0,4,-1
2493,0.002493000,-0.479292,1.39404,0.0,0,0,0,4,-1
2494,0.002494000,-0.479268,1.38612,0.0,0,0,0,4,-1
2495,0.002495000,-0.479244,1.37808,0.0,0,0,0,4,-1
2496,0.002496000,-0.47922,1.37016,0.0,0,0,0,4,-1
2497,0.002497000,-0.479208,1.36224,0.0,0,0,0,4,-1
2498,0.002498000,-0.479184,1.3542,0.0,0,0,0,4,-1
2499,0.002499000,-0.47916,1.34628,0.0,0,0,0,4,-1
2500,0.002500000,-0.479136,1.33836,0.0,0,0,0,4,-1
2501,0.002501000,-0.479112,1.33032,0.0,0,0,0,4,-1
2502,0.002502000,-0.479088,1.3224,0.0,0,0,0,4,-1
2503,0.002503000,-0.479064,1.31436,0.0,0,0,0,4,-1
2504,0.002504000,-0.479052,1.30644,5.0,1,0,0,4,2
2505,0.002505000,-0.479028,1.29852,0.0,0,0,0,4,-1
2506,0.002506000,-0.479004,1.29048,0.0,0,0,0,4,-1
2507,0.002507000,-0.47898,1.28256,0.0,0,0,0,4,-1
2508,0.002508000,-0.478956,1.27464,0.0,0,0,0,4,-1
2509,0.002509000,-0.478932,1.2666,0.0,0,0,0,4,-1
2510,0.002510000,-0.478908,1.25868,0.0,0,0,0,4,-1
2511,0.002511000,-0.478896,1.25064,0.0,0,0,0,4,-1
2512,0.002512000,-0.478872,1.24272,0.0,0,0,0,4,-1
2513,0.002513000,-0.478848,1.2348,0.0,0,0,0,4,-1
2514,0.002514000,-0.478824,1.22676,0.0,0,0,0,4,-1
2515,0.002515000,-0.4788,1.21884,0.0,0,0,0,4,-1
2516,0.002516000,-0.478776,1.21092,0.0,0,0,0,4,-1
2517,0.002517000,-0.478752,1.20288,0.0,0,0,0,4,-1
2518,0.002518000,-0.47874,1.194948,0.0,0,0,0,4,-1
2519,0.002519000,-0.478716,1.18698,0.0,0,0,0,4,-1
2520,0.002520000,-0.478692,1.179012,0.0,0,0,0,4,-1
2521,0.002521000,-0.478668,1.171044,0.0,0,0,0,4,-1
2522,0.002522000,-0.478644,1.163088,0.0,0,0,0,4,-1
2523,0.002523000,-0.47862,1.15512,0.0,0,0,0,4,-1
2524,0.002524000,-0.478596,1.147152,0.0,0,0,0,4,-1
2525,0.002525000,-0.478584,1.139184,0.0,0,0,0,4,-1
2526,0.002526000,-0.47856,1.131228,0.0,0,0,0,4,-1
2527,0.002527000,-0.478536,1.12326,0.0,0,0,0,4,-1
2528,0.002528000,-0.478512,1.115292,0.0,0,0,0,4,-1
2529,0.002529000,-0.478488,1.107336,0.0,0,0,0,4,-1
2530,0.002530000,-0.478464,1.099368,0.0,0,0,0,4,-1
2531,0.002531000,-0.47844,1.0914,0.0,0,0,0,4,-1
2532,0.002532000,-0.478428,1.083432,0.0,0,0,0,4,-1
2533,0.002533000,-0.478404,1.075476,0.0,0,0,0,4,-1
2534,0.002534000,-0.47838,1.067508,5.0,1,0,0,4,3
2535,0.002535000,-0.478356,1.05954,0.0,0,0,0,4,-1
2536,0.002536000,-0.478332,1.051572,0.0,0,0,0,4,-1
2537,0.002537000,-0.478308,1.043604,0.0,0,0,0,4,-1
2538,0.002538000,-0.478284,1.035648,0.0,0,0,0,4,-1
2539,0.002539000,-0.478272,1.02768,0.0,0,0,0,4,-1
2540,0.002540000,-0.478248,1.019712,0.0,0,0,0,4,-1
2541,0.002541000,-0.478224,1.011744,0.0,0,0,0,4,-1
2542,0.002542000,-0.4782,1.003788,0.0,0,0,0,4,-1
2543,0.002543000,-0.478176,0.99582,0.0,0,0,0,4,-1
2544,0.002544000,-0.478152,0.987852,0.0,0,0,0,4,-1
2545,0.002545000,-0.478128,0.979884,0.0,0,0,0,4,-1
2546,0.002546000,-0.478104,0.971928,0.0,0,0,0,4,-1
2547,0.002547000,-0.478092,0.96396,0.0,0,0,0,4,-1
2548,0.002548000,-0.478068,0.955992,0.0,0,0,0,4,-1
2549,0.002549000,-0.478044,0.948024,0.0,0,0,0,4,-1
2550,0.002550000,-0.47802,0.940056,0.0,0,0,0,4,-1
2551,0.002551000,-0.477996,0.9321,0.0,0,0,0,4,-1
2552,0.002552000,-0.477972,0.924132,0.0,0,0,0,4,-1
2553,0.002553000,-0.477948,0.916164,0.0,0,0,0,4,-1
2554,0.002554000,-0.477936,0.908196,0.0,0,0,0,4,-1
2555,0.002555000,-0.477912,0.90024,0.0,0,0,0,4,-1
2556,0.002556000,-0.477888,0.892272,0.0,0,0,0,4,-1
2557,0.002557000,-0.477864,0.884304,0.0,0,0,0,4,-1
2558,0.002558000,-0.47784,0.876336,0.0,0,0,0,4,-1
2559,0.002559000,-0.477816,0.868368,0.0,0,0,0,4,-1
2560,0.002560000,-0.477792,0.860412,0.0,0,0,0,4,-1
2561,0.002561000,-0.47778,0.852444,0.0,0,0,0,4,-1
2562,0.002562000,-0.477756,0.844476,0.0,0,0,0,4,-1
2563,0.002563000,-0.477732,0.836508,0.0,0,0,0,4,-1
2564,0.002564000,-0.477708,0.82854,5.0,1,0,0,4,4
2565,0.002565000,-0.477684,0.820584,0.0,0,0,0,4,-1
2566,0.002566000,-0.47766,0.812616,0.0,0,0,0,4,-1
2567,0.002567000,-0.477636,0.804648,0.0,0,0,0,4,-1
2568,0.002568000,-0.477624,0.79668,0.0,0,0,0,4,-1
2569,0.002569000,-0.4776,0.788712,0.0,0,0,0,4,-1
2570,0.002570000,-0.477576,0.780744,0.0,0,0,0,4,-1
2571,0.002571000,-0.477552,0.772788,0.0,0,0,0,4,-1
2572,0.002572000,-0.477528,0.76482,0.0,0,0,0,4,-1
2573,0.002573000,-0.477504,0.756852,0.0,0,0,0,4,-1
2574,0.002574000,-0.47748,0.748884,0.0,0,0,0,4,-1
2575,0.002575000,-0.477468,0.740916,0.0,0,0,0,4,-1
2576,0.002576000,-0.477444,0.73296,0.0,0,0,0,4,-1
2577,0.002577000,-0.47742,0.724992,0.0,0,0,0,4,-1
2578,0.002578000,-0.477396,0.717024,0.0,0,0,0,4,-1
2579,0.002579000,-0.477372,0.709056,0.0,0,0,0,4,-1
2580,0.002580000,-0.477348,0.701088,0.0,0,0,0,4,-1
2581,0.002581000,-0.477324,0.69312,0.0,0,0,0,4,-1
2582,0.002582000,-0.477312,0.685164,0.0,0,0,0,4,-1
2583,0.002583000,-0.477288,0.677196,0.0,0,0,0,4,-1
2584,0.002584000,-0.477264,0.669228,0.0,0,0,0,4,-1
2585,0.002585000,-0.47724,0.66126,0.0,0,0,0,4,-1
2586,0.002586000,-0.477216,0.653292,0.0,0,0,0,4,-1
2587,0.002587000,-0.477192,0.645324,0.0,0,0,0,4,-1
2588,0.002588000,-0.477168,0.637356,0.0,0,0,0,4,-1
2589,0.002589000,-0.477156,0.6294,0.0,0,0,0,4,-1
2590,0.002590000,-0.477132,0.621432,0.0,0,0,0,4,-1
2591,0.002591000,-0.477108,0.613464,0.0,0,0,0,4,-1
2592,0.002592000,-0.477084,0.605496,0.0,0,0,0,4,-1
2593,0.002593000,-0.47706,0.597528,0.0,0,0,0,4,-1
2594,0.002594000,-0.477036,0.58956,5.0,1,0,0,4,5
2595,0.002595000,-0.477012,0.581592,0.0,0,0,0,4,-1
2596,0.002596000,-0.477,0.573636,0.0,0,0,0,4,-1
2597,0.002597000,-0.476976,0.565668,0.0,0,0,0,4,-1
2598,0.002598000,-0.476952,0.5577,0.0,0,0,0,4,-1
2599,0.002599000,-0.476928,0.549732,0.0,0,0,0,4,-1
2600,0.002600000,-0.476904,0.541764,0.0,0,0,0,4,-1
2601,0.002601000,-0.47688,0.533796,0.0,0,0,0,4,-1
2602,0.002602000,-0.476856,0.525828,0.0,0,0,0,4,-1
2603,0.002603000,-0.476844,0.517872,0.0,0,0,0,4,-1
2604,0.002604000,-0.47682,0.509904,0.0,0,0,0,4,-1
2605,0.002605000,-0.476796,0.501936,0.0,0,0,0,4,-1
2606,0.002606000,-0.476772,0.493968,0.0,0,0,0,4,-1
2607,0.002607000,-0.476748,0.486,0.0,0,0,0,4,-1
2608,0.002608000,-0.476724,0.478032,0.0,0,0,0,4,-1
2609,0.002609000,-0.4767,0.470064,0.0,0,0,0,4,-1
2610,0.002610000,-0.476676,0.462096,0.0,0,0,0,4,-1
2611,0.002611000,-0.476664,0.454128,0.0,0,0,0,4,-1
2612,0.002612000,-0.47664,0.446172,0.0,0,0,0,4,-1
2613,0.002613000,-0.476616,0.438204,0.0,0,0,0,4,-1
2614,0.002614000,-0.476592,0.430236,0.0,0,0,0,4,-1
2615,0.002615000,-0.476568,0.422268,0.0,0,0,0,4,-1
2616,0.002616000,-0.476544,0.4143,0.0,0,0,0,4,-1
2617,0.002617000,-0.47652,0.406332,0.0,0,0,0,4,-1
2618,0.002618000,-0.476508,0.398364,0.0,0,0,0,4,-1
2619,0.002619000,-0.476484,0.390396,0.0,0,0,0,4,-1
2620,0.002620000,-0.47646,0.382428,0.0,0,0,0,4,-1
2621,0.002621000,-0.476436,0.37446,0.0,0,0,0,4,-1
2622,0.002622000,-0.476412,0.366504,0.0,0,0,0,4,-1
2623,0.002623000,-0.476388,0.358536,0.0,0,0,0,4,-1
2624,0.002624000,-0.476364,0.350568,5.0,1,0,0,4,6
2625,0.002625000,-0.476352,0.3426,0.0,0,0,0,4,-1
2626,0.002626000,-0.476328,0.334632,0.0,0,0,0,4,-1
2627,0.002627000,-0.476304,0.326664,0.0,0,0,0,4,-1
2628,0.002628000,-0.47628,0.318696,0.0,0,0,0,4,-1
2629,0.002629000,-0.476256,0.310728,0.0,0,0,0,4,-1
2630,0.002630000,-0.476232,0.30276,0.0,0,0,0,4,-1
2631,0.002631000,-0.476208,0.294792,0.0,0,0,0,4,-1
2632,0.002632000,-0.476196,0.286824,0.0,0,0,0,4,-1
2633,0.002633000,-0.476172,0.278856,0.0,0,0,0,4,-1
2634,0.002634000,-0.476148,0.2709,0.0,0,0,0,4,-1
2635,0.002635000,-0.476124,0.262932,0.0,0,0,0,4,-1
2636,0.002636000,-0.4761,0.254964,0.0,0,0,0,4,-1
2637,0.002637000,-0.476076,0.246996,0.0,0,0,0,4,-1
2638,0.002638000,-0.476052,0.239028,0.0,0,0,0,4,-1
2639,0.002639000,-0.47604,0.23106,0.0,0,0,0,4,-1
2640,0.002640000,-0.476016,0.223092,0.0,0,0,0,4,-1
2641,0.002641000,-0.475992,0.215124,0.0,0,0,0,4,-1
2642,0.002642000,-0.475968,0.207156,0.0,0,0,0,4,-1
2643,0.002643000,-0.475944,0.199188,0.0,0,0,0,4,-1
2644,0.002644000,-0.47592,0.19122,0.0,0,0,0,4,-1
2645,0.002645000,-0.475896,0.183252,0.0,0,0,0,4,-1
2646,0.002646000,-0.475884,0.175284,0.0,0,0,0,4,-1
2647,0.002647000,-0.47586,0.167316,0.0,0,0,0,4,-1
2648,0.002648000,-0.475836,0.159348,0.0,0,0,0,4,-1
2649,0.002649000,-0.475812,0.15138,0.0,0,0,0,4,-1
2650,0.002650000,-0.475788,0.143412,0.0,0,0,0,4,-1
2651,0.002651000,-0.475764,0.135456,0.0,0,0,0,4,-1
2652,0.002652000,-0.47574,0.127488,0.0,0,0,0,4,-1
2653,0.002653000,-0.475728,0.1195152,0.0,0,0,0,4,-1
2654,0.002654000,-0.475704,0.1115484,5.0,1,0,0,4,7
2655,0.002655000,-0.47568,0.1035804,0.0,0,0,0,4,-1
2656,0.002656000,-0.475656,0.0956124,0.0,0,0,0,4,-1
2657,0.002657000,-0.475632,0.0876456,0.0,0,0,0,4,-1
2658,0.002658000,-0.475608,0.0796776,0.0,0,0,0,4,-1
2659,0.002659000,-0.475584,0.0717096,0.0,0,0,0,4,-1
2660,0.002660000,-0.475572,0.0637416,0.0,0,0,0,4,-1
2661,0.002661000,-0.475548,0.0557748,0.0,0,0,0,4,-1
2662,0.002662000,-0.475524,0.0478068,0.0,0,0,0,4,-1
2663,0.002663000,-0.4755,0.0398388,0.0,0,0,0,4,-1
2664,0.002664000,-0.475476,0.0318708,0.0,0,0,0,4,-1
2665,0.002665000,-0.475452,0.023904,0.0,0,0,0,4,-1
2666,0.002666000,-0.475428,0.015936,0.0,0,0,0,4,-1
2667,0.002667000,-0.475404,0.00796788,0.0,0,0,0,4,-1
2668,0.002668000,-0.475392,0.0,0.0,0,0,0,4,-1
2669,0.002669000,-0.475368,-0.00796788,0.0,0,0,0,4,-1
2670,0.002670000,-0.475344,-0.015936,0.0,0,0,0,4,-1
2671,0.002671000,-0.47532,-0.023904,0.0,0,0,0,4,-1
2672,0.002672000,-0.475296,-0.031872,0.0,0,0,0,4,-1
2673,0.002673000,-0.475272,-0.03984,0.0,0,0,0,4,-1
2674,0.002674000,-0.475248,-0.047808,0.0,0,0,0,4,-1
2675,0.002675000,-0.475236,-0.055776,0.0,0,0,0,4,-1
2676,0.002676000,-0.475212,-0.063744,0.0,0,0,0,4,-1
2677,0.002677000,-0.475188,-0.071712,0.0,0,0,0,4,-1
2678,0.002678000,-0.475164,-0.07968,0.0,0,0,0,4,-1
2679,0.002679000,-0.47514,-0.087648,0.0,0,0,0,4,-1
2680,0.002680000,-0.475116,-0.095616,0.0,0,0,0,4,-1
2681,0.002681000,-0.475092,-0.103584,0.0,0,0,0,4,-1
2682,0.002682000,-0.47508,-0.111552,0.0,0,0,0,4,-1
2683,0.002683000,-0.475056,-0.11952,0.0,0,0,0,4,-1
2684,0.002684000,-0.475032,-0.127488,5.0,1,0,0,4,8
2685,0.002685000,-0.475008,-0.135456,0.0,0,0,0,4,-1
2686,0.002686000,-0.474984,-0.143424,0.0,0,0,0,4,-1
2687,0.002687000,-0.47496,-0.151392,0.0,0,0,0,4,-1
2688,0.002688000,-0.474936,-0.15936,0.0,0,0,0,4,-1
2689,0.002689000,-0.474924,-0.167328,0.0,0,0,0,4,-1
2690,0.002690000,-0.4749,-0.175296,0.0,0,0,0,4,-1
2691,0.002691000,-0.474876,-0.183264,0.0,0,0,0,4,-1
2692,0.002692000,-0.474852,-0.191232,0.0,0,0,0,4,-1
2693,0.002693000,-0.474828,-0.1992,0.0,0,0,0,4,-1
2694,0.002694000,-0.474804,-0.207168,0.0,0,0,0,4,-1
2695,0.002695000,-0.47478,-0.215136,0.0,0,0,0,4,-1
2696,0.002696000,-0.474768,-0.223104,0.0,0,0,0,4,-1
2697,0.002697000,-0.474744,-0.231072,0.0,0,0,0,4,-1
2698,0.002698000,-0.47472,-0.23904,0.0,0,0,0,4,-1
2699,0.002699000,-0.474696,-0.247008,0.0,0,0,0,4,-1
2700,0.002700000,-0.474672,-0.254976,0.0,0,0,0,4,-1
2701,0.002701000,-0.474648,-0.262956,0.0,0,0,0,4,-1
2702,0.002702000,-0.474624,-0.270924,0.0,0,0,0,4,-1
2703,0.002703000,-0.474612,-0.278892,0.0,0,0,0,4,-1
2704,0.002704000,-0.474588,-0.28686,0.0,0,0,0,4,-1
2705,0.002705000,-0.474564,-0.294828,0.0,0,0,0,4,-1
2706,0.002706000,-0.47454,-0.302796,0.0,0,0,0,4,-1
2707,0.002707000,-0.474516,-0.310764,0.0,0,0,0,4,-1
2708,0.002708000,-0.474492,-0.318732,0.0,0,0,0,4,-1
2709,0.002709000,-0.474468,-0.3267,0.0,0,0,0,4,-1
2710,0.002710000,-0.474456,-0.334668,0.0,0,0,0,4,-1
2711,0.002711000,-0.474432,-0.342636,0.0,0,0,0,4,-1
2712,0.002712000,-0.474408,-0.350604,0.0,0,0,0,4,-1
2713,0.002713000,-0.474384,-0.358572,0.0,0,0,0,4,-1
2714,0.002714000,-0.47436,-0.36654,5.0,1,0,0,4,9
2715,0.002715000,-0.474336,-0.374508,0.0,0,0,0,4,-1
2716,0.002716000,-0.474312,-0.382476,0.0,0,0,0,4,-1
2717,0.002717000,-0.4743,-0.390444,0.0,0,0,0,4,-1
2718,0.002718000,-0.474276,-0.398424,0.0,0,0,0,4,-1
2719,0.002719000,-0.474252,-0.406392,0.0,0,0,0,4,-1
2720,0.002720000,-0.474228,-0.41436,0.0,0,0,0,4,-1
2721,0.002721000,-0.474204,-0.422328,0.0,0,0,0,4,-1
2722,0.002722000,-0.47418,-0.430296,0.0,0,0,0,4,-1
2723,0.002723000,-0.474156,-0.438264,0.0,0,0,0,4,-1
2724,0.002724000,-0.474132,-0.446232,0.0,0,0,0,4,-1
2725,0.002725000,-0.47412,-0.4542,0.0,0,0,0,4,-1
2726,0.002726000,-0.474096,-0.462168,0.0,0,0,0,4,-1
2727,0.002727000,-0.474072,-0.470136,0.0,0,0,0,4,-1
2728,0.002728000,-0.474048,-0.478104,0.0,0,0,0,4,-1
2729,0.002729000,-0.474024,-0.486072,0.0,0,0,0,4,-1
2730,0.002730000,-0.474,-0.494052,0.0,0,0,0,4,-1
2731,0.002731000,-0.473976,-0.50202,0.0,0,0,0,4,-1
2732,0.002732000,-0.473964,-0.509988,0.0,0,0,0,4,-1
2733,0.002733000,-0.47394,-0.517956,0.0,0,0,0,4,-1
2734,0.002734000,-0.473916,-0.525924,0.0,0,0,0,4,-1
2735,0.002735000,-0.473892,-0.533892,0.0,0,0,0,4,-1
2736,0.002736000,-0.473868,-0.54186,0.0,0,0,0,4,-1
2737,0.002737000,-0.473844,-0.549828,0.0,0,0,0,4,-1
2738,0.002738000,-0.47382,-0.557796,0.0,0,0,0,4,-1
2739,0.002739000,-0.473808,-0.565764,0.0,0,0,0,4,-1
2740,0.002740000,-0.473784,-0.573744,0.0,0,0,0,4,-1
2741,0.002741000,-0.47376,-0.581712,0.0,0,0,0,4,-1
2742,0.002742000,-0.473736,-0.58968,0.0,0,0,0,4,-1
2743,0.002743000,-0.473712,-0.597648,0.0,0,0,0,4,-1
2744,0.002744000,-0.473688,-0.605616,5.0,1,0,0,4,10
2745,0.002745000,-0.473664,-0.613584,0.0,0,0,0,4,-1
2746,0.002746000,-0.473652,-0.621552,0.0,0,0,0,4,-1
2747,0.002747000,-0.473628,-0.62952,0.0,0,0,0,4,-1
2748,0.002748000,-0.473604,-0.6375,0.0,0,0,0,4,-1
2749,0.002749000,-0.47358,-0.645468,0.0,0,0,0,4,-1
2750,0.002750000,-0.473556,-0.653436,0.0,0,0,0,4,-1
2751,0.002751000,-0.473532,-0.661404,0.0,0,0,0,4,-1
2752,0.002752000,-0.473508,-0.669372,0.0,0,0,0,4,-1
2753,0.002753000,-0.473496,-0.67734,0.0,0,0,0,4,-1
2754,0.002754000,-0.473472,-0.685308,0.0,0,0,0,4,-1
2755,0.002755000,-0.473448,-0.693276,0.0,0,0,0,4,-1
2756,0.002756000,-0.473424,-0.701256,0.0,0,0,0,4,-1
2757,0.002757000,-0.4734,-0.709224,0.0,0,0,0,4,-1
2758,0.002758000,-0.473376,-0.717192,0.0,0,0,0,4,-1
2759,0.002759000,-0.473352,-0.72516,0.0,0,0,0,4,-1
2760,0.002760000,-0.47334,-0.733128,0.0,0,0,0,4,-1
2761,0.002761000,-0.473316,-0.741096,0.0,0,0,0,4,-1
2762,0.002762000,-0.473292,-0.749064,0.0,0,0,0,4,-1
2763,0.002763000,-0.473268,-0.757044,0.0,0,0,0,4,-1
2764,0.002764000,-0.473244,-0.765012,0.0,0,0,0,4,-1
2765,0.002765000,-0.47322,-0.77298,0.0,0,0,0,4,-1
2766,0.002766000,-0.473196,-0.780948,0.0,0,0,0,4,-1
2767,0.002767000,-0.473172,-0.788916,0.0,0,0,0,4,-1
2768,0.002768000,-0.47316,-0.796884,0.0,0,0,0,4,-1
2769,0.002769000,-0.473136,-0.804864,0.0,0,0,0,4,-1
2770,0.002770000,-0.473112,-0.812832,0.0,0,0,0,4,-1
2771,0.002771000,-0.473088,-0.8208,0.0,0,0,0,4,-1
2772,0.002772000,-0.473064,-0.828768,0.0,0,0,0,4,-1
2773,0.002773000,-0.47304,-0.836736,0.0,0,0,0,4,-1
2774,0.002774000,-0.473016,-0.844704,5.0,1,0,0,4,11
2775,0.002775000,-0.473004,-0.852684,0.0,0,0,0,4,-1
2776,0.002776000,-0.47298,-0.860652,0.0,0,0,0,4,-1
2777,0.002777000,-0.472956,-0.86862,0.0,0,0,0,4,-1
2778,0.002778000,-0.472932,-0.876588,0.0,0,0,0,4,-1
2779,0.002779000,-0.472908,-0.884556,0.0,0,0,0,4,-1
2780,0.002780000,-0.472884,-0.892524,0.0,0,0,0,4,-1
2781,0.002781000,-0.47286,-0.900504,0.0,0,0,0,4,-1
2782,0.002782000,-0.472848,-0.908472,0.0,0,0,0,4,-1
2783,0.002783000,-0.472824,-0.91644,0.0,0,0,0,4,-1
2784,0.002784000,-0.4728,-0.924408,0.0,0,0,0,4,-1
2785,0.002785000,-0.472776,-0.932376,0.0,0,0,0,4,-1
2786,0.002786000,-0.472752,-0.940356,0.0,0,0,0,4,-1
2787,0.002787000,-0.472728,-0.948324,0.0,0,0,0,4,-1
2788,0.002788000,-0.472704,-0.956292,0.0,0,0,0,4,-1
2789,0.002789000,-0.472692,-0.96426,0.0,0,0,0,4,-1
2790,0.002790000,-0.472668,-0.972228,0.0,0,0,0,4,-1
2791,0.002791000,-0.472644,-0.980196,0.0,0,0,0,4,-1
2792,0.002792000,-0.47262,-0.988176,0.0,0,0,0,4,-1
2793,0.002793000,-0.472596,-0.996144,0.0,0,0,0,4,-1
2794,0.002794000,-0.472572,-1.004112,0.0,0,0,0,4,-1
2795,0.002795000,-0.472548,-1.01208,0.0,0,0,0,4,-1
2796,0.002796000,-0.472536,-1.02006,0.0,0,0,0,4,-1
2797,0.002797000,-0.472512,-1.028028,0.0,0,0,0,4,-1
2798,0.002798000,-0.472488,-1.035996,0.0,0,0,0,4,-1
2799,0.002799000,-0.472464,-1.043964,0.0,0,0,0,4,-1
2800,0.002800000,-0.47244,-1.051932,0.0,0,0,0,4,-1
2801,0.002801000,-0.472416,-1.059912,0.0,0,0,0,4,-1
2802,0.002802000,-0.472392,-1.06788,0.0,0,0,0,4,-1
2803,0.002803000,-0.47238,-1.075848,0.0,0,0,0,4,-1
2804,0.002804000,-0.472356,-1.083816,5.0,1,0,0,4,12
2805,0.002805000,-0.472332,-1.091784,0.0,0,0,0,4,-1
2806,0.002806000,-0.472308,-1.099764,0.0,0,0,0,4,-1
2807,0.002807000,-0.472284,-1.107732,0.0,0,0,0,4,-1
2808,0.002808000,-0.47226,-1.1157,0.0,0,0,0,4,-1
2809,0.002809000,-0.472236,-1.123668,0.0,0,0,0,4,-1
2810,0.002810000,-0.472224,-1.131648,0.0,0,0,0,4,-1
2811,0.002811000,-0.4722,-1.139616,0.0,0,0,0,4,-1
2812,0.002812000,-0.472176,-1.147584,0.0,0,0,0,4,-1
2813,0.002813000,-0.472152,-1.155552,0.0,0,0,0,4,-1
2814,0.002814000,-0.472128,-1.163532,0.0,0,0,0,4,-1
2815,0.002815000,-0.472104,-1.1715,0.0,0,0,0,4,-1
2816,0.002816000,-0.47208,-1.179468,0.0,0,0,0,4,-1
2817,0.002817000,-0.472056,-1.187436,0.0,0,0,0,4,-1
2818,0.002818000,-0.472044,-1.195416,0.0,0,0,0,4,-1
2819,0.002819000,-0.47202,-1.20336,0.0,0,0,0,4,-1
2820,0.002820000,-0.471996,-1.2114,0.0,0,0,0,4,-1
2821,0.002821000,-0.471972,-1.21932,0.0,0,0,0,4,-1
2822,0.002822000,-0.471948,-1.22724,0.0,0,0,0,4,-1
2823,0.002823000,-0.471924,-1.23528,0.0,0,0,0,4,-1
2824,0.002824000,-0.4719,-1.2432,0.0,0,0,0,4,-1
2825,0.002825000,-0.471888,-1.25124,0.0,0,0,0,4,-1
2826,0.002826000,-0.471864,-1.25916,0.0,0,0,0,4,-1
2827,0.002827000,-0.47184,-1.2672,0.0,0,0,0,4,-1
2828,0.002828000,-0.471816,-1.27512,0.0,0,0,0,4,-1
2829,0.002829000,-0.471792,-1.28304,0.0,0,0,0,4,-1
2830,0.002830000,-0.471768,-1.29108,0.0,0,0,0,4,-1
2831,0.002831000,-0.471744,-1.299,0.0,0,0,0,4,-1
2832,0.002832000,-0.471732,-1.30704,0.0,0,0,0,4,-1
2833,0.002833000,-0.471708,-1.31496,0.0,0,0,0,4,-1
2834,0.002834000,-0.471684,-1.323,5.0,1,0,0,4,13
2835,0.002835000,-0.47166,-1.33092,0.0,0,0,0,4,-1
2836,0.002836000,-0.471636,-1.33884,0.0,0,0,0,4,-1
2837,0.002837000,-0.471612,-1.34688,0.0,0,0,0,4,-1
2838,0.002838000,-0.471588,-1.3548,0.0,0,0,0,4,-1
2839,0.002839000,-0.471576,-1.36284,0.0,0,0,0,4,-1
2840,0.002840000,-0.471552,-1.37076,0.0,0,0,0,4,-1
2841,0.002841000,-0.471528,-1.3788,0.0,0,0,0,4,-1
2842,0.002842000,-0.471504,-1.38672,0.0,0,0,0,4,-1
2843,0.002843000,-0.47148,-1.39464,0.0,0,0,0,4,-1
2844,0.002844000,-0.471456,-1.40268,0.0,0,0,0,4,-1
2845,0.002845000,-0.471432,-1.4106,0.0,0,0,0,4,-1
2846,0.002846000,-0.47142,-1.41864,0.0,0,0,0,4,-1
2847,0.002847000,-0.471396,-1.42656,0.0,0,0,0,4,-1
2848,0.002848000,-0.471372,-1.4346,0.0,0,0,0,4,-1
2849,0.002849000,-0.471348,-1.44252,0.0,0,0,0,4,-1
2850,0.002850000,-0.471324,-1.45044,0.0,0,0,0,4,-1
2851,0.002851000,-0.4713,-1.45848,0.0,0,0,0,4,-1
2852,0.002852000,-0.471276,-1.4664,0.0,0,0,0,4,-1
2853,0.002853000,-0.471252,-1.47444,0.0,0,0,0,4,-1
2854,0.002854000,-0.47124,-1.48236,0.0,0,0,0,4,-1
2855,0.002855000,-0.471216,-1.4904,0.0,0,0,0,4,-1
2856,0.002856000,-0.471192,-1.49832,0.0,0,0,0,4,-1
2857,0.002857000,-0.471168,-1.50624,0.0,0,0,0,4,-1
2858,0.002858000,-0.471144,-1.51428,0.0,0,0,0,4,-1
2859,0.002859000,-0.47112,-1.5222,0.0,0,0,0,4,-1
2860,0.002860000,-0.471096,-1.53024,0.0,0,0,0,4,-1
2861,0.002861000,-0.471084,-1.53816,0.0,0,0,0,4,-1
2862,0.002862000,-0.47106,-1.5462,0.0,0,0,0,4,-1
2863,0.002863000,-0.471036,-1.55412,0.0,0,0,0,4,-1
2864,0.002864000,-0.471012,-1.56204,5.0,1,0,0,4,14
2865,0.002865000,-0.470988,-1.57008,0.0,0,0,0,4,-1
2866,0.002866000,-0.470964,-1.578,0.0,0,0,0,4,-1
2867,0.002867000,-0.47094,-1.58604,0.0,0,0,0,4,-1
2868,0.002868000,-0.470928,-1.59396,0.0,0,0,0,4,-1
2869,0.002869000,-0.470904,-1.602,0.0,0,0,0,4,-1
2870,0.002870000,-0.47088,-1.60992,0.0,0,0,0,4,-1
2871,0.002871000,-0.470856,-1.61796,0.0,0,0,0,4,-1
2872,0.002872000,-0.470832,-1.62588,0.0,0,0,0,4,-1
2873,0.002873000,-0.470808,-1.6338,0.0,0,0,0,4,-1
2874,0.002874000,-0.470784,-1.64184,0.0,0,0,0,4,-1
2875,0.002875000,-0.470772,-1.64976,0.0,0,0,0,4,-1
2876,0.002876000,-0.470748,-1.6578,0.0,0,0,0,4,-1
2877,0.002877000,-0.470724,-1.66572,0.0,0,0,0,4,-1
2878,0.002878000,-0.4707,-1.67376,0.0,0,0,0,4,-1
2879,0.002879000,-0.470676,-1.68168,0.0,0,0,0,4,-1
2880,0.002880000,-0.470652,-1.6896,0.0,0,0,0,4,-1
2881,0.002881000,-0.470628,-1.69764,0.0,0,0,0,4,-1
2882,0.002882000,-0.470616,-1.70556,0.0,0,0,0,4,-1
2883,0.002883000,-0.470592,-1.7136,0.0,0,0,0,4,-1
2884,0.002884000,-0.470568,-1.72152,0.0,0,0,0,4,-1
2885,0.002885000,-0.470544,-1.72956,0.0,0,0,0,4,-1
2886,0.002886000,-0.47052,-1.73748,0.0,0,0,0,4,-1
2887,0.002887000,-0.470496,-1.7454,0.0,0,0,0,4,-1
2888,0.002888000,-0.470472,-1.75344,0.0,0,0,0,4,-1
2889,0.002889000,-0.47046,-1.76136,0.0,0,0,0,4,-1
2890,0.002890000,-0.470436,-1.7694,0.0,0,0,0,4,-1
2891,0.002891000,-0.470412,-1.77732,0.0,0,0,0,4,-1
2892,0.002892000,-0.470388,-1.78536,0.0,0,0,0,4,-1
2893,0.002893000,-0.470364,-1.79328,0.0,0,0,0,4,-1
2894,0.002894000,-0.47034,-1.80132,5.0,1,1,0,4,15
2895,0.002895000,-0.470316,-1.80924,0.0,0,0,0,-1,-1
2896,0.002896000,-0.470292,-1.81716,0.0,0,0,0,-1,-1
2897,0.002897000,-0.47028,-1.8252,0.0,0,0,0,-1,-1
2898,0.002898000,-0.470256,-1.83312,0.0,0,0,0,-1,-1
2899,0.002899000,-0.465492,-1.84008,0.0,0,0,0,-1,-1
2900,0.002900000,-0.465468,-1.84812,0.0,0,0,0,-1,-1
2901,0.002901000,-0.465444,-1.85604,0.0,0,0,0,-1,-1
2902,0.002902000,-0.46068,-1.863,0.0,0,0,0,-1,-1
2903,0.002903000,-0.460668,-1.87092,0.0,0,0,0,-1,-1
2904,0.002904000,-0.455904,-1.87788,0.0,0,0,0,-1,-1
2905,0.002905000,-0.451164,-1.88484,0.0,0,0,0,-1,-1
2906,0.002906000,-0.446424,-1.8918,0.0,0,0,0,-1,-1
2907,0.002907000,-0.441684,-1.89864,0.0,0,0,0,-1,-1
2908,0.002908000,-0.436944,-1.9056,0.0,0,0,0,-1,-1
2909,0.002909000,-0.43224,-1.90452,0.0,0,0,0,-1,-1
2910,0.002910000,-0.427524,-1.91136,0.0,0,0,0,-1,-1
2911,0.002911000,-0.42282,-1.9104,0.0,0,0,0,-1,-1
2912,0.002912000,-0.41814,-1.90932,0.0,0,0,0,-1,-1
2913,0.002913000,-0.413424,-1.91616,0.0,0,0,0,-1,-1
2914,0.002914000,-0.408744,-1.9152,0.0,0,0,0,-1,-1
2915,0.002915000,-0.404076,-1.91412,0.0,0,0,0,-1,-1
2916,0.002916000,-0.399408,-1.91304,0.0,0,0,0,-1,-1
2917,0.002917000,-0.39474,-1.91208,0.0,0,0,0,-1,-1
2918,0.002918000,-0.390084,-1.911,0.0,0,0,0,-1,-1
2919,0.002919000,-0.385428,-1.90992,0.0,0,0,0,-1,-1
2920,0.002920000,-0.380796,-1.90104,0.0,0,0,0,-1,-1
2921,0.002921000,-0.376152,-1.89996,0.0,0,0,0,-1,-1
2922,0.002922000,-0.37152,-1.899,0.0,0,0,0,-1,-1
2923,0.002923000,-0.3669,-1.89,0.0,0,0,0,-1,-1
2924,0.002924000,-0.362268,-1.88904,0.0,0,0,0,-1,-1
2925,0.002925000,-0.357672,-1.88016,0.0,0,0,0,-1,-1
2926,0.002926000,-0.353076,-1.87128,0.0,0,0,0,-1,-1
2927,0.002927000,-0.34848,-1.8624,0.0,0,0,0,-1,-1
2928,0.002928000,-0.343896,-1.85352,0.0,0,0,0,-1,-1
2929,0.002929000,-0.339312,-1.84464,0.0,0,0,0,-1,-1
2930,0.002930000,-0.339336,-1.83684,0.0,0,0,0,-1,-1
2931,0.002931000,-0.334764,-1.82796,0.0,0,0,0,-1,-1
2932,0.002932000,-0.334776,-1.82016,0.0,0,0,0,-1,-1
2933,0.002933000,-0.3348,-1.81224,0.0,0,0,0,-1,-1
2934,0.002934000,-0.330228,-1.80348,0.0,0,0,0,-1,-1
2935,0.002935000,-0.330252,-1.79556,0.0,0,0,0,-1,-1
2936,0.002936000,-0.330276,-1.78776,0.0,0,0,0,-1,-1
2937,0.002937000,-0.3303,-1.77996,0.0,0,0,0,-1,-1
2938,0.002938000,-0.330324,-1.77204,5.0,1,0,0,5,0
2939,0.002939000,-0.330336,-1.76424,0.0,0,0,0,5,-1
2940,0.002940000,-0.33036,-1.75644,0.0,0,0,0,5,-1
2941,0.002941000,-0.330384,-1.74852,0.0,0,0,0,5,-1
2942,0.002942000,-0.330408,-1.74072,0.0,0,0,0,5,-1
2943,0.002943000,-0.330432,-1.73292,0.0,0,0,0,5,-1
2944,0.002944000,-0.330456,-1.725,0.0,0,0,0,5,-1
2945,0.002945000,-0.33048,-1.7172,0.0,0,0,0,5,-1
2946,0.002946000,-0.330492,-1.70928,0.0,0,0,0,5,-1
2947,0.002947000,-0.330516,-1.70148,0.0,0,0,0,5,-1
2948,0.002948000,-0.33054,-1.69368,0.0,0,0,0,5,-1
2949,0.002949000,-0.330564,-1.68576,0.0,0,0,0,5,-1
2950,0.002950000,-0.330588,-1.67796,0.0,0,0,0,5,-1
2951,0.002951000,-0.330612,-1.67016,0.0,0,0,0,5,-1
2952,0.002952000,-0.330624,-1.66224,0.0,0,0,0,5,-1
2953,0.002953000,-0.330648,-1.65444,0.0,0,0,0,5,-1
2954,0.002954000,-0.330672,-1.64664,0.0,0,0,0,5,-1
2955,0.002955000,-0.330696,-1.63872,0.0,0,0,0,5,-1
2956,0.002956000,-0.33072,-1.63092,0.0,0,0,0,5,-1
2957,0.002957000,-0.330744,-1.623,0.0,0,0,0,5,-1
2958,0.002958000,-0.330756,-1.6152,0.0,0,0,0,5,-1
2959,0.002959000,-0.33078,-1.6074,0.0,0,0,0,5,-1
2960,0.002960000,-0.330804,-1.59948,0.0,0,0,0,5,-1
2961,0.002961000,-0.330828,-1.59168,0.0,0,0,0,5,-1
2962,0.002962000,-0.330852,-1.58388,0.0,0,0,0,5,-1
2963,0.002963000,-0.330876,-1.57596,0.0,0,0,0,5,-1
2964,0.002964000,-0.3309,-1.56816,0.0,0,0,0,5,-1
2965,0.002965000,-0.330912,-1.56036,0.0,0,0,0,5,-1
2966,0.002966000,-0.330936,-1.55244,0.0,0,0,0,5,-1
2967,0.002967000,-0.33096,-1.54464,0.0,0,0,0,5,-1
2968,0.002968000,-0.330984,-1.53684,5.0,1,0,0,5,1
2969,0.002969000,-0.331008,-1.52892,0.0,0,0,0,5,-1
2970,0.002970000,-0.331032,-1.52112,0.0,0,0,0,5,-1
2971,0.002971000,-0.331044,-1.5132,0.0,0,0,0,5,-1
2972,0.002972000,-0.331068,-1.5054,0.0,0,0,0,5,-1
2973,0.002973000,-0.331092,-1.4976,0.0,0,0,0,5,-1
2974,0.002974000,-0.331116,-1.48968,0.0,0,0,0,5,-1
2975,0.002975000,-0.33114,-1.48188,0.0,0,0,0,5,-1
2976,0.002976000,-0.331164,-1.47408,0.0,0,0,0,5,-1
2977,0.002977000,-0.331188,-1.46616,0.0,0,0,0,5,-1
2978,0.002978000,-0.3312,-1.45836,0.0,0,0,0,5,-1
2979,0.002979000,-0.331224,-1.45056,0.0,0,0,0,5,-1
2980,0.002980000,-0.331248,-1.44264,0.0,0,0,0,5,-1
2981,0.002981000,-0.331272,-1.43484,0.0,0,0,0,5,-1
2982,0.002982000,-0.331296,-1.42704,0.0,0,0,0,5,-1
2983,0.002983000,-0.33132,-1.41912,0.0,0,0,0,5,-1
2984,0.002984000,-0.331332,-1.41132,0.0,0,0,0,5,-1
2985,0.002985000,-0.331356,-1.40352,0.0,0,0,0,5,-1
2986,0.002986000,-0.33138,-1.3956,0.0,0,0,0,5,-1
2987,0.002987000,-0.331404,-1.3878,0.0,0,0,0,5,-1
2988,0.002988000,-0.331428,-1.37988,0.0,0,0,0,5,-1
2989,0.002989000,-0.331452,-1.37208,0.0,0,0,0,5,-1
2990,0.002990000,-0.331476,-1.36428,0.0,0,0,0,5,-1
2991,0.002991000,-0.331488,-1.35636,0.0,0,0,0,5,-1
2992,0.002992000,-0.331512,-1.34856,0.0,0,0,0,5,-1
2993,0.002993000,-0.331536,-1.34076,0.0,0,0,0,5,-1
2994,0.002994000,-0.33156,-1.33284,0.0,0,0,0,5,-1
2995,0.002995000,-0.331584,-1.32504,0.0,0,0,0,5,-1
2996,0.002996000,-0.331608,-1.31724,0.0,0,0,0,5,-1
2997,0.002997000,-0.33162,-1.30932,0.0,0,0,0,5,-1
2998,0.002998000,-0.331644,-1.30152,5.0,1,0,0,5,2
2999,0.002999000,-0.331668,-1.29372,0.0,0,0,0,5,-1
3000,0.003000000,-0.331692,-1.2858,0.0,0,0,0,5,-1
3001,0.003001000,-0.331716,-1.278,0.0,0,0,0,5,-1
3002,0.003002000,-0.33174,-1.2702,0.0,0,0,0,5,-1
3003,0.003003000,-0.331764,-1.26228,0.0,0,0,0,5,-1
3004,0.003004000,-0.331776,-1.25448,0.0,0,0,0,5,-1
3005,0.003005000,-0.3318,-1.24668,0.0,0,0,0,5,-1
3006,0.003006000,-0.331824,-1.23876,0.0,0,0,0,5,-1
3007,0.003007000,-0.331848,-1.23096,0.0,0,0,0,5,-1
3008,0.003008000,-0.331872,-1.22304,0.0,0,0,0,5,-1
3009,0.003009000,-0.331896,-1.21524,0.0,0,0,0,5,-1
3010,0.003010000,-0.331908,-1.20744,0.0,0,0,0,5,-1
3011,0.003011000,-0.331932,-1.199568,0.0,0,0,0,5,-1
3012,0.003012000,-0.331956,-1.191732,0.0,0,0,0,5,-1
3013,0.003013000,-0.33198,-1.183884,0.0,0,0,0,5,-1
3014,0.003014000,-0.332004,-1.176048,0.0,0,0,0,5,-1
3015,0.003015000,-0.332028,-1.1682,0.0,0,0,0,5,-1
3016,0.003016000,-0.332052,-1.160364,0.0,0,0,0,5,-1
3017,0.003017000,-0.332064,-1.152516,0.0,0,0,0,5,-1
3018,0.003018000,-0.332088,-1.14468,0.0,0,0,0,5,-1
3019,0.003019000,-0.332112,-1.136832,0.0,0,0,0,5,-1
3020,0.003020000,-0.332136,-1.128996,0.0,0,0,0,5,-1
3021,0.003021000,-0.33216,-1.121148,0.0,0,0,0,5,-1
3022,0.003022000,-0.332184,-1.113312,0.0,0,0,0,5,-1
3023,0.003023000,-0.332196,-1.105464,0.0,0,0,0,5,-1
3024,0.003024000,-0.33222,-1.097628,0.0,0,0,0,5,-1
3025,0.003025000,-0.332244,-1.08978,0.0,0,0,0,5,-1
3026,0.003026000,-0.332268,-1.081944,0.0,0,0,0,5,-1
3027,0.003027000,-0.332292,-1.074096,0.0,0,0,0,5,-1
3028,0.003028000,-0.332316,-1.06626,5.0,1,0,0,5,3
3029,0.003029000,-0.33234,-1.058424,0.0,0,0,0,5,-1
3030,0.003030000,-0.332352,-1.050576,0.0,0,0,0,5,-1
3031,0.003031000,-0.332376,-1.04274,0.0,0,0,0,5,-1
3032,0.003032000,-0.3324,-1.034892,0.0,0,0,0,5,-1
3033,0.003033000,-0.332424,-1.027056,0.0,0,0,0,5,-1
3034,0.003034000,-0.332448,-1.019208,0.0,0,0,0,5,-1
3035,0.003035000,-0.332472,-1.011372,0.0,0,0,0,5,-1
3036,0.003036000,-0.332484,-1.003524,0.0,0,0,0,5,-1
3037,0.003037000,-0.332508,-0.995688,0.0,0,0,0,5,-1
3038,0.003038000,-0.332532,-0.98784,0.0,0,0,0,5,-1
3039,0.003039000,-0.332556,-0.980004,0.0,0,0,0,5,-1
3040,0.003040000,-0.33258,-0.972168,0.0,0,0,0,5,-1
3041,0.003041000,-0.332604,-0.96432,0.0,0,0,0,5,-1
3042,0.003042000,-0.332628,-0.956484,0.0,0,0,0,5,-1
3043,0.003043000,-0.33264,-0.948636,0.0,0,0,0,5,-1
3044,0.003044000,-0.332664,-0.9408,0.0,0,0,0,5,-1
3045,0.003045000,-0.332688,-0.932952,0.0,0,0,0,5,-1
3046,0.003046000,-0.332712,-0.925116,0.0,0,0,0,5,-1
3047,0.003047000,-0.332736,-0.91728,0.0,0,0,0,5,-1
3048,0.003048000,-0.33276,-0.909432,0.0,0,0,0,5,-1
3049,0.003049000,-0.332772,-0.901596,0.0,0,0,0,5,-1
3050,0.003050000,-0.332796,-0.893748,0.0,0,0,0,5,-1
3051,0.003051000,-0.33282,-0.885912,0.0,0,0,0,5,-1
3052,0.003052000,-0.332844,-0.878064,0.0,0,0,0,5,-1
3053,0.003053000,-0.332868,-0.870228,0.0,0,0,0,5,-1
3054,0.003054000,-0.332892,-0.862392,0.0,0,0,0,5,-1
3055,0.003055000,-0.332904,-0.854544,0.0,0,0,0,5,-1
3056,0.003056000,-0.332928,-0.846708,0.0,0,0,0,5,-1
3057,0.003057000,-0.332952,-0.83886,0.0,0,0,0,5,-1
3058,0.003058000,-0.332976,-0.831024,5.0,1,0,0,5,4
3059,0.003059000,-0.333,-0.823188,0.0,0,0,0,5,-1
3060,0.003060000,-0.333024,-0.81534,0.0,0,0,0,5,-1
3061,0.003061000,-0.333048,-0.807504,0.0,0,0,0,5,-1
3062,0.003062000,-0.33306,-0.799656,0.0,0,0,0,5,-1
3063,0.003063000,-0.333084,-0.79182,0.0,0,0,0,5,-1
3064,0.003064000,-0.333108,-0.783984,0.0,0,0,0,5,-1
3065,0.003065000,-0.333132,-0.776136,0.0,0,0,0,5,-1
3066,0.003066000,-0.333156,-0.7683,0.0,0,0,0,5,-1
3067,0.003067000,-0.33318,-0.760452,0.0,0,0,0,5,-1
3068,0.003068000,-0.333192,-0.752616,0.0,0,0,0,5,-1
3069,0.003069000,-0.333216,-0.74478,0.0,0,0,0,5,-1
3070,0.003070000,-0.33324,-0.736932,0.0,0,0,0,5,-1
3071,0.003071000,-0.333264,-0.729096,0.0,0,0,0,5,-1
3072,0.003072000,-0.333288,-0.721248,0.0,0,0,0,5,-1
3073,0.003073000,-0.333312,-0.713412,0.0,0,0,0,5,-1
3074,0.003074000,-0.333336,-0.705576,0.0,0,0,0,5,-1
3075,0.003075000,-0.333348,-0.697728,0.0,0,0,0,5,-1
3076,0.003076000,-0.333372,-0.689892,0.0,0,0,0,5,-1
3077,0.003077000,-0.333396,-0.682056,0.0,0,0,0,5,-1
3078,0.003078000,-0.33342,-0.674208,0.0,0,0,0,5,-1
3079,0.003079000,-0.333444,-0.666372,0.0,0,0,0,5,-1
3080,0.003080000,-0.333468,-0.658524,0.0,0,0,0,5,-1
3081,0.003081000,-0.33348,-0.650688,0.0,0,0,0,5,-1
3082,0.003082000,-0.333504,-0.642852,0.0,0,0,0,5,-1
3083,0.003083000,-0.333528,-0.635004,0.0,0,0,0,5,-1
3084,0.003084000,-0.333552,-0.627168,0.0,0,0,0,5,-1
3085,0.003085000,-0.333576,-0.619332,0.0,0,0,0,5,-1
3086,0.003086000,-0.3336,-0.611484,0.0,0,0,0,5,-1
3087,0.003087000,-0.333624,-0.603648,0.0,0,0,0,5,-1
3088,0.003088000,-0.333636,-0.5958,5.0,1,0,0,5,5
3089,0.003089000,-0.33366,-0.587964,0.0,0,0,0,5,-1
3090,0.003090000,-0.333684,-0.580128,0.0,0,0,0,5,-1
3091,0.003091000,-0.333708,-0.57228,0.0,0,0,0,5,-1
3092,0.003092000,-0.333732,-0.564444,0.0,0,0,0,5,-1
3093,0.003093000,-0.333756,-0.556608,0.0,0,0,0,5,-1
3094,0.003094000,-0.333768,-0.54876,0.0,0,0,0,5,-1
3095,0.003095000,-0.333792,-0.540924,0.0,0,0,0,5,-1
3096,0.003096000,-0.333816,-0.533088,0.0,0,0,0,5,-1
3097,0.003097000,-0.33384,-0.52524,0.0,0,0,0,5,-1
3098,0.003098000,-0.333864,-0.517404,0.0,0,0,0,5,-1
3099,0.003099000,-0.333888,-0.509568,0.0,0,0,0,5,-1
3100,0.003100000,-0.333912,-0.50172,0.0,0,0,0,5,-1
3101,0.003101000,-0.333924,-0.493884,0.0,0,0,0,5,-1
3102,0.003102000,-0.333948,-0.486048,0.0,0,0,0,5,-1
3103,0.003103000,-0.333972,-0.4782,0.0,0,0,0,5,-1
3104,0.003104000,-0.333996,-0.470364,0.0,0,0,0,5,-1
3105,0.003105000,-0.33402,-0.462528,0.0,0,0,0,5,-1
3106,0.003106000,-0.334044,-0.45468,0.0,0,0,0,5,-1
3107,0.003107000,-0.334056,-0.446844,0.0,0,0,0,5,-1
3108,0.003108000,-0.33408,-0.439008,0.0,0,0,0,5,-1
3109,0.003109000,-0.334104,-0.43116,0.0,0,0,0,5,-1
3110,0.003110000,-0.334128,-0.423324,0.0,0,0,0,5,-1
3111,0.003111000,-0.334152,-0.415488,0.0,0,0,0,5,-1
3112,0.003112000,-0.334176,-0.40764,0.0,0,0,0,5,-1
3113,0.003113000,-0.3342,-0.399804,0.0,0,0,0,5,-1
3114,0.003114000,-0.334212,-0.391968,0.0,0,0,0,5,-1
3115,0.003115000,-0.334236,-0.38412,0.0,0,0,0,5,-1
3116,0.003116000,-0.33426,-0.376284,0.0,0,0,0,5,-1
3117,0.003117000,-0.334284,-0.368448,0.0,0,0,0,5,-1
3118,0.003118000,-0.334308,-0.3606,5.0,1,0,0,5,6
3119,0.003119000,-0.334332,-0.352764,0.0,0,0,0,5,-1
3120,0.003120000,-0.334344,-0.344928,0.0,0,0,0,5,-1
3121,0.003121000,-0.334368,-0.337092,0.0,0,0,0,5,-1
3122,0.003122000,-0.334392,-0.329244,0.0,0,0,0,5,-1
3123,0.003123000,-0.334416,-0.321408,0.0,0,0,0,5,-1
3124,0.003124000,-0.33444,-0.313572,0.0,0,0,0,5,-1
3125,0.003125000,-0.334464,-0.305724,0.0,0,0,0,5,-1
3126,0.003126000,-0.334476,-0.297888,0.0,0,0,0,5,-1
3127,0.003127000,-0.3345,-0.290052,0.0,0,0,0,5,-1
3128,0.003128000,-0.334524,-0.282204,0.0,0,0,0,5,-1
3129,0.003129000,-0.334548,-0.274368,0.0,0,0,0,5,-1
3130,0.003130000,-0.334572,-0.266532,0.0,0,0,0,5,-1
3131,0.003131000,-0.334596,-0.258696,0.0,0,0,0,5,-1
3132,0.003132000,-0.33462,-0.250848,0.0,0,0,0,5,-1
3133,0.003133000,-0.334632,-0.243012,0.0,0,0,0,5,-1
3134,0.003134000,-0.334656,-0.235176,0.0,0,0,0,5,-1
3135,0.003135000,-0.33468,-0.227328,0.0,0,0,0,5,-1
3136,0.003136000,-0.334704,-0.219492,0.0,0,0,0,5,-1
3137,0.003137000,-0.334728,-0.211656,0.0,0,0,0,5,-1
3138,0.003138000,-0.334752,-0.20382,0.0,0,0,0,5,-1
3139,0.003139000,-0.334764,-0.195972,0.0,0,0,0,5,-1
3140,0.003140000,-0.334788,-0.188136,0.0,0,0,0,5,-1
3141,0.003141000,-0.334812,-0.1803,0.0,0,0,0,5,-1
3142,0.003142000,-0.334836,-0.172464,0.0,0,0,0,5,-1
3143,0.003143000,-0.33486,-0.164616,0.0,0,0,0,5,-1
3144,0.003144000,-0.334884,-0.15678,0.0,0,0,0,5,-1
3145,0.003145000,-0.334908,-0.148944,0.0,0,0,0,5,-1
3146,0.003146000,-0.33492,-0.141096,0.0,0,0,0,5,-1
3147,0.003147000,-0.334944,-0.13326,0.0,0,0,0,5,-1
3148,0.003148000,-0.334968,-0.125424,5.0,1,0,0,5,7
3149,0.003149000,-0.334992,-0.1175844,0.0,0,0,0,5,-1
3150,0.003150000,-0.335016,-0.1097448,0.0,0,0,0,5,-1
3151,0.003151000,-0.33504,-0.1019064,0.0,0,0,0,5,-1
3152,0.003152000,-0.335052,-0.0940668,0.0,0,0,0,5,-1
3153,0.003153000,-0.335076,-0.0862284,0.0,0,0,0,5,-1
3154,0.003154000,-0.3351,-0.0783888,0.0,0,0,0,5,-1
3155,0.003155000,-0.335124,-0.0705504,0.0,0,0,0,5,-1
3156,0.003156000,-0.335148,-0.0627108,0.0,0,0,0,5,-1
3157,0.003157000,-0.335172,-0.0548724,0.0,0,0,0,5,-1
3158,0.003158000,-0.335196,-0.0470328,0.0,0,0,0,5,-1
3159,0.003159000,-0.335208,-0.0391944,0.0,0,0,0,5,-1
3160,0.003160000,-0.335232,-0.0313548,0.0,0,0,0,5,-1
3161,0.003161000,-0.335256,-0.0235164,0.0,0,0,0,5,-1
3162,0.003162000,-0.33528,-0.015678,0.0,0,0,0,5,-1
3163,0.003163000,-0.335304,-0.00783876,0.0,0,0,0,5,-1
3164,0.003164000,-0.335328,0.0,0.0,0,0,0,5,-1
3165,0.003165000,-0.33534,0.00783876,0.0,0,0,0,5,-1
3166,0.003166000,-0.335364,0.015678,0.0,0,0,0,5,-1
3167,0.003167000,-0.335388,0.0235164,0.0,0,0,0,5,-1
3168,0.003168000,-0.335412,0.0313548,0.0,0,0,0,5,-1
3169,0.003169000,-0.335436,0.0391932,0.0,0,0,0,5,-1
3170,0.003170000,-0.33546,0.0470328,0.0,0,0,0,5,-1
3171,0.003171000,-0.335472,0.0548712,0.0,0,0,0,5,-1
3172,0.003172000,-0.335496,0.0627096,0.0,0,0,0,5,-1
3173,0.003173000,-0.33552,0.070548,0.0,0,0,0,5,-1
3174,0.003174000,-0.335544,0.0783864,0.0,0,0,0,5,-1
3175,0.003175000,-0.335568,0.0862248,0.0,0,0,0,5,-1
3176,0.003176000,-0.335592,0.0940644,0.0,0,0,0,5,-1
3177,0.003177000,-0.335616,0.1019028,0.0,0,0,0,5,-1
3178,0.003178000,-0.335628,0.1097412,5.0,1,0,0,5,8
3179,0.003179000,-0.335652,0.1175796,0.0,0,0,0,5,-1
3180,0.003180000,-0.335676,0.125412,0.0,0,0,0,5,-1
3181,0.003181000,-0.3357,0.13326,0.0,0,0,0,5,-1
3182,0.003182000,-0.335724,0.141096,0.0,0,0,0,5,-1
3183,0.003183000,-0.335748,0.148932,0.0,0,0,0,5,-1
3184,0.003184000,-0.33576,0.156768,0.0,0,0,0,5,-1
3185,0.003185000,-0.335784,0.164604,0.0,0,0,0,5,-1
3186,0.003186000,-0.335808,0.172452,0.0,0,0,0,5,-1
3187,0.003187000,-0.335832,0.180288,0.0,0,0,0,5,-1
3188,0.003188000,-0.335856,0.188124,0.0,0,0,0,5,-1
3189,0.003189000,-0.33588,0.19596,0.0,0,0,0,5,-1
3190,0.003190000,-0.335904,0.203796,0.0,0,0,0,5,-1
3191,0.003191000,-0.335916,0.211644,0.0,0,0,0,5,-1
3192,0.003192000,-0.33594,0.21948,0.0,0,0,0,5,-1
3193,0.003193000,-0.335964,0.227316,0.0,0,0,0,5,-1
3194,0.003194000,-0.335988,0.235152,0.0,0,0,0,5,-1
3195,0.003195000,-0.336012,0.242988,0.0,0,0,0,5,-1
3196,0.003196000,-0.336036,0.250836,0.0,0,0,0,5,-1
3197,0.003197000,-0.336048,0.258672,0.0,0,0,0,5,-1
3198,0.003198000,-0.336072,0.266508,0.0,0,0,0,5,-1
3199,0.003199000,-0.336096,0.274344,0.0,0,0,0,5,-1
3200,0.003200000,-0.33612,0.28218,0.0,0,0,0,5,-1
3201,0.003201000,-0.336144,0.290016,0.0,0,0,0,5,-1
3202,0.003202000,-0.336168,0.297864,0.0,0,0,0,5,-1
3203,0.003203000,-0.336192,0.3057,0.0,0,0,0,5,-1
3204,0.003204000,-0.336204,0.313536,0.0,0,0,0,5,-1
3205,0.003205000,-0.336228,0.321372,0.0,0,0,0,5,-1
3206,0.003206000,-0.336252,0.329208,0.0,0,0,0,5,-1
3207,0.003207000,-0.336276,0.337044,0.0,0,0,0,5,-1
3208,0.003208000,-0.3363,0.344892,5.0,1,0,0,5,9
3209,0.003209000,-0.336324,0.352728,0.0,0,0,0,5,-1
3210,0.003210000,-0.336336,0.360564,0.0,0,0,0,5,-1
3211,0.003211000,-0.33636,0.3684,0.0,0,0,0,5,-1
3212,0.003212000,-0.336384,0.376236,0.0,0,0,0,5,-1
3213,0.003213000,-0.336408,0.384072,0.0,0,0,0,5,-1
3214,0.003214000,-0.336432,0.39192,0.0,0,0,0,5,-1
3215,0.003215000,-0.336456,0.399756,0.0,0,0,0,5,-1
3216,0.003216000,-0.336468,0.407592,0.0,0,0,0,5,-1
3217,0.003217000,-0.336492,0.415428,0.0,0,0,0,5,-1
3218,0.003218000,-0.336516,0.423264,0.0,0,0,0,5,-1
3219,0.003219000,-0.33654,0.4311,0.0,0,0,0,5,-1
3220,0.003220000,-0.336564,0.438936,0.0,0,0,0,5,-1
3221,0.003221000,-0.336588,0.446772,0.0,0,0,0,5,-1
3222,0.003222000,-0.336612,0.45462,0.0,0,0,0,5,-1
3223,0.003223000,-0.336624,0.462456,0.0,0,0,0,5,-1
3224,0.003224000,-0.336648,0.470292,0.0,0,0,0,5,-1
3225,0.003225000,-0.336672,0.478128,0.0,0,0,0,5,-1
3226,0.003226000,-0.336696,0.485964,0.0,0,0,0,5,-1
3227,0.003227000,-0.33672,0.4938,0.0,0,0,0,5,-1
3228,0.003228000,-0.336744,0.501636,0.0,0,0,0,5,-1
3229,0.003229000,-0.336756,0.509484,0.0,0,0,0,5,-1
3230,0.003230000,-0.33678,0.51732,0.0,0,0,0,5,-1
3231,0.003231000,-0.336804,0.525156,0.0,0,0,0,5,-1
3232,0.003232000,-0.336828,0.532992,0.0,0,0,0,5,-1
3233,0.003233000,-0.336852,0.540828,0.0,0,0,0,5,-1
3234,0.003234000,-0.336876,0.548664,0.0,0,0,0,5,-1
3235,0.003235000,-0.3369,0.5565,0.0,0,0,0,5,-1
3236,0.003236000,-0.336912,0.564336,0.0,0,0,0,5,-1
3237,0.003237000,-0.336936,0.572172,0.0,0,0,0,5,-1
3238,0.003238000,-0.33696,0.58002,5.0,1,0,0,5,10
3239,0.003239000,-0.336984,0.587856,0.0,0,0,0,5,-1
3240,0.003240000,-0.337008,0.595692,0.0,0,0,0,5,-1
3241,0.003241000,-0.337032,0.603528,0.0,0,0,0,5,-1
3242,0.003242000,-0.337044,0.611364,0.0,0,0,0,5,-1
3243,0.003243000,-0.337068,0.6192,0.0,0,0,0,5,-1
3244,0.003244000,-0.337092,0.627036,0.0,0,0,0,5,-1
3245,0.003245000,-0.337116,0.634872,0.0,0,0,0,5,-1
3246,0.003246000,-0.33714,0.642708,0.0,0,0,0,5,-1
3247,0.003247000,-0.337164,0.650544,0.0,0,0,0,5,-1
3248,0.003248000,-0.337188,0.658392,0.0,0,0,0,5,-1
3249,0.003249000,-0.3372,0.666228,0.0,0,0,0,5,-1
3250,0.003250000,-0.337224,0.674064,0.0,0,0,0,5,-1
3251,0.003251000,-0.337248,0.6819,0.0,0,0,0,5,-1
3252,0.003252000,-0.337272,0.689736,0.0,0,0,0,5,-1
3253,0.003253000,-0.337296,0.697572,0.0,0,0,0,5,-1
3254,0.003254000,-0.33732,0.705408,0.0,0,0,0,5,-1
3255,0.003255000,-0.337332,0.713244,0.0,0,0,0,5,-1
3256,0.003256000,-0.337356,0.72108,0.0,0,0,0,5,-1
3257,0.003257000,-0.33738,0.728916,0.0,0,0,0,5,-1
3258,0.003258000,-0.337404,0.736752,0.0,0,0,0,5,-1
3259,0.003259000,-0.337428,0.744588,0.0,0,0,0,5,-1
3260,0.003260000,-0.337452,0.752436,0.0,0,0,0,5,-1
3261,0.003261000,-0.337464,0.760272,0.0,0,0,0,5,-1
3262,0.003262000,-0.337488,0.768108,0.0,0,0,0,5,-1
3263,0.003263000,-0.337512,0.775944,0.0,0,0,0,5,-1
3264,0.003264000,-0.337536,0.78378,0.0,0,0,0,5,-1
3265,0.003265000,-0.33756,0.791616,0.0,0,0,0,5,-1
3266,0.003266000,-0.337584,0.799452,0.0,0,0,0,5,-1
3267,0.003267000,-0.337608,0.807288,0.0,0,0,0,5,-1
3268,0.003268000,-0.33762,0.815124,5.0,1,0,0,5,11
3269,0.003269000,-0.337644,0.82296,0.0,0,0,0,5,-1
3270,0.003270000,-0.337668,0.830796,0.0,0,0,0,5,-1
3271,0.003271000,-0.337692,0.838632,0.0,0,0,0,5,-1
3272,0.003272000,-0.337716,0.846468,0.0,0,0,0,5,-1
3273,0.003273000,-0.33774,0.854304,0.0,0,0,0,5,-1
3274,0.003274000,-0.337752,0.86214,0.0,0,0,0,5,-1
3275,0.003275000,-0.337776,0.869976,0.0,0,0,0,5,-1
3276,0.003276000,-0.3378,0.877812,0.0,0,0,0,5,-1
3277,0.003277000,-0.337824,0.88566,0.0,0,0,0,5,-1
3278,0.003278000,-0.337848,0.893496,0.0,0,0,0,5,-1
3279,0.003279000,-0.337872,0.901332,0.0,0,0,0,5,-1
3280,0.003280000,-0.337896,0.909168,0.0,0,0,0,5,-1
3281,0.003281000,-0.337908,0.917004,0.0,0,0,0,5,-1
3282,0.003282000,-0.337932,0.92484,0.0,0,0,0,5,-1
3283,0.003283000,-0.337956,0.932676,0.0,0,0,0,5,-1
3284,0.003284000,-0.33798,0.940512,0.0,0,0,0,5,-1
3285,0.003285000,-0.338004,0.948348,0.0,0,0,0,5,-1
3286,0.003286000,-0.338028,0.956184,0.0,0,0,0,5,-1
3287,0.003287000,-0.33804,0.96402,0.0,0,0,0,5,-1
3288,0.003288000,-0.338064,0.971856,0.0,0,0,0,5,-1
3289,0.003289000,-0.338088,0.979692,0.0,0,0,0,5,-1
3290,0.003290000,-0.338112,0.987528,0.0,0,0,0,5,-1
3291,0.003291000,-0.338136,0.995364,0.0,0,0,0,5,-1
3292,0.003292000,-0.33816,1.0032,0.0,0,0,0,5,-1
3293,0.003293000,-0.338172,1.011036,0.0,0,0,0,5,-1
3294,0.003294000,-0.338196,1.018872,0.0,0,0,0,5,-1
3295,0.003295000,-0.33822,1.026708,0.0,0,0,0,5,-1
3296,0.003296000,-0.338244,1.034544,0.0,0,0,0,5,-1
3297,0.003297000,-0.338268,1.04238,0.0,0,0,0,5,-1
3298,0.003298000,-0.338292,1.050216,5.0,1,0,0,5,12
3299,0.003299000,-0.338316,1.058052,0.0,0,0,0,5,-1
3300,0.003300000,-0.338328,1.065888,0.0,0,0,0,5,-1
3301,0.003301000,-0.338352,1.073724,0.0,0,0,0,5,-1
3302,0.003302000,-0.338376,1.08156,0.0,0,0,0,5,-1
3303,0.003303000,-0.3384,1.089396,0.0,0,0,0,5,-1
3304,0.003304000,-0.338424,1.097232,0.0,0,0,0,5,-1
3305,0.003305000,-0.338448,1.105068,0.0,0,0,0,5,-1
3306,0.003306000,-0.33846,1.112904,0.0,0,0,0,5,-1
3307,0.003307000,-0.338484,1.12074,0.0,0,0,0,5,-1
3308,0.003308000,-0.338508,1.128576,0.0,0,0,0,5,-1
3309,0.003309000,-0.338532,1.136412,0.0,0,0,0,5,-1
3310,0.003310000,-0.338556,1.144248,0.0,0,0,0,5,-1
3311,0.003311000,-0.33858,1.152084,0.0,0,0,0,5,-1
3312,0.003312000,-0.338604,1.15992,0.0,0,0,0,5,-1
3313,0.003313000,-0.338616,1.167756,0.0,0,0,0,5,-1
3314,0.003314000,-0.33864,1.175592,0.0,0,0,0,5,-1
3315,0.003315000,-0.338664,1.183428,0.0,0,0,0,5,-1
3316,0.003316000,-0.338688,1.191264,0.0,0,0,0,5,-1
3317,0.003317000,-0.338712,1.1991,0.0,0,0,0,5,-1
3318,0.003318000,-0.338736,1.20696,0.0,0,0,0,5,-1
3319,0.003319000,-0.338748,1.21476,0.0,0,0,0,5,-1
3320,0.003320000,-0.338772,1.22256,0.0,0,0,0,5,-1
3321,0.003321000,-0.338796,1.23048,0.0,0,0,0,5,-1
3322,0.003322000,-0.33882,1.23828,0.0,0,0,0,5,-1
3323,0.003323000,-0.338844,1.24608,0.0,0,0,0,5,-1
3324,0.003324000,-0.338868,1.254,0.0,0,0,0,5,-1
3325,0.003325000,-0.338892,1.2618,0.0,0,0,0,5,-1
3326,0.003326000,-0.338904,1.2696,0.0,0,0,0,5,-1
3327,0.003327000,-0.338928,1.2774,0.0,0,0,0,5,-1
3328,0.003328000,-0.338952,1.28532,5.0,1,0,0,5,13
3329,0.003329000,-0.338976,1.29312,0.0,0,0,0,5,-1
3330,0.003330000,-0.339,1.30092,0.0,0,0,0,5,-1
3331,0.003331000,-0.339024,1.30884,0.0,0,0,0,5,-1
3332,0.003332000,-0.339036,1.31664,0.0,0,0,0,5,-1
3333,0.003333000,-0.33906,1.32444,0.0,0,0,0,5,-1
3334,0.003334000,-0.339084,1.33236,0.0,0,0,0,5,-1
3335,0.003335000,-0.339108,1.34016,0.0,0,0,0,5,-1
3336,0.003336000,-0.339132,1.34796,0.0,0,0,0,5,-1
3337,0.003337000,-0.339156,1.35576,0.0,0,0,0,5,-1
3338,0.003338000,-0.339168,1.36368,0.0,0,0,0,5,-1
3339,0.003339000,-0.339192,1.37148,0.0,0,0,0,5,-1
3340,0.003340000,-0.339216,1.37928,0.0,0,0,0,5,-1
3341,0.003341000,-0.33924,1.3872,0.0,0,0,0,5,-1
3342,0.003342000,-0.339264,1.395,0.0,0,0,0,5,-1
3343,0.003343000,-0.339288,1.4028,0.0,0,0,0,5,-1
3344,0.003344000,-0.339312,1.4106,0.0,0,0,0,5,-1
3345,0.003345000,-0.339324,1.41852,0.0,0,0,0,5,-1
3346,0.003346000,-0.339348,1.42632,0.0,0,0,0,5,-1
3347,0.003347000,-0.339372,1.43412,0.0,0,0,0,5,-1
3348,0.003348000,-0.339396,1.44204,0.0,0,0,0,5,-1
3349,0.003349000,-0.33942,1.44984,0.0,0,0,0,5,-1
3350,0.003350000,-0.339444,1.45764,0.0,0,0,0,5,-1
3351,0.003351000,-0.339456,1.46556,0.0,0,0,0,5,-1
3352,0.003352000,-0.33948,1.47336,0.0,0,0,0,5,-1
3353,0.003353000,-0.339504,1.48116,0.0,0,0,0,5,-1
3354,0.003354000,-0.339528,1.48896,0.0,0,0,0,5,-1
3355,0.003355000,-0.339552,1.49688,0.0,0,0,0,5,-1
3356,0.003356000,-0.339576,1.50468,0.0,0,0,0,5,-1
3357,0.003357000,-0.3396,1.51248,0.0,0,0,0,5,-1
3358,0.003358000,-0.339612,1.5204,5.0,1,0,0,5,14
3359,0.003359000,-0.339636,1.5282,0.0,0,0,0,5,-1
3360,0.003360000,-0.33966,1.536,0.0,0,0,0,5,-1
3361,0.003361000,-0.339684,1.5438,0.0,0,0,0,5,-1
3362,0.003362000,-0.339708,1.55172,0.0,0,0,0,5,-1
3363,0.003363000,-0.339732,1.55952,0.0,0,0,0,5,-1
3364,0.003364000,-0.339744,1.56732,0.0,0,0,0,5,-1
3365,0.003365000,-0.339768,1.57524,0.0,0,0,0,5,-1
3366,0.003366000,-0.339792,1.58304,0.0,0,0,0,5,-1
3367,0.003367000,-0.339816,1.59084,0.0,0,0,0,5,-1
3368,0.003368000,-0.33984,1.59864,0.0,0,0,0,5,-1
3369,0.003369000,-0.339864,1.60656,0.0,0,0,0,5,-1
3370,0.003370000,-0.339876,1.61436,0.0,0,0,0,5,-1
3371,0.003371000,-0.3399,1.62216,0.0,0,0,0,5,-1
3372,0.003372000,-0.339924,1.63008,0.0,0,0,0,5,-1
3373,0.003373000,-0.339948,1.63788,0.0,0,0,0,5,-1
3374,0.003374000,-0.339972,1.64568,0.0,0,0,0,5,-1
3375,0.003375000,-0.339996,1.65348,0.0,0,0,0,5,-1
3376,0.003376000,-0.34002,1.6614,0.0,0,0,0,5,-1
3377,0.003377000,-0.340032,1.6692,0.0,0,0,0,5,-1
3378,0.003378000,-0.340056,1.677,0.0,0,0,0,5,-1
3379,0.003379000,-0.34008,1.68492,0.0,0,0,0,5,-1
3380,0.003380000,-0.340104,1.69272,0.0,0,0,0,5,-1
3381,0.003381000,-0.340128,1.70052,0.0,0,0,0,5,-1
3382,0.003382000,-0.340152,1.70832,0.0,0,0,0,5,-1
3383,0.003383000,-0.340164,1.71624,0.0,0,0,0,5,-1
3384,0.003384000,-0.340188,1.72404,0.0,0,0,0,5,-1
3385,0.003385000,-0.340212,1.73184,0.0,0,0,0,5,-1
3386,0.003386000,-0.340236,1.73976,0.0,0,0,0,5,-1
3387,0.003387000,-0.34026,1.74756,0.0,0,0,0,5,-1
3388,0.003388000,-0.340284,1.75536,5.0,1,1,0,5,15
3389,0.003389000,-0.340296,1.76316,0.0,0,0,0,-1,-1
3390,0.003390000,-0.34032,1.77108,0.0,0,0,0,-1,-1
3391,0.003391000,-0.340344,1.77888,0.0,0,0,0,-1,-1
3392,0.003392000,-0.340368,1.78668,0.0,0,0,0,-1,-1
3393,0.003393000,-0.335796,1.79364,0.0,0,0,0,-1,-1
3394,0.003394000,-0.33582,1.80144,0.0,0,0,0,-1,-1
3395,0.003395000,-0.335844,1.80924,0.0,0,0,0,-1,-1
3396,0.003396000,-0.331272,1.81608,0.0,0,0,0,-1,-1
3397,0.003397000,-0.331296,1.82388,0.0,0,0,0,-1,-1
3398,0.003398000,-0.326736,1.83072,0.0,0,0,0,-1,-1
3399,0.003399000,-0.322188,1.83756,0.0,0,0,0,-1,-1
3400,0.003400000,-0.31764,1.8444,0.0,0,0,0,-1,-1
3401,0.003401000,-0.313092,1.85124,0.0,0,0,0,-1,-1
3402,0.003402000,-0.308544,1.85808,0.0,0,0,0,-1,-1
3403,0.003403000,-0.303996,1.857,0.0,0,0,0,-1,-1
3404,0.003404000,-0.29946,1.86384,0.0,0,0,0,-1,-1
3405,0.003405000,-0.294912,1.86288,0.0,0,0,0,-1,-1
3406,0.003406000,-0.290364,1.8618,0.0,0,0,0,-1,-1
3407,0.003407000,-0.285852,1.86864,0.0,0,0,0,-1,-1
3408,0.003408000,-0.281316,1.86768,0.0,0,0,0,-1,-1
3409,0.003409000,-0.276792,1.8666,0.0,0,0,0,-1,-1
3410,0.003410000,-0.272268,1.86564,0.0,0,0,0,-1,-1
3411,0.003411000,-0.267744,1.86468,0.0,0,0,0,-1,-1
3412,0.003412000,-0.263232,1.8636,0.0,0,0,0,-1,-1
3413,0.003413000,-0.25872,1.86264,0.0,0,0,0,-1,-1
3414,0.003414000,-0.254196,1.85388,0.0,0,0,0,-1,-1
3415,0.003415000,-0.249696,1.85292,0.0,0,0,0,-1,-1
3416,0.003416000,-0.245208,1.85196,0.0,0,0,0,-1,-1
3417,0.003417000,-0.240696,1.8432,0.0,0,0,0,-1,-1
3418,0.003418000,-0.236208,1.84224,0.0,0,0,0,-1,-1
3419,0.003419000,-0.231708,1.83348,0.0,0,0,0,-1,-1
3420,0.003420000,-0.227208,1.82472,0.0,0,0,0,-1,-1
3421,0.003421000,-0.22272,1.81608,0.0,0,0,0,-1,-1
3422,0.003422000,-0.218232,1.80744,0.0,0,0,0,-1,-1
3423,0.003423000,-0.213744,1.79868,0.0,0,0,0,-1,-1
3424,0.003424000,-0.21372,1.791,0.0,0,0,0,-1,-1
3425,0.003425000,-0.209244,1.78236,0.0,0,0,0,-1,-1
3426,0.003426000,-0.20922,1.77456,0.0,0,0,0,-1,-1
3427,0.003427000,-0.209196,1.76688,0.0,0,0,0,-1,-1
3428,0.003428000,-0.204732,1.75824,0.0,0,0,0,-1,-1
3429,0.003429000,-0.204708,1.75056,0.0,0,0,0,-1,-1
3430,0.003430000,-0.204684,1.74288,0.0,0,0,0,-1,-1
3431,0.003431000,-0.20466,1.73508,0.0,0,0,0,-1,-1
3432,0.003432000,-0.204636,1.7274,5.0,1,0,0,6,0
3433,0.003433000,-0.204612,1.71972,0.0,0,0,0,6,-1
3434,0.003434000,-0.2046,1.71204,0.0,0,0,0,6,-1
3435,0.003435000,-0.204576,1.70424,0.0,0,0,0,6,-1
3436,0.003436000,-0.204552,1.69656,0.0,0,0,0,6,-1
3437,0.003437000,-0.204528,1.68888,0.0,0,0,0,6,-1
3438,0.003438000,-0.204504,1.6812,0.0,0,0,0,6,-1
3439,0.003439000,-0.204492,1.6734,0.0,0,0,0,6,-1
3440,0.003440000,-0.204468,1.66572,0.0,0,0,0,6,-1
3441,0.003441000,-0.204444,1.65804,0.0,0,0,0,6,-1
3442,0.003442000,-0.20442,1.65036,0.0,0,0,0,6,-1
3443,0.003443000,-0.204396,1.64256,0.0,0,0,0,6,-1
3444,0.003444000,-0.204372,1.63488,0.0,0,0,0,6,-1
3445,0.003445000,-0.20436,1.6272,0.0,0,0,0,6,-1
3446,0.003446000,-0.204336,1.61952,0.0,0,0,0,6,-1
3447,0.003447000,-0.204312,1.61172,0.0,0,0,0,6,-1
3448,0.003448000,-0.204288,1.60404,0.0,0,0,0,6,-1
3449,0.003449000,-0.204264,1.59636,0.0,0,0,0,6,-1
3450,0.003450000,-0.20424,1.58868,0.0,0,0,0,6,-1
3451,0.003451000,-0.204228,1.58088,0.0,0,0,0,6,-1
3452,0.003452000,-0.204204,1.5732,0.0,0,0,0,6,-1
3453,0.003453000,-0.20418,1.56552,0.0,0,0,0,6,-1
3454,0.003454000,-0.204156,1.55784,0.0,0,0,0,6,-1
3455,0.003455000,-0.204132,1.55004,0.0,0,0,0,6,-1
3456,0.003456000,-0.204108,1.54236,0.0,0,0,0,6,-1
3457,0.003457000,-0.204096,1.53468,0.0,0,0,0,6,-1
3458,0.003458000,-0.204072,1.527,0.0,0,0,0,6,-1
3459,0.003459000,-0.204048,1.5192,0.0,0,0,0,6,-1
3460,0.003460000,-0.204024,1.51152,0.0,0,0,0,6,-1
3461,0.003461000,-0.204,1.50384,0.0,0,0,0,6,-1
3462,0.003462000,-0.203976,1.49616,5.0,1,0,0,6,1
3463,0.003463000,-0.203964,1.48836,0.0,0,0,0,6,-1
3464,0.003464000,-0.20394,1.48068,0.0,0,0,0,6,-1
3465,0.003465000,-0.203916,1.473,0.0,0,0,0,6,-1
3466,0.003466000,-0.203892,1.46532,0.0,0,0,0,6,-1
3467,0.003467000,-0.203868,1.45752,0.0,0,0,0,6,-1
3468,0.003468000,-0.203844,1.44984,0.0,0,0,0,6,-1
3469,0.003469000,-0.203832,1.44216,0.0,0,0,0,6,-1
3470,0.003470000,-0.203808,1.43448,0.0,0,0,0,6,-1
3471,0.003471000,-0.203784,1.42668,0.0,0,0,0,6,-1
3472,0.003472000,-0.20376,1.419,0.0,0,0,0,6,-1
3473,0.003473000,-0.203736,1.41132,0.0,0,0,0,6,-1
3474,0.003474000,-0.203724,1.40364,0.0,0,0,0,6,-1
3475,0.003475000,-0.2037,1.39584,0.0,0,0,0,6,-1
3476,0.003476000,-0.203676,1.38816,0.0,0,0,0,6,-1
3477,0.003477000,-0.203652,1.38048,0.0,0,0,0,6,-1
3478,0.003478000,-0.203628,1.3728,0.0,0,0,0,6,-1
3479,0.003479000,-0.203604,1.365,0.0,0,0,0,6,-1
3480,0.003480000,-0.203592,1.35732,0.0,0,0,0,6,-1
3481,0.003481000,-0.203568,1.34964,0.0,0,0,0,6,-1
3482,0.003482000,-0.203544,1.34196,0.0,0,0,0,6,-1
3483,0.003483000,-0.20352,1.33416,0.0,0,0,0,6,-1
3484,0.003484000,-0.203496,1.32648,0.0,0,0,0,6,-1
3485,0.003485000,-0.203472,1.3188,0.0,0,0,0,6,-1
3486,0.003486000,-0.20346,1.31112,0.0,0,0,0,6,-1
3487,0.003487000,-0.203436,1.30332,0.0,0,0,0,6,-1
3488,0.003488000,-0.203412,1.29564,0.0,0,0,0,6,-1
3489,0.003489000,-0.203388,1.28796,0.0,0,0,0,6,-1
3490,0.003490000,-0.203364,1.28028,0.0,0,0,0,6,-1
3491,0.003491000,-0.20334,1.27248,0.0,0,0,0,6,-1
3492,0.003492000,-0.203328,1.2648,5.0,1,0,0,6,2
3493,0.003493000,-0.203304,1.25712,0.0,0,0,0,6,-1
3494,0.003494000,-0.20328,1.24944,0.0,0,0,0,6,-1
3495,0.003495000,-0.203256,1.24164,0.0,0,0,0,6,-1
3496,0.003496000,-0.203232,1.23396,0.0,0,0,0,6,-1
3497,0.003497000,-0.203208,1.22628,0.0,0,0,0,6,-1
3498,0.003498000,-0.203196,1.2186,0.0,0,0,0,6,-1
3499,0.003499000,-0.203172,1.2108,0.0,0,0,0,6,-1
3500,0.003500000,-0.203148,1.20312,0.0,0,0,0,6,-1
3501,0.003501000,-0.203124,1.195416,0.0,0,0,0,6,-1
3502,0.003502000,-0.2031,1.1877,0.0,0,0,0,6,-1
3503,0.003503000,-0.203076,1.179984,0.0,0,0,0,6,-1
3504,0.003504000,-0.203064,1.17228,0.0,0,0,0,6,-1
3505,0.003505000,-0.20304,1.164564,0.0,0,0,0,6,-1
3506,0.003506000,-0.203016,1.15686,0.0,0,0,0,6,-1
3507,0.003507000,-0.202992,1.149144,0.0,0,0,0,6,-1
3508,0.003508000,-0.202968,1.14144,0.0,0,0,0,6,-1
3509,0.003509000,-0.202956,1.133724,0.0,0,0,0,6,-1
3510,0.003510000,-0.202932,1.126008,0.0,0,0,0,6,-1
3511,0.003511000,-0.202908,1.118304,0.0,0,0,0,6,-1
3512,0.003512000,-0.202884,1.110588,0.0,0,0,0,6,-1
3513,0.003513000,-0.20286,1.102884,0.0,0,0,0,6,-1
3514,0.003514000,-0.202836,1.095168,0.0,0,0,0,6,-1
3515,0.003515000,-0.202824,1.087452,0.0,0,0,0,6,-1
3516,0.003516000,-0.2028,1.079748,0.0,0,0,0,6,-1
3517,0.003517000,-0.202776,1.072032,0.0,0,0,0,6,-1
3518,0.003518000,-0.202752,1.064328,0.0,0,0,0,6,-1
3519,0.003519000,-0.202728,1.056612,0.0,0,0,0,6,-1
3520,0.003520000,-0.202704,1.048896,0.0,0,0,0,6,-1
3521,0.003521000,-0.202692,1.041192,0.0,0,0,0,6,-1
3522,0.003522000,-0.202668,1.033476,5.0,1,0,0,6,3
3523,0.003523000,-0.202644,1.025772,0.0,0,0,0,6,-1
3524,0.003524000,-0.20262,1.018056,0.0,0,0,0,6,-1
3525,0.003525000,-0.202596,1.01034,0.0,0,0,0,6,-1
3526,0.003526000,-0.202572,1.002636,0.0,0,0,0,6,-1
3527,0.003527000,-0.20256,0.99492,0.0,0,0,0,6,-1
3528,0.003528000,-0.202536,0.987216,0.0,0,0,0,6,-1
3529,0.003529000,-0.202512,0.9795,0.0,0,0,0,6,-1
3530,0.003530000,-0.202488,0.971784,0.0,0,0,0,6,-1
3531,0.003531000,-0.202464,0.96408,0.0,0,0,0,6,-1
3532,0.003532000,-0.20244,0.956364,0.0,0,0,0,6,-1
3533,0.003533000,-0.202428,0.94866,0.0,0,0,0,6,-1
3534,0.003534000,-0.202404,0.940944,0.0,0,0,0,6,-1
3535,0.003535000,-0.20238,0.933228,0.0,0,0,0,6,-1
3536,0.003536000,-0.202356,0.925524,0.0,0,0,0,6,-1
3537,0.003537000,-0.202332,0.917808,0.0,0,0,0,6,-1
3538,0.003538000,-0.202308,0.910092,0.0,0,0,0,6,-1
3539,0.003539000,-0.202296,0.902388,0.0,0,0,0,6,-1
3540,0.003540000,-0.202272,0.894672,0.0,0,0,0,6,-1
3541,0.003541000,-0.202248,0.886968,0.0,0,0,0,6,-1
3542,0.003542000,-0.202224,0.879252,0.0,0,0,0,6,-1
3543,0.003543000,-0.2022,0.871536,0.0,0,0,0,6,-1
3544,0.003544000,-0.202176,0.863832,0.0,0,0,0,6,-1
3545,0.003545000,-0.202164,0.856116,0.0,0,0,0,6,-1
3546,0.003546000,-0.20214,0.8484,0.0,0,0,0,6,-1
3547,0.003547000,-0.202116,0.840696,0.0,0,0,0,6,-1
3548,0.003548000,-0.202092,0.83298,0.0,0,0,0,6,-1
3549,0.003549000,-0.202068,0.825264,0.0,0,0,0,6,-1
3550,0.003550000,-0.202056,0.81756,0.0,0,0,0,6,-1
3551,0.003551000,-0.202032,0.809844,0.0,0,0,0,6,-1
3552,0.003552000,-0.202008,0.802128,5.0,1,0,0,6,4
3553,0.003553000,-0.201984,0.794424,0.0,0,0,0,6,-1
3554,0.003554000,-0.20196,0.786708,0.0,0,0,0,6,-1
3555,0.003555000,-0.201936,0.778992,0.0,0,0,0,6,-1
3556,0.003556000,-0.201924,0.771288,0.0,0,0,0,6,-1
3557,0.003557000,-0.2019,0.763572,0.0,0,0,0,6,-1
3558,0.003558000,-0.201876,0.755868,0.0,0,0,0,6,-1
3559,0.003559000,-0.201852,0.748152,0.0,0,0,0,6,-1
3560,0.003560000,-0.201828,0.740436,0.0,0,0,0,6,-1
3561,0.003561000,-0.201804,0.732732,0.0,0,0,0,6,-1
3562,0.003562000,-0.201792,0.725016,0.0,0,0,0,6,-1
3563,0.003563000,-0.201768,0.7173,0.0,0,0,0,6,-1
3564,0.003564000,-0.201744,0.709596,0.0,0,0,0,6,-1
3565,0.003565000,-0.20172,0.70188,0.0,0,0,0,6,-1
3566,0.003566000,-0.201696,0.694164,0.0,0,0,0,6,-1
3567,0.003567000,-0.201672,0.68646,0.0,0,0,0,6,-1
3568,0.003568000,-0.20166,0.678744,0.0,0,0,0,6,-1
3569,0.003569000,-0.201636,0.671028,0.0,0,0,0,6,-1
3570,0.003570000,-0.201612,0.663312,0.0,0,0,0,6,-1
3571,0.003571000,-0.201588,0.655608,0.0,0,0,0,6,-1
3572,0.003572000,-0.201564,0.647892,0.0,0,0,0,6,-1
3573,0.003573000,-0.20154,0.640176,0.0,0,0,0,6,-1
3574,0.003574000,-0.201528,0.632472,0.0,0,0,0,6,-1
3575,0.003575000,-0.201504,0.624756,0.0,0,0,0,6,-1
3576,0.003576000,-0.20148,0.61704,0.0,0,0,0,6,-1
3577,0.003577000,-0.201456,0.609336,0.0,0,0,0,6,-1
3578,0.003578000,-0.201432,0.60162,0.0,0,0,0,6,-1
3579,0.003579000,-0.201408,0.593904,0.0,0,0,0,6,-1
3580,0.003580000,-0.201396,0.5862,0.0,0,0,0,6,-1
3581,0.003581000,-0.201372,0.578484,0.0,0,0,0,6,-1
3582,0.003582000,-0.201348,0.570768,5.0,1,0,0,6,5
3583,0.003583000,-0.201324,0.563064,0.0,0,0,0,6,-1
3584,0.003584000,-0.2013,0.555348,0.0,0,0,0,6,-1
3585,0.003585000,-0.201288,0.547632,0.0,0,0,0,6,-1
3586,0.003586000,-0.201264,0.539916,0.0,0,0,0,6,-1
3587,0.003587000,-0.20124,0.532212,0.0,0,0,0,6,-1
3588,0.003588000,-0.201216,0.524496,0.0,0,0,0,6,-1
3589,0.003589000,-0.201192,0.51678,0.0,0,0,0,6,-1
3590,0.003590000,-0.201168,0.509076,0.0,0,0,0,6,-1
3591,0.003591000,-0.201156,0.50136,0.0,0,0,0,6,-1
3592,0.003592000,-0.201132,0.493644,0.0,0,0,0,6,-1
3593,0.003593000,-0.201108,0.485928,0.0,0,0,0,6,-1
3594,0.003594000,-0.201084,0.478224,0.0,0,0,0,6,-1
3595,0.003595000,-0.20106,0.470508,0.0,0,0,0,6,-1
3596,0.003596000,-0.201036,0.462792,0.0,0,0,0,6,-1
3597,0.003597000,-0.201024,0.455088,0.0,0,0,0,6,-1
3598,0.003598000,-0.201,0.447372,0.0,0,0,0,6,-1
3599,0.003599000,-0.200976,0.439656,0.0,0,0,0,6,-1
3600,0.003600000,-0.200952,0.43194,0.0,0,0,0,6,-1
3601,0.003601000,-0.200928,0.424236,0.0,0,0,0,6,-1
3602,0.003602000,-0.200904,0.41652,0.0,0,0,0,6,-1
3603,0.003603000,-0.200892,0.408804,0.0,0,0,0,6,-1
3604,0.003604000,-0.200868,0.401088,0.0,0,0,0,6,-1
3605,0.003605000,-0.200844,0.393384,0.0,0,0,0,6,-1
3606,0.003606000,-0.20082,0.385668,0.0,0,0,0,6,-1
3607,0.003607000,-0.200796,0.377952,0.0,0,0,0,6,-1
3608,0.003608000,-0.200772,0.370236,0.0,0,0,0,6,-1
3609,0.003609000,-0.20076,0.362532,0.0,0,0,0,6,-1
3610,0.003610000,-0.200736,0.354816,0.0,0,0,0,6,-1
3611,0.003611000,-0.200712,0.3471,0.0,0,0,0,6,-1
3612,0.003612000,-0.200688,0.339384,5.0,1,0,0,6,6
3613,0.003613000,-0.200664,0.33168,0.0,0,0,0,6,-1
3614,0.003614000,-0.20064,0.323964,0.0,0,0,0,6,-1
3615,0.003615000,-0.200628,0.316248,0.0,0,0,0,6,-1
3616,0.003616000,-0.200604,0.308532,0.0,0,0,0,6,-1
3617,0.003617000,-0.20058,0.300828,0.0,0,0,0,6,-1
3618,0.003618000,-0.200556,0.293112,0.0,0,0,0,6,-1
3619,0.003619000,-0.200532,0.285396,0.0,0,0,0,6,-1
3620,0.003620000,-0.200508,0.27768,0.0,0,0,0,6,-1
3621,0.003621000,-0.200496,0.269976,0.0,0,0,0,6,-1
3622,0.003622000,-0.200472,0.26226,0.0,0,0,0,6,-1
3623,0.003623000,-0.200448,0.254544,0.0,0,0,0,6,-1
3624,0.003624000,-0.200424,0.246828,0.0,0,0,0,6,-1
3625,0.003625000,-0.2004,0.239124,0.0,0,0,0,6,-1
3626,0.003626000,-0.200388,0.231408,0.0,0,0,0,6,-1
3627,0.003627000,-0.200364,0.223692,0.0,0,0,0,6,-1
3628,0.003628000,-0.20034,0.215976,0.0,0,0,0,6,-1
3629,0.003629000,-0.200316,0.208272,0.0,0,0,0,6,-1
3630,0.003630000,-0.200292,0.200556,0.0,0,0,0,6,-1
3631,0.003631000,-0.200268,0.19284,0.0,0,0,0,6,-1
3632,0.003632000,-0.200256,0.185124,0.0,0,0,0,6,-1
3633,0.003633000,-0.200232,0.177408,0.0,0,0,0,6,-1
3634,0.003634000,-0.200208,0.169704,0.0,0,0,0,6,-1
3635,0.003635000,-0.200184,0.161988,0.0,0,0,0,6,-1
3636,0.003636000,-0.20016,0.154272,0.0,0,0,0,6,-1
3637,0.003637000,-0.200136,0.146556,0.0,0,0,0,6,-1
3638,0.003638000,-0.200124,0.13884,0.0,0,0,0,6,-1
3639,0.003639000,-0.2001,0.131136,0.0,0,0,0,6,-1
3640,0.003640000,-0.200076,0.12342,0.0,0,0,0,6,-1
3641,0.003641000,-0.200052,0.1157052,0.0,0,0,0,6,-1
3642,0.003642000,-0.200028,0.1079916,5.0,1,0,0,6,7
3643,0.003643000,-0.200004,0.100278,0.0,0,0,0,6,-1
3644,0.003644000,-0.199992,0.0925644,0.0,0,0,0,6,-1
3645,0.003645000,-0.199968,0.0848508,0.0,0,0,0,6,-1
3646,0.003646000,-0.199944,0.0771372,0.0,0,0,0,6,-1
3647,0.003647000,-0.19992,0.0694236,0.0,0,0,0,6,-1
3648,0.003648000,-0.199896,0.06171,0.0,0,0,0,6,-1
3649,0.003649000,-0.199872,0.0539964,0.0,0,0,0,6,-1
3650,0.003650000,-0.19986,0.0462828,0.0,0,0,0,6,-1
3651,0.003651000,-0.199836,0.0385692,0.0,0,0,0,6,-1
3652,0.003652000,-0.199812,0.0308556,0.0,0,0,0,6,-1
3653,0.003653000,-0.199788,0.023142,0.0,0,0,0,6,-1
3654,0.003654000,-0.199764,0.0154272,0.0,0,0,0,6,-1
3655,0.003655000,-0.19974,0.00771384,0.0,0,0,0,6,-1
3656,0.003656000,-0.199728,0.0,0.0,0,0,0,6,-1
3657,0.003657000,-0.199704,-0.00771384,0.0,0,0,0,6,-1
3658,0.003658000,-0.19968,-0.0154272,0.0,0,0,0,6,-1
3659,0.003659000,-0.199656,-0.023142,0.0,0,0,0,6,-1
3660,0.003660000,-0.199632,-0.0308556,0.0,0,0,0,6,-1
3661,0.003661000,-0.199608,-0.0385692,0.0,0,0,0,6,-1
3662,0.003662000,-0.199596,-0.0462828,0.0,0,0,0,6,-1
3663,0.003663000,-0.199572,-0.0539976,0.0,0,0,0,6,-1
3664,0.003664000,-0.199548,-0.0617112,0.0,0,0,0,6,-1
3665,0.003665000,-0.199524,-0.0694248,0.0,0,0,0,6,-1
3666,0.003666000,-0.1995,-0.0771396,0.0,0,0,0,6,-1
3667,0.003667000,-0.199488,-0.0848532,0.0,0,0,0,6,-1
3668,0.003668000,-0.199464,-0.0925668,0.0,0,0,0,6,-1
3669,0.003669000,-0.19944,-0.1002816,0.0,0,0,0,6,-1
3670,0.003670000,-0.199416,-0.1079952,0.0,0,0,0,6,-1
3671,0.003671000,-0.199392,-0.11571,0.0,0,0,0,6,-1
3672,0.003672000,-0.199368,-0.12342,5.0,1,0,0,6,8
3673,0.003673000,-0.199356,-0.131136,0.0,0,0,0,6,-1
3674,0.003674000,-0.199332,-0.138852,0.0,0,0,0,6,-1
3675,0.003675000,-0.199308,-0.146568,0.0,0,0,0,6,-1
3676,0.003676000,-0.199284,-0.154284,0.0,0,0,0,6,-1
3677,0.003677000,-0.19926,-0.162,0.0,0,0,0,6,-1
3678,0.003678000,-0.199236,-0.169704,0.0,0,0,0,6,-1
3679,0.003679000,-0.199224,-0.17742,0.0,0,0,0,6,-1
3680,0.003680000,-0.1992,-0.185136,0.0,0,0,0,6,-1
3681,0.003681000,-0.199176,-0.192852,0.0,0,0,0,6,-1
3682,0.003682000,-0.199152,-0.200568,0.0,0,0,0,6,-1
3683,0.003683000,-0.199128,-0.208284,0.0,0,0,0,6,-1
3684,0.003684000,-0.199104,-0.216,0.0,0,0,0,6,-1
3685,0.003685000,-0.199092,-0.223704,0.0,0,0,0,6,-1
3686,0.003686000,-0.199068,-0.23142,0.0,0,0,0,6,-1
3687,0.003687000,-0.199044,-0.239136,0.0,0,0,0,6,-1
3688,0.003688000,-0.19902,-0.246852,0.0,0,0,0,6,-1
3689,0.003689000,-0.198996,-0.254568,0.0,0,0,0,6,-1
3690,0.003690000,-0.198972,-0.262284,0.0,0,0,0,6,-1
3691,0.003691000,-0.19896,-0.27,0.0,0,0,0,6,-1
3692,0.003692000,-0.198936,-0.277716,0.0,0,0,0,6,-1
3693,0.003693000,-0.198912,-0.28542,0.0,0,0,0,6,-1
3694,0.003694000,-0.198888,-0.293136,0.0,0,0,0,6,-1
3695,0.003695000,-0.198864,-0.300852,0.0,0,0,0,6,-1
3696,0.003696000,-0.19884,-0.308568,0.0,0,0,0,6,-1
3697,0.003697000,-0.198828,-0.316284,0.0,0,0,0,6,-1
3698,0.003698000,-0.198804,-0.324,0.0,0,0,0,6,-1
3699,0.003699000,-0.19878,-0.331716,0.0,0,0,0,6,-1
3700,0.003700000,-0.198756,-0.339432,0.0,0,0,0,6,-1
3701,0.003701000,-0.198732,-0.347148,0.0,0,0,0,6,-1
3702,0.003702000,-0.198708,-0.354852,5.0,1,0,0,6,9
3703,0.003703000,-0.198696,-0.362568,0.0,0,0,0,6,-1
3704,0.003704000,-0.198672,-0.370284,0.0,0,0,0,6,-1
3705,0.003705000,-0.198648,-0.378,0.0,0,0,0,6,-1
3706,0.003706000,-0.198624,-0.385716,0.0,0,0,0,6,-1
3707,0.003707000,-0.1986,-0.393432,0.0,0,0,0,6,-1
3708,0.003708000,-0.198576,-0.401148,0.0,0,0,0,6,-1
3709,0.003709000,-0.198564,-0.408864,0.0,0,0,0,6,-1
3710,0.003710000,-0.19854,-0.41658,0.0,0,0,0,6,-1
3711,0.003711000,-0.198516,-0.424296,0.0,0,0,0,6,-1
3712,0.003712000,-0.198492,-0.432,0.0,0,0,0,6,-1
3713,0.003713000,-0.198468,-0.439716,0.0,0,0,0,6,-1
3714,0.003714000,-0.198456,-0.447432,0.0,0,0,0,6,-1
3715,0.003715000,-0.198432,-0.455148,0.0,0,0,0,6,-1
3716,0.003716000,-0.198408,-0.462864,0.0,0,0,0,6,-1
3717,0.003717000,-0.198384,-0.47058,0.0,0,0,0,6,-1
3718,0.003718000,-0.19836,-0.478296,0.0,0,0,0,6,-1
3719,0.003719000,-0.198336,-0.486012,0.0,0,0,0,6,-1
3720,0.003720000,-0.198324,-0.493728,0.0,0,0,0,6,-1
3721,0.003721000,-0.1983,-0.501444,0.0,0,0,0,6,-1
3722,0.003722000,-0.198276,-0.50916,0.0,0,0,0,6,-1
3723,0.003723000,-0.198252,-0.516876,0.0,0,0,0,6,-1
3724,0.003724000,-0.198228,-0.52458,0.0,0,0,0,6,-1
3725,0.003725000,-0.198204,-0.532296,0.0,0,0,0,6,-1
3726,0.003726000,-0.198192,-0.540012,0.0,0,0,0,6,-1
3727,0.003727000,-0.198168,-0.547728,0.0,0,0,0,6,-1
3728,0.003728000,-0.198144,-0.555444,0.0,0,0,0,6,-1
3729,0.003729000,-0.19812,-0.56316,0.0,0,0,0,6,-1
3730,0.003730000,-0.198096,-0.570876,0.0,0,0,0,6,-1
3731,0.003731000,-0.198072,-0.578592,0.0,0,0,0,6,-1
3732,0.003732000,-0.19806,-0.586308,5.0,1,0,0,6,10
3733,0.003733000,-0.198036,-0.594024,0.0,0,0,0,6,-1
3734,0.003734000,-0.198012,-0.60174,0.0,0,0,0,6,-1
3735,0.003735000,-0.197988,-0.609456,0.0,0,0,0,6,-1
3736,0.003736000,-0.197964,-0.617172,0.0,0,0,0,6,-1
3737,0.003737000,-0.19794,-0.624888,0.0,0,0,0,6,-1
3738,0.003738000,-0.197928,-0.632604,0.0,0,0,0,6,-1
3739,0.003739000,-0.197904,-0.64032,0.0,0,0,0,6,-1
3740,0.003740000,-0.19788,-0.648036,0.0,0,0,0,6,-1
3741,0.003741000,-0.197856,-0.655752,0.0,0,0,0,6,-1
3742,0.003742000,-0.197832,-0.663456,0.0,0,0,0,6,-1
3743,0.003743000,-0.197808,-0.671172,0.0,0,0,0,6,-1
3744,0.003744000,-0.197796,-0.678888,0.0,0,0,0,6,-1
3745,0.003745000,-0.197772,-0.686604,0.0,0,0,0,6,-1
3746,0.003746000,-0.197748,-0.69432,0.0,0,0,0,6,-1
3747,0.003747000,-0.197724,-0.702036,0.0,0,0,0,6,-1
3748,0.003748000,-0.1977,-0.709752,0.0,0,0,0,6,-1
3749,0.003749000,-0.197676,-0.717468,0.0,0,0,0,6,-1
3750,0.003750000,-0.197664,-0.725184,0.0,0,0,0,6,-1
3751,0.003751000,-0.19764,-0.7329,0.0,0,0,0,6,-1
3752,0.003752000,-0.197616,-0.740616,0.0,0,0,0,6,-1
3753,0.003753000,-0.197592,-0.748332,0.0,0,0,0,6,-1
3754,0.003754000,-0.197568,-0.756048,0.0,0,0,0,6,-1
3755,0.003755000,-0.197544,-0.763764,0.0,0,0,0,6,-1
3756,0.003756000,-0.197532,-0.77148,0.0,0,0,0,6,-1
3757,0.003757000,-0.197508,-0.779196,0.0,0,0,0,6,-1
3758,0.003758000,-0.197484,-0.786912,0.0,0,0,0,6,-1
3759,0.003759000,-0.19746,-0.794628,0.0,0,0,0,6,-1
3760,0.003760000,-0.197436,-0.802344,0.0,0,0,0,6,-1
3761,0.003761000,-0.197424,-0.81006,0.0,0,0,0,6,-1
3762,0.003762000,-0.1974,-0.817776,5.0,1,0,0,6,11
3763,0.003763000,-0.197376,-0.825492,0.0,0,0,0,6,-1
3764,0.003764000,-0.197352,-0.833208,0.0,0,0,0,6,-1
3765,0.003765000,-0.197328,-0.840924,0.0,0,0,0,6,-1
3766,0.003766000,-0.197304,-0.84864,0.0,0,0,0,6,-1
3767,0.003767000,-0.197292,-0.856356,0.0,0,0,0,6,-1
3768,0.003768000,-0.197268,-0.864072,0.0,0,0,0,6,-1
3769,0.003769000,-0.197244,-0.871788,0.0,0,0,0,6,-1
3770,0.003770000,-0.19722,-0.879504,0.0,0,0,0,6,-1
3771,0.003771000,-0.197196,-0.88722,0.0,0,0,0,6,-1
3772,0.003772000,-0.197172,-0.894936,0.0,0,0,0,6,-1
3773,0.003773000,-0.19716,-0.902652,0.0,0,0,0,6,-1
3774,0.003774000,-0.197136,-0.910368,0.0,0,0,0,6,-1
3775,0.003775000,-0.197112,-0.918084,0.0,0,0,0,6,-1
3776,0.003776000,-0.197088,-0.9258,0.0,0,0,0,6,-1
3777,0.003777000,-0.197064,-0.933516,0.0,0,0,0,6,-1
3778,0.003778000,-0.19704,-0.941232,0.0,0,0,0,6,-1
3779,0.003779000,-0.197028,-0.948948,0.0,0,0,0,6,-1
3780,0.003780000,-0.197004,-0.956664,0.0,0,0,0,6,-1
3781,0.003781000,-0.19698,-0.96438,0.0,0,0,0,6,-1
3782,0.003782000,-0.196956,-0.972096,0.0,0,0,0,6,-1
3783,0.003783000,-0.196932,-0.979812,0.0,0,0,0,6,-1
3784,0.003784000,-0.196908,-0.987528,0.0,0,0,0,6,-1
3785,0.003785000,-0.196896,-0.995244,0.0,0,0,0,6,-1
3786,0.003786000,-0.196872,-1.00296,0.0,0,0,0,6,-1
3787,0.003787000,-0.196848,-1.010676,0.0,0,0,0,6,-1
3788,0.003788000,-0.196824,-1.018392,0.0,0,0,0,6,-1
3789,0.003789000,-0.1968,-1.026108,0.0,0,0,0,6,-1
3790,0.003790000,-0.196776,-1.033824,0.0,0,0,0,6,-1
3791,0.003791000,-0.196764,-1.04154,0.0,0,0,0,6,-1
3792,0.003792000,-0.19674,-1.049256,5.0,1,0,0,6,12
3793,0.003793000,-0.196716,-1.056972,0.0,0,0,0,6,-1
3794,0.003794000,-0.196692,-1.0647,0.0,0,0,0,6,-1
3795,0.003795000,-0.196668,-1.072416,0.0,0,0,0,6,-1
3796,0.003796000,-0.196644,-1.080132,0.0,0,0,0,6,-1
3797,0.003797000,-0.196632,-1.087848,0.0,0,0,0,6,-1
3798,0.003798000,-0.196608,-1.095564,0.0,0,0,0,6,-1
3799,0.003799000,-0.196584,-1.10328,0.0,0,0,0,6,-1
3800,0.003800000,-0.19656,-1.110996,0.0,0,0,0,6,-1
3801,0.003801000,-0.196536,-1.118712,0.0,0,0,0,6,-1
3802,0.003802000,-0.196512,-1.126428,0.0,0,0,0,6,-1
3803,0.003803000,-0.1965,-1.134144,0.0,0,0,0,6,-1
3804,0.003804000,-0.196476,-1.14186,0.0,0,0,0,6,-1
3805,0.003805000,-0.196452,-1.149576,0.0,0,0,0,6,-1
3806,0.003806000,-0.196428,-1.157292,0.0,0,0,0,6,-1
3807,0.003807000,-0.196404,-1.165008,0.0,0,0,0,6,-1
3808,0.003808000,-0.19638,-1.172724,0.0,0,0,0,6,-1
3809,0.003809000,-0.196368,-1.18044,0.0,0,0,0,6,-1
3810,0.003810000,-0.196344,-1.188156,0.0,0,0,0,6,-1
3811,0.003811000,-0.19632,-1.195872,0.0,0,0,0,6,-1
3812,0.003812000,-0.196296,-1.2036,0.0,0,0,0,6,-1
3813,0.003813000,-0.196272,-1.21128,0.0,0,0,0,6,-1
3814,0.003814000,-0.19626,-1.21908,0.0,0,0,0,6,-1
3815,0.003815000,-0.196236,-1.22676,0.0,0,0,0,6,-1
3816,0.003816000,-0.196212,-1.23444,0.0,0,0,0,6,-1
3817,0.003817000,-0.196188,-1.24212,0.0,0,0,0,6,-1
3818,0.003818000,-0.196164,-1.24992,0.0,0,0,0,6,-1
3819,0.003819000,-0.19614,-1.2576,0.0,0,0,0,6,-1
3820,0.003820000,-0.196128,-1.26528,0.0,0,0,0,6,-1
3821,0.003821000,-0.196104,-1.27308,0.0,0,0,0,6,-1
3822,0.003822000,-0.19608,-1.28076,5.0,1,0,0,6,13
3823,0.003823000,-0.196056,-1.28844,0.0,0,0,0,6,-1
3824,0.003824000,-0.196032,-1.29624,0.0,0,0,0,6,-1
3825,0.003825000,-0.196008,-1.30392,0.0,0,0,0,6,-1
3826,0.003826000,-0.195996,-1.3116,0.0,0,0,0,6,-1
3827,0.003827000,-0.195972,-1.3194,0.0,0,0,0,6,-1
3828,0.003828000,-0.195948,-1.32708,0.0,0,0,0,6,-1
3829,0.003829000,-0.195924,-1.33476,0.0,0,0,0,6,-1
3830,0.003830000,-0.1959,-1.34256,0.0,0,0,0,6,-1
3831,0.003831000,-0.195876,-1.35024,0.0,0,0,0,6,-1
3832,0.003832000,-0.195864,-1.35792,0.0,0,0,0,6,-1
3833,0.003833000,-0.19584,-1.3656,0.0,0,0,0,6,-1
3834,0.003834000,-0.195816,-1.3734,0.0,0,0,0,6,-1
3835,0.003835000,-0.195792,-1.38108,0.0,0,0,0,6,-1
3836,0.003836000,-0.195768,-1.38876,0.0,0,0,0,6,-1
3837,0.003837000,-0.195744,-1.39656,0.0,0,0,0,6,-1
3838,0.003838000,-0.195732,-1.40424,0.0,0,0,0,6,-1
3839,0.003839000,-0.195708,-1.41192,0.0,0,0,0,6,-1
3840,0.003840000,-0.195684,-1.41972,0.0,0,0,0,6,-1
3841,0.003841000,-0.19566,-1.4274,0.0,0,0,0,6,-1
3842,0.003842000,-0.195636,-1.43508,0.0,0,0,0,6,-1
3843,0.003843000,-0.195612,-1.44288,0.0,0,0,0,6,-1
3844,0.003844000,-0.1956,-1.45056,0.0,0,0,0,6,-1
3845,0.003845000,-0.195576,-1.45824,0.0,0,0,0,6,-1
3846,0.003846000,-0.195552,-1.46592,0.0,0,0,0,6,-1
3847,0.003847000,-0.195528,-1.47372,0.0,0,0,0,6,-1
3848,0.003848000,-0.195504,-1.4814,0.0,0,0,0,6,-1
3849,0.003849000,-0.19548,-1.48908,0.0,0,0,0,6,-1
3850,0.003850000,-0.195468,-1.49688,0.0,0,0,0,6,-1
3851,0.003851000,-0.195444,-1.50456,0.0,0,0,0,6,-1
3852,0.003852000,-0.19542,-1.51224,5.0,1,0,0,6,14
3853,0.003853000,-0.195396,-1.52004,0.0,0,0,0,6,-1
3854,0.003854000,-0.195372,-1.52772,0.0,0,0,0,6,-1
3855,0.003855000,-0.195348,-1.5354,0.0,0,0,0,6,-1
3856,0.003856000,-0.195336,-1.5432,0.0,0,0,0,6,-1
3857,0.003857000,-0.195312,-1.55088,0.0,0,0,0,6,-1
3858,0.003858000,-0.195288,-1.55856,0.0,0,0,0,6,-1
3859,0.003859000,-0.195264,-1.56636,0.0,0,0,0,6,-1
3860,0.003860000,-0.19524,-1.57404,0.0,0,0,0,6,-1
3861,0.003861000,-0.195216,-1.58172,0.0,0,0,0,6,-1
3862,0.003862000,-0.195204,-1.58952,0.0,0,0,0,6,-1
3863,0.003863000,-0.19518,-1.5972,0.0,0,0,0,6,-1
3864,0.003864000,-0.195156,-1.60488,0.0,0,0,0,6,-1
3865,0.003865000,-0.195132,-1.61256,0.0,0,0,0,6,-1
3866,0.003866000,-0.195108,-1.62036,0.0,0,0,0,6,-1
3867,0.003867000,-0.195096,-1.62804,0.0,0,0,0,6,-1
3868,0.003868000,-0.195072,-1.63572,0.0,0,0,0,6,-1
3869,0.003869000,-0.195048,-1.64352,0.0,0,0,0,6,-1
3870,0.003870000,-0.195024,-1.6512,0.0,0,0,0,6,-1
3871,0.003871000,-0.195,-1.65888,0.0,0,0,0,6,-1
3872,0.003872000,-0.194976,-1.66668,0.0,0,0,0,6,-1
3873,0.003873000,-0.194964,-1.67436,0.0,0,0,0,6,-1
3874,0.003874000,-0.19494,-1.68204,0.0,0,0,0,6,-1
3875,0.003875000,-0.194916,-1.68984,0.0,0,0,0,6,-1
3876,0.003876000,-0.194892,-1.69752,0.0,0,0,0,6,-1
3877,0.003877000,-0.194868,-1.7052,0.0,0,0,0,6,-1
3878,0.003878000,-0.194844,-1.713,0.0,0,0,0,6,-1
3879,0.003879000,-0.194832,-1.72068,0.0,0,0,0,6,-1
3880,0.003880000,-0.194808,-1.72836,0.0,0,0,0,6,-1
3881,0.003881000,-0.194784,-1.73616,0.0,0,0,0,6,-1
3882,0.003882000,-0.19476,-1.74384,5.0,1,1,0,6,15
3883,0.003883000,-0.194736,-1.75152,0.0,0,0,0,-1,-1
3884,0.003884000,-0.194712,-1.7592,0.0,0,0,0,-1,-1
3885,0.003885000,-0.1947,-1.767,0.0,0,0,0,-1,-1
3886,0.003886000,-0.194676,-1.77468,0.0,0,0,0,-1,-1
3887,0.003887000,-0.190212,-1.78152,0.0,0,0,0,-1,-1
3888,0.003888000,-0.190188,-1.7892,0.0,0,0,0,-1,-1
3889,0.003889000,-0.190164,-1.79688,0.0,0,0,0,-1,-1
3890,0.003890000,-0.1857,-1.8036,0.0,0,0,0,-1,-1
3891,0.003891000,-0.185676,-1.8114,0.0,0,0,0,-1,-1
3892,0.003892000,-0.181224,-1.81812,0.0,0,0,0,-1,-1
3893,0.003893000,-0.176772,-1.82484,0.0,0,0,0,-1,-1
3894,0.003894000,-0.17232,-1.83156,0.0,0,0,0,-1,-1
3895,0.003895000,-0.16788,-1.83828,0.0,0,0,0,-1,-1
3896,0.003896000,-0.16344,-1.845,0.0,0,0,0,-1,-1
3897,0.003897000,-0.159036,-1.84404,0.0,0,0,0,-1,-1
3898,0.003898000,-0.154608,-1.85076,0.0,0,0,0,-1,-1
3899,0.003899000,-0.150204,-1.8498,0.0,0,0,0,-1,-1
3900,0.003900000,-0.1458,-1.84884,0.0,0,0,0,-1,-1
3901,0.003901000,-0.141384,-1.85544,0.0,0,0,0,-1,-1
3902,0.003902000,-0.137004,-1.85448,0.0,0,0,0,-1,-1
3903,0.003903000,-0.132624,-1.85352,0.0,0,0,0,-1,-1
3904,0.003904000,-0.128244,-1.85256,0.0,0,0,0,-1,-1
3905,0.003905000,-0.123864,-1.8516,0.0,0,0,0,-1,-1
3906,0.003906000,-0.119496,-1.85064,0.0,0,0,0,-1,-1
3907,0.003907000,-0.1151316,-1.84968,0.0,0,0,0,-1,-1
3908,0.003908000,-0.1107924,-1.84104,0.0,0,0,0,-1,-1
3909,0.003909000,-0.1064376,-1.84008,0.0,0,0,0,-1,-1
3910,0.003910000,-0.1020864,-1.83912,0.0,0,0,0,-1,-1
3911,0.003911000,-0.0977616,-1.83048,0.0,0,0,0,-1,-1
3912,0.003912000,-0.0934188,-1.82952,0.0,0,0,0,-1,-1
3913,0.003913000,-0.0891036,-1.82088,0.0,0,0,0,-1,-1
3914,0.003914000,-0.084792,-1.81236,0.0,0,0,0,-1,-1
3915,0.003915000,-0.0804864,-1.80384,0.0,0,0,0,-1,-1
3916,0.003916000,-0.0761844,-1.7952,0.0,0,0,0,-1,-1
3917,0.003917000,-0.071886,-1.78668,0.0,0,0,0,-1,-1
3918,0.003918000,-0.0719076,-1.77912,0.0,0,0,0,-1,-1
3919,0.003919000,-0.0676152,-1.7706,0.0,0,0,0,-1,-1
3920,0.003920000,-0.0676368,-1.76292,0.0,0,0,0,-1,-1
3921,0.003921000,-0.0676584,-1.75536,0.0,0,0,0,-1,-1
3922,0.003922000,-0.0633696,-1.74684,0.0,0,0,0,-1,-1
3923,0.003923000,-0.0633924,-1.73928,0.0,0,0,0,-1,-1
3924,0.003924000,-0.063414,-1.7316,0.0,0,0,0,-1,-1
3925,0.003925000,-0.0634356,-1.72404,0.0,0,0,0,-1,-1
3926,0.003926000,-0.0634572,-1.71648,5.0,1,0,0,7,0
3927,0.003927000,-0.0634788,-1.7088,0.0,0,0,0,7,-1
3928,0.003928000,-0.0635004,-1.70124,0.0,0,0,0,7,-1
3929,0.003929000,-0.0635232,-1.69368,0.0,0,0,0,7,-1
3930,0.003930000,-0.0635448,-1.68612,0.0,0,0,0,7,-1
3931,0.003931000,-0.0635664,-1.67844,0.0,0,0,0,7,-1
3932,0.003932000,-0.063588,-1.67088,0.0,0,0,0,7,-1
3933,0.003933000,-0.0636096,-1.66332,0.0,0,0,0,7,-1
3934,0.003934000,-0.0636312,-1.65564,0.0,0,0,0,7,-1
3935,0.003935000,-0.0636528,-1.64808,0.0,0,0,0,7,-1
3936,0.003936000,-0.0636756,-1.64052,0.0,0,0,0,7,-1
3937,0.003937000,-0.0636972,-1.63284,0.0,0,0,0,7,-1
3938,0.003938000,-0.0637188,-1.62528,0.0,0,0,0,7,-1
3939,0.003939000,-0.0637404,-1.61772,0.0,0,0,0,7,-1
3940,0.003940000,-0.063762,-1.61004,0.0,0,0,0,7,-1
3941,0.003941000,-0.0637836,-1.60248,0.0,0,0,0,7,-1
3942,0.003942000,-0.0638064,-1.59492,0.0,0,0,0,7,-1
3943,0.003943000,-0.063828,-1.58736,0.0,0,0,0,7,-1
3944,0.003944000,-0.0638496,-1.57968,0.0,0,0,0,7,-1
3945,0.003945000,-0.0638712,-1.57212,0.0,0,0,0,7,-1
3946,0.003946000,-0.0638928,-1.56456,0.0,0,0,0,7,-1
3947,0.003947000,-0.0639144,-1.55688,0.0,0,0,0,7,-1
3948,0.003948000,-0.063936,-1.54932,0.0,0,0,0,7,-1
3949,0.003949000,-0.0639588,-1.54176,0.0,0,0,0,7,-1
3950,0.003950000,-0.0639804,-1.53408,0.0,0,0,0,7,-1
3951,0.003951000,-0.064002,-1.52652,0.0,0,0,0,7,-1
3952,0.003952000,-0.0640236,-1.51896,0.0,0,0,0,7,-1
3953,0.003953000,-0.0640452,-1.5114,0.0,0,0,0,7,-1
3954,0.003954000,-0.0640668,-1.50372,0.0,0,0,0,7,-1
3955,0.003955000,-0.0640896,-1.49616,0.0,0,0,0,7,-1
3956,0.003956000,-0.0641112,-1.4886,5.0,1,0,0,7,1
3957,0.003957000,-0.0641328,-1.48092,0.0,0,0,0,7,-1
3958,0.003958000,-0.0641544,-1.47336,0.0,0,0,0,7,-1
3959,0.003959000,-0.064176,-1.4658,0.0,0,0,0,7,-1
3960,0.003960000,-0.0641976,-1.45812,0.0,0,0,0,7,-1
3961,0.003961000,-0.0642192,-1.45056,0.0,0,0,0,7,-1
3962,0.003962000,-0.064242,-1.443,0.0,0,0,0,7,-1
3963,0.003963000,-0.0642636,-1.43532,0.0,0,0,0,7,-1
3964,0.003964000,-0.0642852,-1.42776,0.0,0,0,0,7,-1
3965,0.003965000,-0.0643068,-1.4202,0.0,0,0,0,7,-1
3966,0.003966000,-0.0643284,-1.41264,0.0,0,0,0,7,-1
3967,0.003967000,-0.06435,-1.40496,0.0,0,0,0,7,-1
3968,0.003968000,-0.0643716,-1.3974,0.0,0,0,0,7,-1
3969,0.003969000,-0.0643944,-1.38984,0.0,0,0,0,7,-1
3970,0.003970000,-0.064416,-1.38216,0.0,0,0,0,7,-1
3971,0.003971000,-0.0644376,-1.3746,0.0,0,0,0,7,-1
3972,0.003972000,-0.0644592,-1.36704,0.0,0,0,0,7,-1
3973,0.003973000,-0.0644808,-1.35936,0.0,0,0,0,7,-1
3974,0.003974000,-0.0645024,-1.3518,0.0,0,0,0,7,-1
3975,0.003975000,-0.0645252,-1.34424,0.0,0,0,0,7,-1
3976,0.003976000,-0.0645468,-1.33668,0.0,0,0,0,7,-1
3977,0.003977000,-0.0645684,-1.329,0.0,0,0,0,7,-1
3978,0.003978000,-0.06459,-1.32144,0.0,0,0,0,7,-1
3979,0.003979000,-0.0646116,-1.31388,0.0,0,0,0,7,-1
3980,0.003980000,-0.0646332,-1.3062,0.0,0,0,0,7,-1
3981,0.003981000,-0.0646548,-1.29864,0.0,0,0,0,7,-1
3982,0.003982000,-0.0646776,-1.29108,0.0,0,0,0,7,-1
3983,0.003983000,-0.0646992,-1.2834,0.0,0,0,0,7,-1
3984,0.003984000,-0.0647208,-1.27584,0.0,0,0,0,7,-1
3985,0.003985000,-0.0647424,-1.26828,0.0,0,0,0,7,-1
3986,0.003986000,-0.064764,-1.26072,5.0,1,0,0,7,2
3987,0.003987000,-0.0647856,-1.25304,0.0,0,0,0,7,-1
3988,0.003988000,-0.0648084,-1.24548,0.0,0,0,0,7,-1
3989,0.003989000,-0.06483,-1.23792,0.0,0,0,0,7,-1
3990,0.003990000,-0.0648516,-1.23024,0.0,0,0,0,7,-1
3991,0.003991000,-0.0648732,-1.22268,0.0,0,0,0,7,-1
3992,0.003992000,-0.0648948,-1.21512,0.0,0,0,0,7,-1
3993,0.003993000,-0.0649164,-1.20744,0.0,0,0,0,7,-1
3994,0.003994000,-0.064938,-1.199904,0.0,0,0,0,7,-1
3995,0.003995000,-0.0649608,-1.192308,0.0,0,0,0,7,-1
3996,0.003996000,-0.0649824,-1.184712,0.0,0,0,0,7,-1
3997,0.003997000,-0.065004,-1.177116,0.0,0,0,0,7,-1
3998,0.003998000,-0.0650256,-1.16952,0.0,0,0,0,7,-1
3999,0.003999000,-0.0650472,-1.161924,0.0,0,0,0,7,-1
4000,0.004000000,-0.0650688,-1.154328,0.0,0,0,0,7,-1
4001,0.004001000,-0.0650904,-1.146732,0.0,0,0,0,7,-1
4002,0.004002000,-0.0651132,-1.139136,0.0,0,0,0,7,-1
4003,0.004003000,-0.0651348,-1.13154,0.0,0,0,0,7,-1
4004,0.004004000,-0.0651564,-1.123944,0.0,0,0,0,7,-1
4005,0.004005000,-0.065178,-1.116348,0.0,0,0,0,7,-1
4006,0.004006000,-0.0651996,-1.108752,0.0,0,0,0,7,-1
4007,0.004007000,-0.0652212,-1.101156,0.0,0,0,0,7,-1
4008,0.004008000,-0.065244,-1.09356,0.0,0,0,0,7,-1
4009,0.004009000,-0.0652656,-1.085964,0.0,0,0,0,7,-1
4010,0.004010000,-0.0652872,-1.078368,0.0,0,0,0,7,-1
4011,0.004011000,-0.0653088,-1.070772,0.0,0,0,0,7,-1
4012,0.004012000,-0.0653304,-1.063176,0.0,0,0,0,7,-1
4013,0.004013000,-0.065352,-1.05558,0.0,0,0,0,7,-1
4014,0.004014000,-0.0653736,-1.047984,0.0,0,0,0,7,-1
4015,0.004015000,-0.0653964,-1.040388,0.0,0,0,0,7,-1
4016,0.004016000,-0.065418,-1.032792,5.0,1,0,0,7,3
4017,0.004017000,-0.0654396,-1.025196,0.0,0,0,0,7,-1
4018,0.004018000,-0.0654612,-1.0176,0.0,0,0,0,7,-1
4019,0.004019000,-0.0654828,-1.010004,0.0,0,0,0,7,-1
4020,0.004020000,-0.0655044,-1.00242,0.0,0,0,0,7,-1
4021,0.004021000,-0.065526,-0.994824,0.0,0,0,0,7,-1
4022,0.004022000,-0.0655488,-0.987228,0.0,0,0,0,7,-1
4023,0.004023000,-0.0655704,-0.979632,0.0,0,0,0,7,-1
4024,0.004024000,-0.065592,-0.972036,0.0,0,0,0,7,-1
4025,0.004025000,-0.0656136,-0.96444,0.0,0,0,0,7,-1
4026,0.004026000,-0.0656352,-0.956844,0.0,0,0,0,7,-1
4027,0.004027000,-0.0656568,-0.949248,0.0,0,0,0,7,-1
4028,0.004028000,-0.0656784,-0.941652,0.0,0,0,0,7,-1
4029,0.004029000,-0.0657012,-0.934056,0.0,0,0,0,7,-1
4030,0.004030000,-0.0657228,-0.92646,0.0,0,0,0,7,-1
4031,0.004031000,-0.0657444,-0.918864,0.0,0,0,0,7,-1
4032,0.004032000,-0.065766,-0.911268,0.0,0,0,0,7,-1
4033,0.004033000,-0.0657876,-0.903672,0.0,0,0,0,7,-1
4034,0.004034000,-0.0658092,-0.896088,0.0,0,0,0,7,-1
4035,0.004035000,-0.065832,-0.888492,0.0,0,0,0,7,-1
4036,0.004036000,-0.0658536,-0.880896,0.0,0,0,0,7,-1
4037,0.004037000,-0.0658752,-0.8733,0.0,0,0,0,7,-1
4038,0.004038000,-0.0658968,-0.865704,0.0,0,0,0,7,-1
4039,0.004039000,-0.0659184,-0.858108,0.0,0,0,0,7,-1
4040,0.004040000,-0.06594,-0.850512,0.0,0,0,0,7,-1
4041,0.004041000,-0.0659616,-0.842916,0.0,0,0,0,7,-1
4042,0.004042000,-0.0659844,-0.83532,0.0,0,0,0,7,-1
4043,0.004043000,-0.066006,-0.827724,0.0,0,0,0,7,-1
4044,0.004044000,-0.0660276,-0.820128,0.0,0,0,0,7,-1
4045,0.004045000,-0.0660492,-0.812532,0.0,0,0,0,7,-1
4046,0.004046000,-0.0660708,-0.804948,5.0,1,0,0,7,4
4047,0.004047000,-0.0660924,-0.797352,0.0,0,0,0,7,-1
4048,0.004048000,-0.066114,-0.789756,0.0,0,0,0,7,-1
4049,0.004049000,-0.0661368,-0.78216,0.0,0,0,0,7,-1
4050,0.004050000,-0.0661584,-0.774564,0.0,0,0,0,7,-1
4051,0.004051000,-0.06618,-0.766968,0.0,0,0,0,7,-1
4052,0.004052000,-0.0662016,-0.759372,0.0,0,0,0,7,-1
4053,0.004053000,-0.0662232,-0.751776,0.0,0,0,0,7,-1
4054,0.004054000,-0.0662448,-0.74418,0.0,0,0,0,7,-1
4055,0.004055000,-0.0662664,-0.736596,0.0,0,0,0,7,-1
4056,0.004056000,-0.0662892,-0.729,0.0,0,0,0,7,-1
4057,0.004057000,-0.0663108,-0.721404,0.0,0,0,0,7,-1
4058,0.004058000,-0.0663324,-0.713808,0.0,0,0,0,7,-1
4059,0.004059000,-0.066354,-0.706212,0.0,0,0,0,7,-1
4060,0.004060000,-0.0663756,-0.698616,0.0,0,0,0,7,-1
4061,0.004061000,-0.0663972,-0.69102,0.0,0,0,0,7,-1
4062,0.004062000,-0.06642,-0.683424,0.0,0,0,0,7,-1
4063,0.004063000,-0.0664416,-0.67584,0.0,0,0,0,7,-1
4064,0.004064000,-0.0664632,-0.668244,0.0,0,0,0,7,-1
4065,0.004065000,-0.0664848,-0.660648,0.0,0,0,0,7,-1
4066,0.004066000,-0.0665064,-0.653052,0.0,0,0,0,7,-1
4067,0.004067000,-0.066528,-0.645456,0.0,0,0,0,7,-1
4068,0.004068000,-0.0665496,-0.63786,0.0,0,0,0,7,-1
4069,0.004069000,-0.0665724,-0.630264,0.0,0,0,0,7,-1
4070,0.004070000,-0.066594,-0.622668,0.0,0,0,0,7,-1
4071,0.004071000,-0.0666156,-0.615084,0.0,0,0,0,7,-1
4072,0.004072000,-0.0666372,-0.607488,0.0,0,0,0,7,-1
4073,0.004073000,-0.0666588,-0.599892,0.0,0,0,0,7,-1
4074,0.004074000,-0.0666804,-0.592296,0.0,0,0,0,7,-1
4075,0.004075000,-0.066702,-0.5847,0.0,0,0,0,7,-1
4076,0.004076000,-0.0667248,-0.577104,5.0,1,0,0,7,5
4077,0.004077000,-0.0667464,-0.569508,0.0,0,0,0,7,-1
4078,0.004078000,-0.066768,-0.561924,0.0,0,0,0,7,-1
4079,0.004079000,-0.0667896,-0.554328,0.0,0,0,0,7,-1
4080,0.004080000,-0.0668112,-0.546732,0.0,0,0,0,7,-1
4081,0.004081000,-0.0668328,-0.539136,0.0,0,0,0,7,-1
4082,0.004082000,-0.0668544,-0.53154,0.0,0,0,0,7,-1
4083,0.004083000,-0.0668772,-0.523944,0.0,0,0,0,7,-1
4084,0.004084000,-0.0668988,-0.51636,0.0,0,0,0,7,-1
4085,0.004085000,-0.0669204,-0.508764,0.0,0,0,0,7,-1
4086,0.004086000,-0.066942,-0.501168,0.0,0,0,0,7,-1
4087,0.004087000,-0.0669636,-0.493572,0.0,0,0,0,7,-1
4088,0.004088000,-0.0669852,-0.485976,0.0,0,0,0,7,-1
4089,0.004089000,-0.0670068,-0.47838,0.0,0,0,0,7,-1
4090,0.004090000,-0.0670296,-0.470796,0.0,0,0,0,7,-1
4091,0.004091000,-0.0670512,-0.4632,0.0,0,0,0,7,-1
4092,0.004092000,-0.0670728,-0.455604,0.0,0,0,0,7,-1
4093,0.004093000,-0.0670944,-0.448008,0.0,0,0,0,7,-1
4094,0.004094000,-0.067116,-0.440412,0.0,0,0,0,7,-1
4095,0.004095000,-0.0671376,-0.432816,0.0,0,0,0,7,-1
4096,0.004096000,-0.0671592,-0.425232,0.0,0,0,0,7,-1
4097,0.004097000,-0.067182,-0.417636,0.0,0,0,0,7,-1
4098,0.004098000,-0.0672036,-0.41004,0.0,0,0,0,7,-1
4099,0.004099000,-0.0672252,-0.402444,0.0,0,0,0,7,-1
4100,0.004100000,-0.0672468,-0.394848,0.0,0,0,0,7,-1
4101,0.004101000,-0.0672684,-0.387252,0.0,0,0,0,7,-1
4102,0.004102000,-0.06729,-0.379668,0.0,0,0,0,7,-1
4103,0.004103000,-0.0673128,-0.372072,0.0,0,0,0,7,-1
4104,0.004104000,-0.0673344,-0.364476,0.0,0,0,0,7,-1
4105,0.004105000,-0.067356,-0.35688,0.0,0,0,0,7,-1
4106,0.004106000,-0.0673776,-0.349284,5.0,1,0,0,7,6
4107,0.004107000,-0.0673992,-0.3417,0.0,0,0,0,7,-1
4108,0.004108000,-0.0674208,-0.334104,0.0,0,0,0,7,-1
4109,0.004109000,-0.0674424,-0.326508,0.0,0,0,0,7,-1
4110,0.004110000,-0.0674652,-0.318912,0.0,0,0,0,7,-1
4111,0.004111000,-0.0674868,-0.311316,0.0,0,0,0,7,-1
4112,0.004112000,-0.0675084,-0.303732,0.0,0,0,0,7,-1
4113,0.004113000,-0.06753,-0.296136,0.0,0,0,0,7,-1
4114,0.004114000,-0.0675516,-0.28854,0.0,0,0,0,7,-1
4115,0.004115000,-0.0675732,-0.280944,0.0,0,0,0,7,-1
4116,0.004116000,-0.0675948,-0.273348,0.0,0,0,0,7,-1
4117,0.004117000,-0.0676176,-0.265764,0.0,0,0,0,7,-1
4118,0.004118000,-0.0676392,-0.258168,0.0,0,0,0,7,-1
4119,0.004119000,-0.0676608,-0.250572,0.0,0,0,0,7,-1
4120,0.004120000,-0.0676824,-0.242976,0.0,0,0,0,7,-1
4121,0.004121000,-0.067704,-0.235392,0.0,0,0,0,7,-1
4122,0.004122000,-0.0677256,-0.227796,0.0,0,0,0,7,-1
4123,0.004123000,-0.0677472,-0.2202,0.0,0,0,0,7,-1
4124,0.004124000,-0.06777,-0.212604,0.0,0,0,0,7,-1
4125,0.004125000,-0.0677916,-0.205008,0.0,0,0,0,7,-1
4126,0.004126000,-0.0678132,-0.197424,0.0,0,0,0,7,-1
4127,0.004127000,-0.0678348,-0.189828,0.0,0,0,0,7,-1
4128,0.004128000,-0.0678564,-0.182232,0.0,0,0,0,7,-1
4129,0.004129000,-0.067878,-0.174636,0.0,0,0,0,7,-1
4130,0.004130000,-0.0678996,-0.167052,0.0,0,0,0,7,-1
4131,0.004131000,-0.0679224,-0.159456,0.0,0,0,0,7,-1
4132,0.004132000,-0.067944,-0.15186,0.0,0,0,0,7,-1
4133,0.004133000,-0.0679656,-0.144264,0.0,0,0,0,7,-1
4134,0.004134000,-0.0679872,-0.136668,0.0,0,0,0,7,-1
4135,0.004135000,-0.0680088,-0.129084,0.0,0,0,0,7,-1
4136,0.004136000,-0.0680304,-0.121488,5.0,1,0,0,7,7
4137,0.004137000,-0.068052,-0.1138944,0.0,0,0,0,7,-1
4138,0.004138000,-0.0680748,-0.1063008,0.0,0,0,0,7,-1
4139,0.004139000,-0.0680964,-0.0987084,0.0,0,0,0,7,-1
4140,0.004140000,-0.068118,-0.0911148,0.0,0,0,0,7,-1
4141,0.004141000,-0.0681396,-0.0835224,0.0,0,0,0,7,-1
4142,0.004142000,-0.0681612,-0.0759288,0.0,0,0,0,7,-1
4143,0.004143000,-0.0681828,-0.0683364,0.0,0,0,0,7,-1
4144,0.004144000,-0.0682044,-0.0607428,0.0,0,0,0,7,-1
4145,0.004145000,-0.0682272,-0.0531504,0.0,0,0,0,7,-1
4146,0.004146000,-0.0682488,-0.0455568,0.0,0,0,0,7,-1
4147,0.004147000,-0.0682704,-0.0379644,0.0,0,0,0,7,-1
4148,0.004148000,-0.068292,-0.0303708,0.0,0,0,0,7,-1
4149,0.004149000,-0.0683136,-0.0227784,0.0,0,0,0,7,-1
4150,0.004150000,-0.0683352,-0.015186,0.0,0,0,0,7,-1
4151,0.004151000,-0.0683568,-0.00759276,0.0,0,0,0,7,-1
4152,0.004152000,-0.0683796,0.0,0.0,0,0,0,7,-1
4153,0.004153000,-0.0684012,0.00759276,0.0,0,0,0,7,-1
4154,0.004154000,-0.0684228,0.015186,0.0,0,0,0,7,-1
4155,0.004155000,-0.0684444,0.0227784,0.0,0,0,0,7,-1
4156,0.004156000,-0.068466,0.0303708,0.0,0,0,0,7,-1
4157,0.004157000,-0.0684876,0.0379632,0.0,0,0,0,7,-1
4158,0.004158000,-0.0685092,0.0455568,0.0,0,0,0,7,-1
4159,0.004159000,-0.068532,0.0531492,0.0,0,0,0,7,-1
4160,0.004160000,-0.0685536,0.0607416,0.0,0,0,0,7,-1
4161,0.004161000,-0.0685752,0.068334,0.0,0,0,0,7,-1
4162,0.004162000,-0.0685968,0.0759276,0.0,0,0,0,7,-1
4163,0.004163000,-0.0686184,0.08352,0.0,0,0,0,7,-1
4164,0.004164000,-0.06864,0.0911124,0.0,0,0,0,7,-1
4165,0.004165000,-0.0686616,0.0987048,0.0,0,0,0,7,-1
4166,0.004166000,-0.0686844,0.1062972,5.0,1,0,0,7,8
4167,0.004167000,-0.068706,0.1138896,0.0,0,0,0,7,-1
4168,0.004168000,-0.0687276,0.121488,0.0,0,0,0,7,-1
4169,0.004169000,-0.0687492,0.129072,0.0,0,0,0,7,-1
4170,0.004170000,-0.0687708,0.136668,0.0,0,0,0,7,-1
4171,0.004171000,-0.0687924,0.144264,0.0,0,0,0,7,-1
4172,0.004172000,-0.068814,0.151848,0.0,0,0,0,7,-1
4173,0.004173000,-0.0688368,0.159444,0.0,0,0,0,7,-1
4174,0.004174000,-0.0688584,0.16704,0.0,0,0,0,7,-1
4175,0.004175000,-0.06888,0.174624,0.0,0,0,0,7,-1
4176,0.004176000,-0.0689016,0.18222,0.0,0,0,0,7,-1
4177,0.004177000,-0.0689232,0.189816,0.0,0,0,0,7,-1
4178,0.004178000,-0.0689448,0.197412,0.0,0,0,0,7,-1
4179,0.004179000,-0.0689664,0.204996,0.0,0,0,0,7,-1
4180,0.004180000,-0.0689892,0.212592,0.0,0,0,0,7,-1
4181,0.004181000,-0.0690108,0.220188,0.0,0,0,0,7,-1
4182,0.004182000,-0.0690324,0.227772,0.0,0,0,0,7,-1
4183,0.004183000,-0.069054,0.235368,0.0,0,0,0,7,-1
4184,0.004184000,-0.0690756,0.242964,0.0,0,0,0,7,-1
4185,0.004185000,-0.0690972,0.250548,0.0,0,0,0,7,-1
4186,0.004186000,-0.0691188,0.258144,0.0,0,0,0,7,-1
4187,0.004187000,-0.0691416,0.26574,0.0,0,0,0,7,-1
4188,0.004188000,-0.0691632,0.273324,0.0,0,0,0,7,-1
4189,0.004189000,-0.0691848,0.28092,0.0,0,0,0,7,-1
4190,0.004190000,-0.0692064,0.288516,0.0,0,0,0,7,-1
4191,0.004191000,-0.069228,0.2961,0.0,0,0,0,7,-1
4192,0.004192000,-0.0692496,0.303696,0.0,0,0,0,7,-1
4193,0.004193000,-0.0692712,0.311292,0.0,0,0,0,7,-1
4194,0.004194000,-0.069294,0.318876,0.0,0,0,0,7,-1
4195,0.004195000,-0.0693156,0.326472,0.0,0,0,0,7,-1
4196,0.004196000,-0.0693372,0.334068,5.0,1,0,0,7,9
4197,0.004197000,-0.0693588,0.341652,0.0,0,0,0,7,-1
4198,0.004198000,-0.0693804,0.349248,0.0,0,0,0,7,-1
4199,0.004199000,-0.069402,0.356844,0.0,0,0,0,7,-1
4200,0.004200000,-0.0694236,0.364428,0.0,0,0,0,7,-1
4201,0.004201000,-0.0694464,0.372024,0.0,0,0,0,7,-1
4202,0.004202000,-0.069468,0.37962,0.0,0,0,0,7,-1
4203,0.004203000,-0.0694896,0.387204,0.0,0,0,0,7,-1
4204,0.004204000,-0.0695112,0.3948,0.0,0,0,0,7,-1
4205,0.004205000,-0.0695328,0.402396,0.0,0,0,0,7,-1
4206,0.004206000,-0.0695544,0.40998,0.0,0,0,0,7,-1
4207,0.004207000,-0.069576,0.417576,0.0,0,0,0,7,-1
4208,0.004208000,-0.0695988,0.425172,0.0,0,0,0,7,-1
4209,0.004209000,-0.0696204,0.432756,0.0,0,0,0,7,-1
4210,0.004210000,-0.069642,0.440352,0.0,0,0,0,7,-1
4211,0.004211000,-0.0696636,0.447948,0.0,0,0,0,7,-1
4212,0.004212000,-0.0696852,0.455532,0.0,0,0,0,7,-1
4213,0.004213000,-0.0697068,0.463128,0.0,0,0,0,7,-1
4214,0.004214000,-0.0697284,0.470712,0.0,0,0,0,7,-1
4215,0.004215000,-0.0697512,0.478308,0.0,0,0,0,7,-1
4216,0.004216000,-0.0697728,0.485904,0.0,0,0,0,7,-1
4217,0.004217000,-0.0697944,0.493488,0.0,0,0,0,7,-1
4218,0.004218000,-0.069816,0.501084,0.0,0,0,0,7,-1
4219,0.004219000,-0.0698376,0.50868,0.0,0,0,0,7,-1
4220,0.004220000,-0.0698592,0.516264,0.0,0,0,0,7,-1
4221,0.004221000,-0.0698808,0.52386,0.0,0,0,0,7,-1
4222,0.004222000,-0.0699024,0.531456,0.0,0,0,0,7,-1
4223,0.004223000,-0.0699252,0.53904,0.0,0,0,0,7,-1
4224,0.004224000,-0.0699468,0.546636,0.0,0,0,0,7,-1
4225,0.004225000,-0.0699684,0.55422,0.0,0,0,0,7,-1
4226,0.004226000,-0.06999,0.561816,5.0,1,0,0,7,10
4227,0.004227000,-0.0700116,0.569412,0.0,0,0,0,7,-1
4228,0.004228000,-0.0700332,0.576996,0.0,0,0,0,7,-1
4229,0.004229000,-0.0700548,0.584592,0.0,0,0,0,7,-1
4230,0.004230000,-0.0700776,0.592176,0.0,0,0,0,7,-1
4231,0.004231000,-0.0700992,0.599772,0.0,0,0,0,7,-1
4232,0.004232000,-0.0701208,0.607368,0.0,0,0,0,7,-1
4233,0.004233000,-0.0701424,0.614952,0.0,0,0,0,7,-1
4234,0.004234000,-0.070164,0.622548,0.0,0,0,0,7,-1
4235,0.004235000,-0.0701856,0.630132,0.0,0,0,0,7,-1
4236,0.004236000,-0.0702072,0.637728,0.0,0,0,0,7,-1
4237,0.004237000,-0.07023,0.645324,0.0,0,0,0,7,-1
4238,0.004238000,-0.0702516,0.652908,0.0,0,0,0,7,-1
4239,0.004239000,-0.0702732,0.660504,0.0,0,0,0,7,-1
4240,0.004240000,-0.0702948,0.668088,0.0,0,0,0,7,-1
4241,0.004241000,-0.0703164,0.675684,0.0,0,0,0,7,-1
4242,0.004242000,-0.070338,0.68328,0.0,0,0,0,7,-1
4243,0.004243000,-0.0703596,0.690864,0.0,0,0,0,7,-1
4244,0.004244000,-0.0703824,0.69846,0.0,0,0,0,7,-1
4245,0.004245000,-0.070404,0.706044,0.0,0,0,0,7,-1
4246,0.004246000,-0.0704256,0.71364,0.0,0,0,0,7,-1
4247,0.004247000,-0.0704472,0.721236,0.0,0,0,0,7,-1
4248,0.004248000,-0.0704688,0.72882,0.0,0,0,0,7,-1
4249,0.004249000,-0.0704904,0.736416,0.0,0,0,0,7,-1
4250,0.004250000,-0.070512,0.744,0.0,0,0,0,7,-1
4251,0.004251000,-0.0705348,0.751596,0.0,0,0,0,7,-1
4252,0.004252000,-0.0705564,0.759192,0.0,0,0,0,7,-1
4253,0.004253000,-0.070578,0.766776,0.0,0,0,0,7,-1
4254,0.004254000,-0.0705996,0.774372,0.0,0,0,0,7,-1
4255,0.004255000,-0.0706212,0.781956,0.0,0,0,0,7,-1
4256,0.004256000,-0.0706428,0.789552,5.0,1,0,0,7,11
4257,0.004257000,-0.0706644,0.797136,0.0,0,0,0,7,-1
4258,0.004258000,-0.070686,0.804732,0.0,0,0,0,7,-1
4259,0.004259000,-0.0707088,0.812328,0.0,0,0,0,7,-1
4260,0.004260000,-0.0707304,0.819912,0.0,0,0,0,7,-1
4261,0.004261000,-0.070752,0.827508,0.0,0,0,0,7,-1
4262,0.004262000,-0.0707736,0.835092,0.0,0,0,0,7,-1
4263,0.004263000,-0.0707952,0.842688,0.0,0,0,0,7,-1
4264,0.004264000,-0.0708168,0.850272,0.0,0,0,0,7,-1
4265,0.004265000,-0.0708384,0.857868,0.0,0,0,0,7,-1
4266,0.004266000,-0.0708612,0.865452,0.0,0,0,0,7,-1
4267,0.004267000,-0.0708828,0.873048,0.0,0,0,0,7,-1
4268,0.004268000,-0.0709044,0.880644,0.0,0,0,0,7,-1
4269,0.004269000,-0.070926,0.888228,0.0,0,0,0,7,-1
4270,0.004270000,-0.0709476,0.895824,0.0,0,0,0,7,-1
4271,0.004271000,-0.0709692,0.903408,0.0,0,0,0,7,-1
4272,0.004272000,-0.0709908,0.911004,0.0,0,0,0,7,-1
4273,0.004273000,-0.0710136,0.918588,0.0,0,0,0,7,-1
4274,0.004274000,-0.0710352,0.926184,0.0,0,0,0,7,-1
4275,0.004275000,-0.0710568,0.933768,0.0,0,0,0,7,-1
4276,0.004276000,-0.0710784,0.941364,0.0,0,0,0,7,-1
4277,0.004277000,-0.0711,0.948948,0.0,0,0,0,7,-1
4278,0.004278000,-0.0711216,0.956544,0.0,0,0,0,7,-1
4279,0.004279000,-0.0711432,0.96414,0.0,0,0,0,7,-1
4280,0.004280000,-0.071166,0.971724,0.0,0,0,0,7,-1
4281,0.004281000,-0.0711876,0.97932,0.0,0,0,0,7,-1
4282,0.004282000,-0.0712092,0.986904,0.0,0,0,0,7,-1
4283,0.004283000,-0.0712308,0.9945,0.0,0,0,0,7,-1
4284,0.004284000,-0.0712524,1.002084,0.0,0,0,0,7,-1
4285,0.004285000,-0.071274,1.00968,0.0,0,0,0,7,-1
4286,0.004286000,-0.0712956,1.017264,5.0,1,0,0,7,12
4287,0.004287000,-0.0713172,1.02486,0.0,0,0,0,7,-1
4288,0.004288000,-0.07134,1.032444,0.0,0,0,0,7,-1
4289,0.004289000,-0.0713616,1.04004,0.0,0,0,0,7,-1
4290,0.004290000,-0.0713832,1.047624,0.0,0,0,0,7,-1
4291,0.004291000,-0.0714048,1.05522,0.0,0,0,0,7,-1
4292,0.004292000,-0.0714264,1.062804,0.0,0,0,0,7,-1
4293,0.004293000,-0.071448,1.0704,0.0,0,0,0,7,-1
4294,0.004294000,-0.0714696,1.077984,0.0,0,0,0,7,-1
4295,0.004295000,-0.0714924,1.08558,0.0,0,0,0,7,-1
4296,0.004296000,-0.071514,1.093164,0.0,0,0,0,7,-1
4297,0.004297000,-0.0715356,1.10076,0.0,0,0,0,7,-1
4298,0.004298000,-0.0715572,1.108344,0.0,0,0,0,7,-1
4299,0.004299000,-0.0715788,1.11594,0.0,0,0,0,7,-1
4300,0.004300000,-0.0716004,1.123524,0.0,0,0,0,7,-1
4301,0.004301000,-0.071622,1.13112,0.0,0,0,0,7,-1
4302,0.004302000,-0.0716448,1.138704,0.0,0,0,0,7,-1
4303,0.004303000,-0.0716664,1.1463,0.0,0,0,0,7,-1
4304,0.004304000,-0.071688,1.153884,0.0,0,0,0,7,-1
4305,0.004305000,-0.0717096,1.16148,0.0,0,0,0,7,-1
4306,0.004306000,-0.0717312,1.169064,0.0,0,0,0,7,-1
4307,0.004307000,-0.0717528,1.17666,0.0,0,0,0,7,-1
4308,0.004308000,-0.0717744,1.184244,0.0,0,0,0,7,-1
4309,0.004309000,-0.071796,1.19184,0.0,0,0,0,7,-1
4310,0.004310000,-0.0718188,1.199424,0.0,0,0,0,7,-1
4311,0.004311000,-0.0718404,1.20696,0.0,0,0,0,7,-1
4312,0.004312000,-0.071862,1.21464,0.0,0,0,0,7,-1
4313,0.004313000,-0.0718836,1.2222,0.0,0,0,0,7,-1
4314,0.004314000,-0.0719052,1.22976,0.0,0,0,0,7,-1
4315,0.004315000,-0.0719268,1.23732,0.0,0,0,0,7,-1
4316,0.004316000,-0.0719484,1.245,5.0,1,0,0,7,13
4317,0.004317000,-0.0719712,1.25256,0.0,0,0,0,7,-1
4318,0.004318000,-0.0719928,1.26012,0.0,0,0,0,7,-1
4319,0.004319000,-0.0720144,1.26768,0.0,0,0,0,7,-1
4320,0.004320000,-0.072036,1.27536,0.0,0,0,0,7,-1
4321,0.004321000,-0.0720576,1.28292,0.0,0,0,0,7,-1
4322,0.004322000,-0.0720792,1.29048,0.0,0,0,0,7,-1
4323,0.004323000,-0.0721008,1.29804,0.0,0,0,0,7,-1
4324,0.004324000,-0.0721236,1.30572,0.0,0,0,0,7,-1
4325,0.004325000,-0.0721452,1.31328,0.0,0,0,0,7,-1
4326,0.004326000,-0.0721668,1.32084,0.0,0,0,0,7,-1
4327,0.004327000,-0.0721884,1.3284,0.0,0,0,0,7,-1
4328,0.004328000,-0.07221,1.33608,0.0,0,0,0,7,-1
4329,0.004329000,-0.0722316,1.34364,0.0,0,0,0,7,-1
4330,0.004330000,-0.0722532,1.3512,0.0,0,0,0,7,-1
4331,0.004331000,-0.0722748,1.35876,0.0,0,0,0,7,-1
4332,0.004332000,-0.0722976,1.36644,0.0,0,0,0,7,-1
4333,0.004333000,-0.0723192,1.374,0.0,0,0,0,7,-1
4334,0.004334000,-0.0723408,1.38156,0.0,0,0,0,7,-1
4335,0.004335000,-0.0723624,1.38912,0.0,0,0,0,7,-1
4336,0.004336000,-0.072384,1.3968,0.0,0,0,0,7,-1
4337,0.004337000,-0.0724056,1.40436,0.0,0,0,0,7,-1
4338,0.004338000,-0.0724272,1.41192,0.0,0,0,0,7,-1
4339,0.004339000,-0.07245,1.41948,0.0,0,0,0,7,-1
4340,0.004340000,-0.0724716,1.42716,0.0,0,0,0,7,-1
4341,0.004341000,-0.0724932,1.43472,0.0,0,0,0,7,-1
4342,0.004342000,-0.0725148,1.44228,0.0,0,0,0,7,-1
4343,0.004343000,-0.0725364,1.44984,0.0,0,0,0,7,-1
4344,0.004344000,-0.072558,1.45752,0.0,0,0,0,7,-1
4345,0.004345000,-0.0725796,1.46508,0.0,0,0,0,7,-1
4346,0.004346000,-0.0726012,1.47264,5.0,1,0,0,7,14
4347,0.004347000,-0.072624,1.4802,0.0,0,0,0,7,-1
4348,0.004348000,-0.0726456,1.48788,0.0,0,0,0,7,-1
4349,0.004349000,-0.0726672,1.49544,0.0,0,0,0,7,-1
4350,0.004350000,-0.0726888,1.503,0.0,0,0,0,7,-1
4351,0.004351000,-0.0727104,1.51056,0.0,0,0,0,7,-1
4352,0.004352000,-0.072732,1.51824,0.0,0,0,0,7,-1
4353,0.004353000,-0.0727536,1.5258,0.0,0,0,0,7,-1
4354,0.004354000,-0.0727764,1.53336,0.0,0,0,0,7,-1
4355,0.004355000,-0.072798,1.54092,0.0,0,0,0,7,-1
4356,0.004356000,-0.0728196,1.5486,0.0,0,0,0,7,-1
4357,0.004357000,-0.0728412,1.55616,0.0,0,0,0,7,-1
4358,0.004358000,-0.0728628,1.56372,0.0,0,0,0,7,-1
4359,0.004359000,-0.0728844,1.57128,0.0,0,0,0,7,-1
4360,0.004360000,-0.072906,1.57884,0.0,0,0,0,7,-1
4361,0.004361000,-0.0729288,1.58652,0.0,0,0,0,7,-1
4362,0.004362000,-0.0729504,1.59408,0.0,0,0,0,7,-1
4363,0.004363000,-0.072972,1.60164,0.0,0,0,0,7,-1
4364,0.004364000,-0.0729936,1.6092,0.0,0,0,0,7,-1
4365,0.004365000,-0.0730152,1.61688,0.0,0,0,0,7,-1
4366,0.004366000,-0.0730368,1.62444,0.0,0,0,0,7,-1
4367,0.004367000,-0.0730584,1.632,0.0,0,0,0,7,-1
4368,0.004368000,-0.07308,1.63956,0.0,0,0,0,7,-1
4369,0.004369000,-0.0731028,1.64724,0.0,0,0,0,7,-1
4370,0.004370000,-0.0731244,1.6548,0.0,0,0,0,7,-1
4371,0.004371000,-0.073146,1.66236,0.0,0,0,0,7,-1
4372,0.004372000,-0.0731676,1.66992,0.0,0,0,0,7,-1
4373,0.004373000,-0.0731892,1.6776,0.0,0,0,0,7,-1
4374,0.004374000,-0.0732108,1.68516,0.0,0,0,0,7,-1
4375,0.004375000,-0.0732324,1.69272,0.0,0,0,0,7,-1
4376,0.004376000,-0.0732552,1.70028,5.0,1,1,0,7,15
4377,0.004377000,-0.0732768,1.70796,0.0,0,0,0,-1,-1
4378,0.004378000,-0.0732984,1.71552,0.0,0,0,0,-1,-1
4379,0.004379000,-0.07332,1.72308,0.0,0,0,0,-1,-1
4380,0.004380000,-0.0733416,1.73064,0.0,0,0,0,-1,-1
4381,0.004381000,-0.0690552,1.73736,0.0,0,0,0,-1,-1
4382,0.004382000,-0.0690768,1.74492,0.0,0,0,0,-1,-1
4383,0.004383000,-0.0690984,1.75248,0.0,0,0,0,-1,-1
4384,0.004384000,-0.0648156,1.7592,0.0,0,0,0,-1,-1
4385,0.004385000,-0.0648372,1.76676,0.0,0,0,0,-1,-1
4386,0.004386000,-0.0605604,1.77336,0.0,0,0,0,-1,-1
4387,0.004387000,-0.056286,1.78008,0.0,0,0,0,-1,-1
4388,0.004388000,-0.0520176,1.78668,0.0,0,0,0,-1,-1
4389,0.004389000,-0.0477528,1.7934,0.0,0,0,0,-1,-1
4390,0.004390000,-0.0434928,1.8,0.0,0,0,0,-1,-1
4391,0.004391000,-0.039216,1.79904,0.0,0,0,0,-1,-1
4392,0.004392000,-0.0349644,1.80564,0.0,0,0,0,-1,-1
4393,0.004393000,-0.030696,1.80468,0.0,0,0,0,-1,-1
4394,0.004394000,-0.0264324,1.80372,0.0,0,0,0,-1,-1
4395,0.004395000,-0.022194,1.81032,0.0,0,0,0,-1,-1
4396,0.004396000,-0.0179388,1.80948,0.0,0,0,0,-1,-1
4397,0.004397000,-0.0136884,1.80852,0.0,0,0,0,-1,-1
4398,0.004398000,-0.00944232,1.80756,0.0,0,0,0,-1,-1
4399,0.004399000,-0.00520044,1.8066,0.0,0,0,0,-1,-1
4400,0.004400000,-0.000963024,1.80564,0.0,0,0,0,-1,-1
4401,0.004401000,0.00327012,1.8048,0.0,0,0,0,-1,-1
4402,0.004402000,0.0075204,1.79628,0.0,0,0,0,-1,-1
4403,0.004403000,0.01174476,1.79532,0.0,0,0,0,-1,-1
4404,0.004404000,0.0159648,1.79448,0.0,0,0,0,-1,-1
4405,0.004405000,0.020202,1.78596,0.0,0,0,0,-1,-1
4406,0.004406000,0.0244128,1.78512,0.0,0,0,0,-1,-1
4407,0.004407000,0.0286416,1.77672,0.0,0,0,0,-1,-1
4408,0.004408000,0.0328656,1.76832,0.0,0,0,0,-1,-1
4409,0.004409000,0.037086,1.75992,0.0,0,0,0,-1,-1
4410,0.004410000,0.0413016,1.75152,0.0,0,0,0,-1,-1
4411,0.004411000,0.0455124,1.74312,0.0,0,0,0,-1,-1
4412,0.004412000,0.045534,1.73556,0.0,0,0,0,-1,-1
4413,0.004413000,0.04974,1.72728,0.0,0,0,0,-1,-1
4414,0.004414000,0.0497616,1.71972,0.0,0,0,0,-1,-1
4415,0.004415000,0.0497832,1.71228,0.0,0,0,0,-1,-1
4416,0.004416000,0.0539856,1.704,0.0,0,0,0,-1,-1
4417,0.004417000,0.0540072,1.69644,0.0,0,0,0,-1,-1
4418,0.004418000,0.0540288,1.689,0.0,0,0,0,-1,-1
4419,0.004419000,0.0540504,1.68156,0.0,0,0,0,-1,-1
4420,0.004420000,0.054072,1.674,5.0,1,0,0,8,0
4421,0.004421000,0.0540936,1.66656,0.0,0,0,0,8,-1
4422,0.004422000,0.0541152,1.65912,0.0,0,0,0,8,-1
4423,0.004423000,0.0541368,1.65168,0.0,0,0,0,8,-1
4424,0.004424000,0.0541584,1.64412,0.0,0,0,0,8,-1
4425,0.004425000,0.05418,1.63668,0.0,0,0,0,8,-1
4426,0.004426000,0.0542016,1.62924,0.0,0,0,0,8,-1
4427,0.004427000,0.0542232,1.6218,0.0,0,0,0,8,-1
4428,0.004428000,0.0542448,1.61424,0.0,0,0,0,8,-1
4429,0.004429000,0.0542664,1.6068,0.0,0,0,0,8,-1
4430,0.004430000,0.054288,1.59936,0.0,0,0,0,8,-1
4431,0.004431000,0.0543096,1.59192,0.0,0,0,0,8,-1
4432,0.004432000,0.0543312,1.58436,0.0,0,0,0,8,-1
4433,0.004433000,0.0543528,1.57692,0.0,0,0,0,8,-1
4434,0.004434000,0.0543744,1.56948,0.0,0,0,0,8,-1
4435,0.004435000,0.054396,1.56204,0.0,0,0,0,8,-1
4436,0.004436000,0.0544176,1.55448,0.0,0,0,0,8,-1
4437,0.004437000,0.0544392,1.54704,0.0,0,0,0,8,-1
4438,0.004438000,0.0544608,1.5396,0.0,0,0,0,8,-1
4439,0.004439000,0.0544824,1.53204,0.0,0,0,0,8,-1
4440,0.004440000,0.054504,1.5246,0.0,0,0,0,8,-1
4441,0.004441000,0.0545256,1.51716,0.0,0,0,0,8,-1
4442,0.004442000,0.0545472,1.50972,0.0,0,0,0,8,-1
4443,0.004443000,0.0545688,1.50216,0.0,0,0,0,8,-1
4444,0.004444000,0.0545904,1.49472,0.0,0,0,0,8,-1
4445,0.004445000,0.054612,1.48728,0.0,0,0,0,8,-1
4446,0.004446000,0.0546336,1.47984,0.0,0,0,0,8,-1
4447,0.004447000,0.0546552,1.47228,0.0,0,0,0,8,-1
4448,0.004448000,0.0546768,1.46484,0.0,0,0,0,8,-1
4449,0.004449000,0.0546984,1.4574,0.0,0,0,0,8,-1
4450,0.004450000,0.05472,1.44996,5.0,1,0,0,8,1
4451,0.004451000,0.0547416,1.4424,0.0,0,0,0,8,-1
4452,0.004452000,0.0547632,1.43496,0.0,0,0,0,8,-1
4453,0.004453000,0.0547848,1.42752,0.0,0,0,0,8,-1
4454,0.004454000,0.0548064,1.41996,0.0,0,0,0,8,-1
4455,0.004455000,0.054828,1.41252,0.0,0,0,0,8,-1
4456,0.004456000,0.0548496,1.40508,0.0,0,0,0,8,-1
4457,0.004457000,0.0548712,1.39764,0.0,0,0,0,8,-1
4458,0.004458000,0.0548928,1.39008,0.0,0,0,0,8,-1
4459,0.004459000,0.0549144,1.38264,0.0,0,0,0,8,-1
4460,0.004460000,0.054936,1.3752,0.0,0,0,0,8,-1
4461,0.004461000,0.0549576,1.36776,0.0,0,0,0,8,-1
4462,0.004462000,0.0549792,1.3602,0.0,0,0,0,8,-1
4463,0.004463000,0.0550008,1.35276,0.0,0,0,0,8,-1
4464,0.004464000,0.0550224,1.34532,0.0,0,0,0,8,-1
4465,0.004465000,0.055044,1.33788,0.0,0,0,0,8,-1
4466,0.004466000,0.0550656,1.33032,0.0,0,0,0,8,-1
4467,0.004467000,0.0550872,1.32288,0.0,0,0,0,8,-1
4468,0.004468000,0.0551088,1.31544,0.0,0,0,0,8,-1
4469,0.004469000,0.0551304,1.30788,0.0,0,0,0,8,-1
4470,0.004470000,0.055152,1.30044,0.0,0,0,0,8,-1
4471,0.004471000,0.0551736,1.293,0.0,0,0,0,8,-1
4472,0.004472000,0.0551952,1.28556,0.0,0,0,0,8,-1
4473,0.004473000,0.0552168,1.278,0.0,0,0,0,8,-1
4474,0.004474000,0.0552372,1.27056,0.0,0,0,0,8,-1
4475,0.004475000,0.0552588,1.26312,0.0,0,0,0,8,-1
4476,0.004476000,0.0552804,1.25568,0.0,0,0,0,8,-1
4477,0.004477000,0.055302,1.24812,0.0,0,0,0,8,-1
4478,0.004478000,0.0553236,1.24068,0.0,0,0,0,8,-1
4479,0.004479000,0.0553452,1.23324,0.0,0,0,0,8,-1
4480,0.004480000,0.0553668,1.22568,5.0,1,0,0,8,2
4481,0.004481000,0.0553884,1.21824,0.0,0,0,0,8,-1
4482,0.004482000,0.05541,1.2108,0.0,0,0,0,8,-1
4483,0.004483000,0.0554316,1.20336,0.0,0,0,0,8,-1
4484,0.004484000,0.0554532,1.195848,0.0,0,0,0,8,-1
4485,0.004485000,0.0554748,1.188372,0.0,0,0,0,8,-1
4486,0.004486000,0.0554964,1.180908,0.0,0,0,0,8,-1
4487,0.004487000,0.055518,1.173432,0.0,0,0,0,8,-1
4488,0.004488000,0.0555396,1.165956,0.0,0,0,0,8,-1
4489,0.004489000,0.0555612,1.15848,0.0,0,0,0,8,-1
4490,0.004490000,0.0555828,1.151016,0.0,0,0,0,8,-1
4491,0.004491000,0.0556044,1.14354,0.0,0,0,0,8,-1
4492,0.004492000,0.055626,1.136064,0.0,0,0,0,8,-1
4493,0.004493000,0.0556476,1.1286,0.0,0,0,0,8,-1
4494,0.004494000,0.0556692,1.121124,0.0,0,0,0,8,-1
4495,0.004495000,0.0556908,1.113648,0.0,0,0,0,8,-1
4496,0.004496000,0.0557124,1.106172,0.0,0,0,0,8,-1
4497,0.004497000,0.055734,1.098708,0.0,0,0,0,8,-1
4498,0.004498000,0.0557556,1.091232,0.0,0,0,0,8,-1
4499,0.004499000,0.0557772,1.083756,0.0,0,0,0,8,-1
4500,0.004500000,0.0557988,1.07628,0.0,0,0,0,8,-1
4501,0.004501000,0.0558204,1.068816,0.0,0,0,0,8,-1
4502,0.004502000,0.055842,1.06134,0.0,0,0,0,8,-1
4503,0.004503000,0.0558636,1.053864,0.0,0,0,0,8,-1
4504,0.004504000,0.0558852,1.046388,0.0,0,0,0,8,-1
4505,0.004505000,0.0559068,1.038924,0.0,0,0,0,8,-1
4506,0.004506000,0.0559284,1.031448,0.0,0,0,0,8,-1
4507,0.004507000,0.05595,1.023972,0.0,0,0,0,8,-1
4508,0.004508000,0.0559716,1.016496,0.0,0,0,0,8,-1
4509,0.004509000,0.0559932,1.009032,0.0,0,0,0,8,-1
4510,0.004510000,0.0560148,1.001556,5.0,1,0,0,8,3
4511,0.004511000,0.0560364,0.99408,0.0,0,0,0,8,-1
4512,0.004512000,0.056058,0.986604,0.0,0,0,0,8,-1
4513,0.004513000,0.0560796,0.97914,0.0,0,0,0,8,-1
4514,0.004514000,0.0561012,0.971664,0.0,0,0,0,8,-1
4515,0.004515000,0.0561228,0.964188,0.0,0,0,0,8,-1
4516,0.004516000,0.0561444,0.956712,0.0,0,0,0,8,-1
4517,0.004517000,0.056166,0.949248,0.0,0,0,0,8,-1
4518,0.004518000,0.0561876,0.941772,0.0,0,0,0,8,-1
4519,0.004519000,0.0562092,0.934296,0.0,0,0,0,8,-1
4520,0.004520000,0.0562308,0.92682,0.0,0,0,0,8,-1
4521,0.004521000,0.0562524,0.919356,0.0,0,0,0,8,-1
4522,0.004522000,0.056274,0.91188,0.0,0,0,0,8,-1
4523,0.004523000,0.0562956,0.904404,0.0,0,0,0,8,-1
4524,0.004524000,0.0563172,0.896928,0.0,0,0,0,8,-1
4525,0.004525000,0.0563388,0.889452,0.0,0,0,0,8,-1
4526,0.004526000,0.0563604,0.881988,0.0,0,0,0,8,-1
4527,0.004527000,0.056382,0.874512,0.0,0,0,0,8,-1
4528,0.004528000,0.0564036,0.867036,0.0,0,0,0,8,-1
4529,0.004529000,0.0564252,0.85956,0.0,0,0,0,8,-1
4530,0.004530000,0.0564468,0.852096,0.0,0,0,0,8,-1
4531,0.004531000,0.0564684,0.84462,0.0,0,0,0,8,-1
4532,0.004532000,0.05649,0.837144,0.0,0,0,0,8,-1
4533,0.004533000,0.0565116,0.829668,0.0,0,0,0,8,-1
4534,0.004534000,0.0565332,0.822192,0.0,0,0,0,8,-1
4535,0.004535000,0.0565548,0.814728,0.0,0,0,0,8,-1
4536,0.004536000,0.0565764,0.807252,0.0,0,0,0,8,-1
4537,0.004537000,0.056598,0.799776,0.0,0,0,0,8,-1
4538,0.004538000,0.0566196,0.7923,0.0,0,0,0,8,-1
4539,0.004539000,0.0566412,0.784824,0.0,0,0,0,8,-1
4540,0.004540000,0.0566628,0.77736,5.0,1,0,0,8,4
4541,0.004541000,0.0566844,0.769884,0.0,0,0,0,8,-1
4542,0.004542000,0.056706,0.762408,0.0,0,0,0,8,-1
4543,0.004543000,0.0567276,0.754932,0.0,0,0,0,8,-1
4544,0.004544000,0.0567492,0.747456,0.0,0,0,0,8,-1
4545,0.004545000,0.0567708,0.739992,0.0,0,0,0,8,-1
4546,0.004546000,0.0567924,0.732516,0.0,0,0,0,8,-1
4547,0.004547000,0.056814,0.72504,0.0,0,0,0,8,-1
4548,0.004548000,0.0568344,0.717564,0.0,0,0,0,8,-1
4549,0.004549000,0.056856,0.710088,0.0,0,0,0,8,-1
4550,0.004550000,0.0568776,0.702612,0.0,0,0,0,8,-1
4551,0.004551000,0.0568992,0.695148,0.0,0,0,0,8,-1
4552,0.004552000,0.0569208,0.687672,0.0,0,0,0,8,-1
4553,0.004553000,0.0569424,0.680196,0.0,0,0,0,8,-1
4554,0.004554000,0.056964,0.67272,0.0,0,0,0,8,-1
4555,0.004555000,0.0569856,0.665244,0.0,0,0,0,8,-1
4556,0.004556000,0.0570072,0.65778,0.0,0,0,0,8,-1
4557,0.004557000,0.0570288,0.650304,0.0,0,0,0,8,-1
4558,0.004558000,0.0570504,0.642828,0.0,0,0,0,8,-1
4559,0.004559000,0.057072,0.635352,0.0,0,0,0,8,-1
4560,0.004560000,0.0570936,0.627876,0.0,0,0,0,8,-1
4561,0.004561000,0.0571152,0.6204,0.0,0,0,0,8,-1
4562,0.004562000,0.0571368,0.612936,0.0,0,0,0,8,-1
4563,0.004563000,0.0571584,0.60546,0.0,0,0,0,8,-1
4564,0.004564000,0.05718,0.597984,0.0,0,0,0,8,-1
4565,0.004565000,0.0572016,0.590508,0.0,0,0,0,8,-1
4566,0.004566000,0.0572232,0.583032,0.0,0,0,0,8,-1
4567,0.004567000,0.0572448,0.575556,0.0,0,0,0,8,-1
4568,0.004568000,0.0572664,0.568092,0.0,0,0,0,8,-1
4569,0.004569000,0.057288,0.560616,0.0,0,0,0,8,-1
4570,0.004570000,0.0573096,0.55314,5.0,1,0,0,8,5
4571,0.004571000,0.0573312,0.545664,0.0,0,0,0,8,-1
4572,0.004572000,0.0573528,0.538188,0.0,0,0,0,8,-1
4573,0.004573000,0.0573744,0.530712,0.0,0,0,0,8,-1
4574,0.004574000,0.057396,0.523236,0.0,0,0,0,8,-1
4575,0.004575000,0.0574176,0.515772,0.0,0,0,0,8,-1
4576,0.004576000,0.0574392,0.508296,0.0,0,0,0,8,-1
4577,0.004577000,0.0574608,0.50082,0.0,0,0,0,8,-1
4578,0.004578000,0.0574824,0.493344,0.0,0,0,0,8,-1
4579,0.004579000,0.057504,0.485868,0.0,0,0,0,8,-1
4580,0.004580000,0.0575256,0.478392,0.0,0,0,0,8,-1
4581,0.004581000,0.0575472,0.470916,0.0,0,0,0,8,-1
4582,0.004582000,0.0575688,0.463452,0.0,0,0,0,8,-1
4583,0.004583000,0.0575904,0.455976,0.0,0,0,0,8,-1
4584,0.004584000,0.057612,0.4485,0.0,0,0,0,8,-1
4585,0.004585000,0.0576336,0.441024,0.0,0,0,0,8,-1
4586,0.004586000,0.0576552,0.433548,0.0,0,0,0,8,-1
4587,0.004587000,0.0576768,0.426072,0.0,0,0,0,8,-1
4588,0.004588000,0.0576984,0.418596,0.0,0,0,0,8,-1
4589,0.004589000,0.05772,0.41112,0.0,0,0,0,8,-1
4590,0.004590000,0.0577416,0.403656,0.0,0,0,0,8,-1
4591,0.004591000,0.0577632,0.39618,0.0,0,0,0,8,-1
4592,0.004592000,0.0577848,0.388704,0.0,0,0,0,8,-1
4593,0.004593000,0.0578064,0.381228,0.0,0,0,0,8,-1
4594,0.004594000,0.057828,0.373752,0.0,0,0,0,8,-1
4595,0.004595000,0.0578496,0.366276,0.0,0,0,0,8,-1
4596,0.004596000,0.0578712,0.3588,0.0,0,0,0,8,-1
4597,0.004597000,0.0578928,0.351324,0.0,0,0,0,8,-1
4598,0.004598000,0.0579144,0.34386,0.0,0,0,0,8,-1
4599,0.004599000,0.057936,0.336384,0.0,0,0,0,8,-1
4600,0.004600000,0.0579576,0.328908,5.0,1,0,0,8,6
4601,0.004601000,0.0579792,0.321432,0.0,0,0,0,8,-1
4602,0.004602000,0.0580008,0.313956,0.0,0,0,0,8,-1
4603,0.004603000,0.0580224,0.30648,0.0,0,0,0,8,-1
4604,0.004604000,0.058044,0.299004,0.0,0,0,0,8,-1
4605,0.004605000,0.0580656,0.291528,0.0,0,0,0,8,-1
4606,0.004606000,0.0580872,0.284052,0.0,0,0,0,8,-1
4607,0.004607000,0.0581088,0.276576,0.0,0,0,0,8,-1
4608,0.004608000,0.0581304,0.269112,0.0,0,0,0,8,-1
4609,0.004609000,0.058152,0.261636,0.0,0,0,0,8,-1
4610,0.004610000,0.0581736,0.25416,0.0,0,0,0,8,-1
4611,0.004611000,0.0581952,0.246684,0.0,0,0,0,8,-1
4612,0.004612000,0.0582168,0.239208,0.0,0,0,0,8,-1
4613,0.004613000,0.0582384,0.231732,0.0,0,0,0,8,-1
4614,0.004614000,0.05826,0.224256,0.0,0,0,0,8,-1
4615,0.004615000,0.0582816,0.21678,0.0,0,0,0,8,-1
4616,0.004616000,0.0583032,0.209304,0.0,0,0,0,8,-1
4617,0.004617000,0.0583248,0.201828,0.0,0,0,0,8,-1
4618,0.004618000,0.0583464,0.194352,0.0,0,0,0,8,-1
4619,0.004619000,0.058368,0.186888,0.0,0,0,0,8,-1
4620,0.004620000,0.0583896,0.179412,0.0,0,0,0,8,-1
4621,0.004621000,0.0584112,0.171936,0.0,0,0,0,8,-1
4622,0.004622000,0.0584328,0.16446,0.0,0,0,0,8,-1
4623,0.004623000,0.0584544,0.156984,0.0,0,0,0,8,-1
4624,0.004624000,0.058476,0.149508,0.0,0,0,0,8,-1
4625,0.004625000,0.0584976,0.142032,0.0,0,0,0,8,-1
4626,0.004626000,0.0585192,0.134556,0.0,0,0,0,8,-1
4627,0.004627000,0.0585408,0.12708,0.0,0,0,0,8,-1
4628,0.004628000,0.0585624,0.1196064,0.0,0,0,0,8,-1
4629,0.004629000,0.058584,0.1121304,0.0,0,0,0,8,-1
4630,0.004630000,0.0586056,0.1046556,5.0,1,0,0,8,7
4631,0.004631000,0.0586272,0.0971796,0.0,0,0,0,8,-1
4632,0.004632000,0.0586488,0.0897048,0.0,0,0,0,8,-1
4633,0.004633000,0.0586704,0.08223,0.0,0,0,0,8,-1
4634,0.004634000,0.058692,0.074754,0.0,0,0,0,8,-1
4635,0.004635000,0.0587136,0.0672792,0.0,0,0,0,8,-1
4636,0.004636000,0.0587352,0.0598032,0.0,0,0,0,8,-1
4637,0.004637000,0.0587568,0.0523284,0.0,0,0,0,8,-1
4638,0.004638000,0.0587784,0.0448524,0.0,0,0,0,8,-1
4639,0.004639000,0.0588,0.0373776,0.0,0,0,0,8,-1
4640,0.004640000,0.0588216,0.0299016,0.0,0,0,0,8,-1
4641,0.004641000,0.0588432,0.0224268,0.0,0,0,0,8,-1
4642,0.004642000,0.0588648,0.0149508,0.0,0,0,0,8,-1
4643,0.004643000,0.0588864,0.00747552,0.0,0,0,0,8,-1
4644,0.004644000,0.058908,0.0,0.0,0,0,0,8,-1
4645,0.004645000,0.0589296,-0.00747552,0.0,0,0,0,8,-1
4646,0.004646000,0.0589512,-0.0149508,0.0,0,0,0,8,-1
4647,0.004647000,0.0589728,-0.0224268,0.0,0,0,0,8,-1
4648,0.004648000,0.0589944,-0.0299028,0.0,0,0,0,8,-1
4649,0.004649000,0.059016,-0.0373776,0.0,0,0,0,8,-1
4650,0.004650000,0.0590376,-0.0448536,0.0,0,0,0,8,-1
4651,0.004651000,0.0590592,-0.0523296,0.0,0,0,0,8,-1
4652,0.004652000,0.0590796,-0.0598044,0.0,0,0,0,8,-1
4653,0.004653000,0.0591012,-0.0672804,0.0,0,0,0,8,-1
4654,0.004654000,0.0591228,-0.0747564,0.0,0,0,0,8,-1
4655,0.004655000,0.0591444,-0.0822312,0.0,0,0,0,8,-1
4656,0.004656000,0.059166,-0.0897072,0.0,0,0,0,8,-1
4657,0.004657000,0.0591876,-0.0971832,0.0,0,0,0,8,-1
4658,0.004658000,0.0592092,-0.1046592,0.0,0,0,0,8,-1
4659,0.004659000,0.0592308,-0.1121352,0.0,0,0,0,8,-1
4660,0.004660000,0.0592524,-0.11961,5.0,1,0,0,8,8
4661,0.004661000,0.059274,-0.127092,0.0,0,0,0,8,-1
4662,0.004662000,0.0592956,-0.134568,0.0,0,0,0,8,-1
4663,0.004663000,0.0593172,-0.142044,0.0,0,0,0,8,-1
4664,0.004664000,0.0593388,-0.149508,0.0,0,0,0,8,-1
4665,0.004665000,0.0593604,-0.156984,0.0,0,0,0,8,-1
4666,0.004666000,0.059382,-0.16446,0.0,0,0,0,8,-1
4667,0.004667000,0.0594036,-0.171936,0.0,0,0,0,8,-1
4668,0.004668000,0.0594252,-0.179412,0.0,0,0,0,8,-1
4669,0.004669000,0.0594468,-0.186888,0.0,0,0,0,8,-1
4670,0.004670000,0.0594684,-0.194364,0.0,0,0,0,8,-1
4671,0.004671000,0.05949,-0.20184,0.0,0,0,0,8,-1
4672,0.004672000,0.0595116,-0.209316,0.0,0,0,0,8,-1
4673,0.004673000,0.0595332,-0.216792,0.0,0,0,0,8,-1
4674,0.004674000,0.0595548,-0.224268,0.0,0,0,0,8,-1
4675,0.004675000,0.0595764,-0.231744,0.0,0,0,0,8,-1
4676,0.004676000,0.059598,-0.23922,0.0,0,0,0,8,-1
4677,0.004677000,0.0596196,-0.246696,0.0,0,0,0,8,-1
4678,0.004678000,0.0596412,-0.254184,0.0,0,0,0,8,-1
4679,0.004679000,0.0596628,-0.26166,0.0,0,0,0,8,-1
4680,0.004680000,0.0596844,-0.269136,0.0,0,0,0,8,-1
4681,0.004681000,0.059706,-0.276612,0.0,0,0,0,8,-1
4682,0.004682000,0.0597276,-0.284088,0.0,0,0,0,8,-1
4683,0.004683000,0.0597492,-0.291564,0.0,0,0,0,8,-1
4684,0.004684000,0.0597708,-0.29904,0.0,0,0,0,8,-1
4685,0.004685000,0.0597924,-0.306516,0.0,0,0,0,8,-1
4686,0.004686000,0.059814,-0.313992,0.0,0,0,0,8,-1
4687,0.004687000,0.0598356,-0.321468,0.0,0,0,0,8,-1
4688,0.004688000,0.0598572,-0.328944,0.0,0,0,0,8,-1
4689,0.004689000,0.0598788,-0.33642,0.0,0,0,0,8,-1
4690,0.004690000,0.0599004,-0.343896,5.0,1,0,0,8,9
4691,0.004691000,0.059922,-0.351372,0.0,0,0,0,8,-1
4692,0.004692000,0.0599436,-0.358848,0.0,0,0,0,8,-1
4693,0.004693000,0.0599652,-0.366324,0.0,0,0,0,8,-1
4694,0.004694000,0.0599868,-0.3738,0.0,0,0,0,8,-1
4695,0.004695000,0.0600084,-0.381276,0.0,0,0,0,8,-1
4696,0.004696000,0.06003,-0.388752,0.0,0,0,0,8,-1
4697,0.004697000,0.0600516,-0.396228,0.0,0,0,0,8,-1
4698,0.004698000,0.0600732,-0.403704,0.0,0,0,0,8,-1
4699,0.004699000,0.0600948,-0.41118,0.0,0,0,0,8,-1
4700,0.004700000,0.0601164,-0.418656,0.0,0,0,0,8,-1
4701,0.004701000,0.060138,-0.426132,0.0,0,0,0,8,-1
4702,0.004702000,0.0601596,-0.433608,0.0,0,0,0,8,-1
4703,0.004703000,0.0601812,-0.441084,0.0,0,0,0,8,-1
4704,0.004704000,0.0602028,-0.44856,0.0,0,0,0,8,-1
4705,0.004705000,0.0602244,-0.456036,0.0,0,0,0,8,-1
4706,0.004706000,0.060246,-0.463512,0.0,0,0,0,8,-1
4707,0.004707000,0.0602676,-0.470988,0.0,0,0,0,8,-1
4708,0.004708000,0.0602892,-0.478476,0.0,0,0,0,8,-1
4709,0.004709000,0.0603108,-0.485952,0.0,0,0,0,8,-1
4710,0.004710000,0.0603324,-0.493428,0.0,0,0,0,8,-1
4711,0.004711000,0.060354,-0.500904,0.0,0,0,0,8,-1
4712,0.004712000,0.0603756,-0.50838,0.0,0,0,0,8,-1
4713,0.004713000,0.0603972,-0.515856,0.0,0,0,0,8,-1
4714,0.004714000,0.0604188,-0.523332,0.0,0,0,0,8,-1
4715,0.004715000,0.0604404,-0.530808,0.0,0,0,0,8,-1
4716,0.004716000,0.060462,-0.538284,0.0,0,0,0,8,-1
4717,0.004717000,0.0604836,-0.54576,0.0,0,0,0,8,-1
4718,0.004718000,0.0605052,-0.553236,0.0,0,0,0,8,-1
4719,0.004719000,0.0605268,-0.560712,0.0,0,0,0,8,-1
4720,0.004720000,0.0605484,-0.568188,5.0,1,0,0,8,10
4721,0.004721000,0.06057,-0.575664,0.0,0,0,0,8,-1
4722,0.004722000,0.0605916,-0.58314,0.0,0,0,0,8,-1
4723,0.004723000,0.0606132,-0.590628,0.0,0,0,0,8,-1
4724,0.004724000,0.0606348,-0.598104,0.0,0,0,0,8,-1
4725,0.004725000,0.0606564,-0.60558,0.0,0,0,0,8,-1
4726,0.004726000,0.060678,-0.613056,0.0,0,0,0,8,-1
4727,0.004727000,0.0606996,-0.620532,0.0,0,0,0,8,-1
4728,0.004728000,0.0607212,-0.628008,0.0,0,0,0,8,-1
4729,0.004729000,0.0607428,-0.635484,0.0,0,0,0,8,-1
4730,0.004730000,0.0607644,-0.64296,0.0,0,0,0,8,-1
4731,0.004731000,0.060786,-0.650436,0.0,0,0,0,8,-1
4732,0.004732000,0.0608076,-0.657912,0.0,0,0,0,8,-1
4733,0.004733000,0.0608292,-0.665388,0.0,0,0,0,8,-1
4734,0.004734000,0.0608508,-0.672876,0.0,0,0,0,8,-1
4735,0.004735000,0.0608724,-0.680352,0.0,0,0,0,8,-1
4736,0.004736000,0.060894,-0.687828,0.0,0,0,0,8,-1
4737,0.004737000,0.0609156,-0.695304,0.0,0,0,0,8,-1
4738,0.004738000,0.0609372,-0.70278,0.0,0,0,0,8,-1
4739,0.004739000,0.0609588,-0.710256,0.0,0,0,0,8,-1
4740,0.004740000,0.0609804,-0.717732,0.0,0,0,0,8,-1
4741,0.004741000,0.061002,-0.725208,0.0,0,0,0,8,-1
4742,0.004742000,0.0610236,-0.732684,0.0,0,0,0,8,-1
4743,0.004743000,0.0610452,-0.74016,0.0,0,0,0,8,-1
4744,0.004744000,0.0610668,-0.747648,0.0,0,0,0,8,-1
4745,0.004745000,0.0610884,-0.755124,0.0,0,0,0,8,-1
4746,0.004746000,0.06111,-0.7626,0.0,0,0,0,8,-1
4747,0.004747000,0.0611316,-0.770076,0.0,0,0,0,8,-1
4748,0.004748000,0.0611532,-0.777552,0.0,0,0,0,8,-1
4749,0.004749000,0.0611748,-0.785028,0.0,0,0,0,8,-1
4750,0.004750000,0.0611964,-0.792504,5.0,1,0,0,8,11
4751,0.004751000,0.061218,-0.79998,0.0,0,0,0,8,-1
4752,0.004752000,0.0612396,-0.807468,0.0,0,0,0,8,-1
4753,0.004753000,0.0612612,-0.814944,0.0,0,0,0,8,-1
4754,0.004754000,0.0612828,-0.82242,0.0,0,0,0,8,-1
4755,0.004755000,0.0613044,-0.829896,0.0,0,0,0,8,-1
4756,0.004756000,0.061326,-0.837372,0.0,0,0,0,8,-1
4757,0.004757000,0.0613476,-0.844848,0.0,0,0,0,8,-1
4758,0.004758000,0.0613692,-0.852324,0.0,0,0,0,8,-1
4759,0.004759000,0.0613908,-0.8598,0.0,0,0,0,8,-1
4760,0.004760000,0.0614124,-0.867288,0.0,0,0,0,8,-1
4761,0.004761000,0.061434,-0.874764,0.0,0,0,0,8,-1
4762,0.004762000,0.0614556,-0.88224,0.0,0,0,0,8,-1
4763,0.004763000,0.0614772,-0.889716,0.0,0,0,0,8,-1
4764,0.004764000,0.0614988,-0.897192,0.0,0,0,0,8,-1
4765,0.004765000,0.0615204,-0.904668,0.0,0,0,0,8,-1
4766,0.004766000,0.061542,-0.912144,0.0,0,0,0,8,-1
4767,0.004767000,0.0615636,-0.919632,0.0,0,0,0,8,-1
4768,0.004768000,0.0615852,-0.927108,0.0,0,0,0,8,-1
4769,0.004769000,0.0616068,-0.934584,0.0,0,0,0,8,-1
4770,0.004770000,0.0616284,-0.94206,0.0,0,0,0,8,-1
4771,0.004771000,0.06165,-0.949536,0.0,0,0,0,8,-1
4772,0.004772000,0.0616716,-0.957012,0.0,0,0,0,8,-1
4773,0.004773000,0.0616932,-0.964488,0.0,0,0,0,8,-1
4774,0.004774000,0.0617148,-0.971976,0.0,0,0,0,8,-1
4775,0.004775000,0.0617364,-0.979452,0.0,0,0,0,8,-1
4776,0.004776000,0.061758,-0.986928,0.0,0,0,0,8,-1
4777,0.004777000,0.0617796,-0.994404,0.0,0,0,0,8,-1
4778,0.004778000,0.0618012,-1.00188,0.0,0,0,0,8,-1
4779,0.004779000,0.0618228,-1.009356,0.0,0,0,0,8,-1
4780,0.004780000,0.0618444,-1.016844,5.0,1,0,0,8,12
4781,0.004781000,0.061866,-1.02432,0.0,0,0,0,8,-1
4782,0.004782000,0.0618876,-1.031796,0.0,0,0,0,8,-1
4783,0.004783000,0.0619092,-1.039272,0.0,0,0,0,8,-1
4784,0.004784000,0.0619308,-1.046748,0.0,0,0,0,8,-1
4785,0.004785000,0.0619524,-1.054224,0.0,0,0,0,8,-1
4786,0.004786000,0.061974,-1.061712,0.0,0,0,0,8,-1
4787,0.004787000,0.0619956,-1.069188,0.0,0,0,0,8,-1
4788,0.004788000,0.0620172,-1.076664,0.0,0,0,0,8,-1
4789,0.004789000,0.0620388,-1.08414,0.0,0,0,0,8,-1
4790,0.004790000,0.0620604,-1.091616,0.0,0,0,0,8,-1
4791,0.004791000,0.062082,-1.099104,0.0,0,0,0,8,-1
4792,0.004792000,0.0621036,-1.10658,0.0,0,0,0,8,-1
4793,0.004793000,0.0621252,-1.114056,0.0,0,0,0,8,-1
4794,0.004794000,0.0621468,-1.121532,0.0,0,0,0,8,-1
4795,0.004795000,0.0621684,-1.129008,0.0,0,0,0,8,-1
4796,0.004796000,0.06219,-1.136484,0.0,0,0,0,8,-1
4797,0.004797000,0.0622116,-1.143972,0.0,0,0,0,8,-1
4798,0.004798000,0.0622332,-1.151448,0.0,0,0,0,8,-1
4799,0.004799000,0.0622548,-1.158924,0.0,0,0,0,8,-1
4800,0.004800000,0.0622764,-1.1664,0.0,0,0,0,8,-1
4801,0.004801000,0.062298,-1.173876,0.0,0,0,0,8,-1
4802,0.004802000,0.0623196,-1.181364,0.0,0,0,0,8,-1
4803,0.004803000,0.0623412,-1.18884,0.0,0,0,0,8,-1
4804,0.004804000,0.0623628,-1.196316,0.0,0,0,0,8,-1
4805,0.004805000,0.0623844,-1.20384,0.0,0,0,0,8,-1
4806,0.004806000,0.062406,-1.21128,0.0,0,0,0,8,-1
4807,0.004807000,0.0624276,-1.21872,0.0,0,0,0,8,-1
4808,0.004808000,0.0624492,-1.22628,0.0,0,0,0,8,-1
4809,0.004809000,0.0624708,-1.23372,0.0,0,0,0,8,-1
4810,0.004810000,0.0624924,-1.24116,5.0,1,0,0,8,13
4811,0.004811000,0.062514,-1.24872,0.0,0,0,0,8,-1
4812,0.004812000,0.0625356,-1.25616,0.0,0,0,0,8,-1
4813,0.004813000,0.0625572,-1.2636,0.0,0,0,0,8,-1
4814,0.004814000,0.0625788,-1.27116,0.0,0,0,0,8,-1
4815,0.004815000,0.0626004,-1.2786,0.0,0,0,0,8,-1
4816,0.004816000,0.062622,-1.28604,0.0,0,0,0,8,-1
4817,0.004817000,0.0626436,-1.29348,0.0,0,0,0,8,-1
4818,0.004818000,0.0626652,-1.30104,0.0,0,0,0,8,-1
4819,0.004819000,0.0626868,-1.30848,0.0,0,0,0,8,-1
4820,0.004820000,0.0627084,-1.31592,0.0,0,0,0,8,-1
4821,0.004821000,0.06273,-1.32348,0.0,0,0,0,8,-1
4822,0.004822000,0.0627516,-1.33092,0.0,0,0,0,8,-1
4823,0.004823000,0.0627732,-1.33836,0.0,0,0,0,8,-1
4824,0.004824000,0.0627948,-1.34592,0.0,0,0,0,8,-1
4825,0.004825000,0.0628164,-1.35336,0.0,0,0,0,8,-1
4826,0.004826000,0.062838,-1.3608,0.0,0,0,0,8,-1
4827,0.004827000,0.0628596,-1.36836,0.0,0,0,0,8,-1
4828,0.004828000,0.0628812,-1.3758,0.0,0,0,0,8,-1
4829,0.004829000,0.0629028,-1.38324,0.0,0,0,0,8,-1
4830,0.004830000,0.0629244,-1.3908,0.0,0,0,0,8,-1
4831,0.004831000,0.062946,-1.39824,0.0,0,0,0,8,-1
4832,0.004832000,0.0629676,-1.40568,0.0,0,0,0,8,-1
4833,0.004833000,0.0629892,-1.41324,0.0,0,0,0,8,-1
4834,0.004834000,0.0630108,-1.42068,0.0,0,0,0,8,-1
4835,0.004835000,0.0630324,-1.42812,0.0,0,0,0,8,-1
4836,0.004836000,0.063054,-1.43568,0.0,0,0,0,8,-1
4837,0.004837000,0.0630756,-1.44312,0.0,0,0,0,8,-1
4838,0.004838000,0.0630972,-1.45056,0.0,0,0,0,8,-1
4839,0.004839000,0.0631188,-1.45812,0.0,0,0,0,8,-1
4840,0.004840000,0.0631404,-1.46556,5.0,1,0,0,8,14
4841,0.004841000,0.063162,-1.473,0.0,0,0,0,8,-1
4842,0.004842000,0.0631836,-1.48056,0.0,0,0,0,8,-1
4843,0.004843000,0.0632052,-1.488,0.0,0,0,0,8,-1
4844,0.004844000,0.0632268,-1.49544,0.0,0,0,0,8,-1
4845,0.004845000,0.0632484,-1.503,0.0,0,0,0,8,-1
4846,0.004846000,0.06327,-1.51044,0.0,0,0,0,8,-1
4847,0.004847000,0.0632916,-1.51788,0.0,0,0,0,8,-1
4848,0.004848000,0.0633132,-1.52544,0.0,0,0,0,8,-1
4849,0.004849000,0.0633348,-1.53288,0.0,0,0,0,8,-1
4850,0.004850000,0.0633564,-1.54032,0.0,0,0,0,8,-1
4851,0.004851000,0.063378,-1.54788,0.0,0,0,0,8,-1
4852,0.004852000,0.0633996,-1.55532,0.0,0,0,0,8,-1
4853,0.004853000,0.0634212,-1.56276,0.0,0,0,0,8,-1
4854,0.004854000,0.0634428,-1.57032,0.0,0,0,0,8,-1
4855,0.004855000,0.0634644,-1.57776,0.0,0,0,0,8,-1
4856,0.004856000,0.063486,-1.5852,0.0,0,0,0,8,-1
4857,0.004857000,0.0635076,-1.59264,0.0,0,0,0,8,-1
4858,0.004858000,0.0635292,-1.6002,0.0,0,0,0,8,-1
4859,0.004859000,0.0635508,-1.60764,0.0,0,0,0,8,-1
4860,0.004860000,0.0635724,-1.61508,0.0,0,0,0,8,-1
4861,0.004861000,0.063594,-1.62264,0.0,0,0,0,8,-1
4862,0.004862000,0.0636156,-1.63008,0.0,0,0,0,8,-1
4863,0.004863000,0.0636372,-1.63752,0.0,0,0,0,8,-1
4864,0.004864000,0.0636588,-1.64508,0.0,0,0,0,8,-1
4865,0.004865000,0.0636804,-1.65252,0.0,0,0,0,8,-1
4866,0.004866000,0.063702,-1.65996,0.0,0,0,0,8,-1
4867,0.004867000,0.0637236,-1.66752,0.0,0,0,0,8,-1
4868,0.004868000,0.0637452,-1.67496,0.0,0,0,0,8,-1
4869,0.004869000,0.0637668,-1.6824,0.0,0,0,0,8,-1
4870,0.004870000,0.0637884,-1.68996,5.0,1,1,0,8,15
4871,0.004871000,0.06381,-1.6974,0.0,0,0,0,-1,-1
4872,0.004872000,0.0638316,-1.70484,0.0,0,0,0,-1,-1
4873,0.004873000,0.0638532,-1.7124,0.0,0,0,0,-1,-1
4874,0.004874000,0.0638748,-1.71984,0.0,0,0,0,-1,-1
4875,0.004875000,0.06807,-1.72644,0.0,0,0,0,-1,-1
4876,0.004876000,0.0680916,-1.73388,0.0,0,0,0,-1,-1
4877,0.004877000,0.0681132,-1.74144,0.0,0,0,0,-1,-1
4878,0.004878000,0.0723048,-1.74792,0.0,0,0,0,-1,-1
4879,0.004879000,0.0723264,-1.75548,0.0,0,0,0,-1,-1
4880,0.004880000,0.0765132,-1.76196,0.0,0,0,0,-1,-1
4881,0.004881000,0.0806952,-1.76856,0.0,0,0,0,-1,-1
4882,0.004882000,0.0848736,-1.77516,0.0,0,0,0,-1,-1
4883,0.004883000,0.0890472,-1.78164,0.0,0,0,0,-1,-1
4884,0.004884000,0.0932172,-1.78824,0.0,0,0,0,-1,-1
4885,0.004885000,0.0973608,-1.78728,0.0,0,0,0,-1,-1
4886,0.004886000,0.1015224,-1.79376,0.0,0,0,0,-1,-1
4887,0.004887000,0.1056576,-1.79292,0.0,0,0,0,-1,-1
4888,0.004888000,0.109788,-1.79196,0.0,0,0,0,-1,-1
4889,0.004889000,0.1139364,-1.79844,0.0,0,0,0,-1,-1
4890,0.004890000,0.1180596,-1.7976,0.0,0,0,0,-1,-1
4891,0.004891000,0.122172,-1.79664,0.0,0,0,0,-1,-1
4892,0.004892000,0.126288,-1.79568,0.0,0,0,0,-1,-1
4893,0.004893000,0.130404,-1.79484,0.0,0,0,0,-1,-1
4894,0.004894000,0.134508,-1.79388,0.0,0,0,0,-1,-1
4895,0.004895000,0.138612,-1.79304,0.0,0,0,0,-1,-1
4896,0.004896000,0.14268,-1.78464,0.0,0,0,0,-1,-1
4897,0.004897000,0.146784,-1.7838,0.0,0,0,0,-1,-1
4898,0.004898000,0.150864,-1.78284,0.0,0,0,0,-1,-1
4899,0.004899000,0.154932,-1.77456,0.0,0,0,0,-1,-1
4900,0.004900000,0.159012,-1.7736,0.0,0,0,0,-1,-1
4901,0.004901000,0.163068,-1.76532,0.0,0,0,0,-1,-1
4902,0.004902000,0.167124,-1.75704,0.0,0,0,0,-1,-1
4903,0.004903000,0.171168,-1.74876,0.0,0,0,0,-1,-1
4904,0.004904000,0.175212,-1.74048,0.0,0,0,0,-1,-1
4905,0.004905000,0.179244,-1.73232,0.0,0,0,0,-1,-1
4906,0.004906000,0.17922,-1.72488,0.0,0,0,0,-1,-1
4907,0.004907000,0.183264,-1.7166,0.0,0,0,0,-1,-1
4908,0.004908000,0.18324,-1.70928,0.0,0,0,0,-1,-1
4909,0.004909000,0.183216,-1.70196,0.0,0,0,0,-1,-1
4910,0.004910000,0.187248,-1.69368,0.0,0,0,0,-1,-1
4911,0.004911000,0.187224,-1.68636,0.0,0,0,0,-1,-1
4912,0.004912000,0.1872,-1.67892,0.0,0,0,0,-1,-1
4913,0.004913000,0.187188,-1.6716,0.0,0,0,0,-1,-1
4914,0.004914000,0.187164,-1.66416,5.0,1,0,0,9,0
4915,0.004915000,0.18714,-1.65684,0.0,0,0,0,9,-1
4916,0.004916000,0.187116,-1.64952,0.0,0,0,0,9,-1
4917,0.004917000,0.187092,-1.64208,0.0,0,0,0,9,-1
4918,0.004918000,0.18708,-1.63476,0.0,0,0,0,9,-1
4919,0.004919000,0.187056,-1.62744,0.0,0,0,0,9,-1
4920,0.004920000,0.187032,-1.62,0.0,0,0,0,9,-1
4921,0.004921000,0.187008,-1.61268,0.0,0,0,0,9,-1
4922,0.004922000,0.186996,-1.60524,0.0,0,0,0,9,-1
4923,0.004923000,0.186972,-1.59792,0.0,0,0,0,9,-1
4924,0.004924000,0.186948,-1.5906,0.0,0,0,0,9,-1
4925,0.004925000,0.186924,-1.58316,0.0,0,0,0,9,-1
4926,0.004926000,0.1869,-1.57584,0.0,0,0,0,9,-1
4927,0.004927000,0.186888,-1.56852,0.0,0,0,0,9,-1
4928,0.004928000,0.186864,-1.56108,0.0,0,0,0,9,-1
4929,0.004929000,0.18684,-1.55376,0.0,0,0,0,9,-1
4930,0.004930000,0.186816,-1.54632,0.0,0,0,0,9,-1
4931,0.004931000,0.186792,-1.539,0.0,0,0,0,9,-1
4932,0.004932000,0.18678,-1.53168,0.0,0,0,0,9,-1
4933,0.004933000,0.186756,-1.52424,0.0,0,0,0,9,-1
4934,0.004934000,0.186732,-1.51692,0.0,0,0,0,9,-1
4935,0.004935000,0.186708,-1.5096,0.0,0,0,0,9,-1
4936,0.004936000,0.186696,-1.50216,0.0,0,0,0,9,-1
4937,0.004937000,0.186672,-1.49484,0.0,0,0,0,9,-1
4938,0.004938000,0.186648,-1.4874,0.0,0,0,0,9,-1
4939,0.004939000,0.186624,-1.48008,0.0,0,0,0,9,-1
4940,0.004940000,0.1866,-1.47276,0.0,0,0,0,9,-1
4941,0.004941000,0.186588,-1.46532,0.0,0,0,0,9,-1
4942,0.004942000,0.186564,-1.458,0.0,0,0,0,9,-1
4943,0.004943000,0.18654,-1.45056,0.0,0,0,0,9,-1
4944,0.004944000,0.186516,-1.44324,5.0,1,0,0,9,1
4945,0.004945000,0.186492,-1.43592,0.0,0,0,0,9,-1
4946,0.004946000,0.18648,-1.42848,0.0,0,0,0,9,-1
4947,0.004947000,0.186456,-1.42116,0.0,0,0,0,9,-1
4948,0.004948000,0.186432,-1.41384,0.0,0,0,0,9,-1
4949,0.004949000,0.186408,-1.4064,0.0,0,0,0,9,-1
4950,0.004950000,0.186396,-1.39908,0.0,0,0,0,9,-1
4951,0.004951000,0.186372,-1.39164,0.0,0,0,0,9,-1
4952,0.004952000,0.186348,-1.38432,0.0,0,0,0,9,-1
4953,0.004953000,0.186324,-1.377,0.0,0,0,0,9,-1
4954,0.004954000,0.1863,-1.36956,0.0,0,0,0,9,-1
4955,0.004955000,0.186288,-1.36224,0.0,0,0,0,9,-1
4956,0.004956000,0.186264,-1.35492,0.0,0,0,0,9,-1
4957,0.004957000,0.18624,-1.34748,0.0,0,0,0,9,-1
4958,0.004958000,0.186216,-1.34016,0.0,0,0,0,9,-1
4959,0.004959000,0.186192,-1.33272,0.0,0,0,0,9,-1
4960,0.004960000,0.18618,-1.3254,0.0,0,0,0,9,-1
4961,0.004961000,0.186156,-1.31808,0.0,0,0,0,9,-1
4962,0.004962000,0.186132,-1.31064,0.0,0,0,0,9,-1
4963,0.004963000,0.186108,-1.30332,0.0,0,0,0,9,-1
4964,0.004964000,0.186096,-1.296,0.0,0,0,0,9,-1
4965,0.004965000,0.186072,-1.28856,0.0,0,0,0,9,-1
4966,0.004966000,0.186048,-1.28124,0.0,0,0,0,9,-1
4967,0.004967000,0.186024,-1.2738,0.0,0,0,0,9,-1
4968,0.004968000,0.186,-1.26648,0.0,0,0,0,9,-1
4969,0.004969000,0.185988,-1.25916,0.0,0,0,0,9,-1
4970,0.004970000,0.185964,-1.25172,0.0,0,0,0,9,-1
4971,0.004971000,0.18594,-1.2444,0.0,0,0,0,9,-1
4972,0.004972000,0.185916,-1.23708,0.0,0,0,0,9,-1
4973,0.004973000,0.185892,-1.22964,0.0,0,0,0,9,-1
4974,0.004974000,0.18588,-1.22232,5.0,1,0,0,9,2
4975,0.004975000,0.185856,-1.21488,0.0,0,0,0,9,-1
4976,0.004976000,0.185832,-1.20756,0.0,0,0,0,9,-1
4977,0.004977000,0.185808,-1.20024,0.0,0,0,0,9,-1
4978,0.004978000,0.185796,-1.192848,0.0,0,0,0,9,-1
4979,0.004979000,0.185772,-1.18548,0.0,0,0,0,9,-1
4980,0.004980000,0.185748,-1.178112,0.0,0,0,0,9,-1
4981,0.004981000,0.185724,-1.170744,0.0,0,0,0,9,-1
4982,0.004982000,0.1857,-1.163388,0.0,0,0,0,9,-1
4983,0.004983000,0.185688,-1.15602,0.0,0,0,0,9,-1
4984,0.004984000,0.185664,-1.148652,0.0,0,0,0,9,-1
4985,0.004985000,0.18564,-1.141296,0.0,0,0,0,9,-1
4986,0.004986000,0.185616,-1.133928,0.0,0,0,0,9,-1
4987,0.004987000,0.185592,-1.12656,0.0,0,0,0,9,-1
4988,0.004988000,0.18558,-1.119192,0.0,0,0,0,9,-1
4989,0.004989000,0.185556,-1.111836,0.0,0,0,0,9,-1
4990,0.004990000,0.185532,-1.104468,0.0,0,0,0,9,-1
4991,0.004991000,0.185508,-1.0971,0.0,0,0,0,9,-1
4992,0.004992000,0.185496,-1.089744,0.0,0,0,0,9,-1
4993,0.004993000,0.185472,-1.082376,0.0,0,0,0,9,-1
4994,0.004994000,0.185448,-1.075008,0.0,0,0,0,9,-1
4995,0.004995000,0.185424,-1.067652,0.0,0,0,0,9,-1
4996,0.004996000,0.1854,-1.060284,0.0,0,0,0,9,-1
4997,0.004997000,0.185388,-1.052916,0.0,0,0,0,9,-1
4998,0.004998000,0.185364,-1.045548,0.0,0,0,0,9,-1
4999,0.004999000,0.18534,-1.038192,0.0,0,0,0,9,-1
5000,0.005000000,0.185316,-1.030824,0.0,0,0,0,9,-1
5001,0.005001000,0.185292,-1.023456,0.0,0,0,0,9,-1
5002,0.005002000,0.18528,-1.0161,0.0,0,0,0,9,-1
5003,0.005003000,0.185256,-1.008732,0.0,0,0,0,9,-1
5004,0.005004000,0.185232,-1.001364,5.0,1,0,0,9,3
5005,0.005005000,0.185208,-0.994008,0.0,0,0,0,9,-1
5006,0.005006000,0.185196,-0.98664,0.0,0,0,0,9,-1
5007,0.005007000,0.185172,-0.979272,0.0,0,0,0,9,-1
5008,0.005008000,0.185148,-0.971916,0.0,0,0,0,9,-1
5009,0.005009000,0.185124,-0.964548,0.0,0,0,0,9,-1
5010,0.005010000,0.1851,-0.95718,0.0,0,0,0,9,-1
5011,0.005011000,0.185088,-0.949824,0.0,0,0,0,9,-1
5012,0.005012000,0.185064,-0.942456,0.0,0,0,0,9,-1
5013,0.005013000,0.18504,-0.935088,0.0,0,0,0,9,-1
5014,0.005014000,0.185016,-0.927732,0.0,0,0,0,9,-1
5015,0.005015000,0.185004,-0.920364,0.0,0,0,0,9,-1
5016,0.005016000,0.18498,-0.912996,0.0,0,0,0,9,-1
5017,0.005017000,0.184956,-0.90564,0.0,0,0,0,9,-1
5018,0.005018000,0.184932,-0.898272,0.0,0,0,0,9,-1
5019,0.005019000,0.184908,-0.890904,0.0,0,0,0,9,-1
5020,0.005020000,0.184896,-0.883548,0.0,0,0,0,9,-1
5021,0.005021000,0.184872,-0.87618,0.0,0,0,0,9,-1
5022,0.005022000,0.184848,-0.868812,0.0,0,0,0,9,-1
5023,0.005023000,0.184824,-0.861456,0.0,0,0,0,9,-1
5024,0.005024000,0.1848,-0.854088,0.0,0,0,0,9,-1
5025,0.005025000,0.184788,-0.84672,0.0,0,0,0,9,-1
5026,0.005026000,0.184764,-0.839364,0.0,0,0,0,9,-1
5027,0.005027000,0.18474,-0.831996,0.0,0,0,0,9,-1
5028,0.005028000,0.184716,-0.824628,0.0,0,0,0,9,-1
5029,0.005029000,0.184704,-0.817272,0.0,0,0,0,9,-1
5030,0.005030000,0.18468,-0.809904,0.0,0,0,0,9,-1
5031,0.005031000,0.184656,-0.802536,0.0,0,0,0,9,-1
5032,0.005032000,0.184632,-0.79518,0.0,0,0,0,9,-1
5033,0.005033000,0.184608,-0.787812,0.0,0,0,0,9,-1
5034,0.005034000,0.184596,-0.780444,5.0,1,0,0,9,4
5035,0.005035000,0.184572,-0.773088,0.0,0,0,0,9,-1
5036,0.005036000,0.184548,-0.76572,0.0,0,0,0,9,-1
5037,0.005037000,0.184524,-0.758364,0.0,0,0,0,9,-1
5038,0.005038000,0.1845,-0.750996,0.0,0,0,0,9,-1
5039,0.005039000,0.184488,-0.743628,0.0,0,0,0,9,-1
5040,0.005040000,0.184464,-0.736272,0.0,0,0,0,9,-1
5041,0.005041000,0.18444,-0.728904,0.0,0,0,0,9,-1
5042,0.005042000,0.184416,-0.721536,0.0,0,0,0,9,-1
5043,0.005043000,0.184404,-0.71418,0.0,0,0,0,9,-1
5044,0.005044000,0.18438,-0.706812,0.0,0,0,0,9,-1
5045,0.005045000,0.184356,-0.699456,0.0,0,0,0,9,-1
5046,0.005046000,0.184332,-0.692088,0.0,0,0,0,9,-1
5047,0.005047000,0.184308,-0.68472,0.0,0,0,0,9,-1
5048,0.005048000,0.184296,-0.677364,0.0,0,0,0,9,-1
5049,0.005049000,0.184272,-0.669996,0.0,0,0,0,9,-1
5050,0.005050000,0.184248,-0.662628,0.0,0,0,0,9,-1
5051,0.005051000,0.184224,-0.655272,0.0,0,0,0,9,-1
5052,0.005052000,0.1842,-0.647904,0.0,0,0,0,9,-1
5053,0.005053000,0.184188,-0.640548,0.0,0,0,0,9,-1
5054,0.005054000,0.184164,-0.63318,0.0,0,0,0,9,-1
5055,0.005055000,0.18414,-0.625812,0.0,0,0,0,9,-1
5056,0.005056000,0.184116,-0.618456,0.0,0,0,0,9,-1
5057,0.005057000,0.184104,-0.611088,0.0,0,0,0,9,-1
5058,0.005058000,0.18408,-0.603732,0.0,0,0,0,9,-1
5059,0.005059000,0.184056,-0.596364,0.0,0,0,0,9,-1
5060,0.005060000,0.184032,-0.588996,0.0,0,0,0,9,-1
5061,0.005061000,0.184008,-0.58164,0.0,0,0,0,9,-1
5062,0.005062000,0.183996,-0.574272,0.0,0,0,0,9,-1
5063,0.005063000,0.183972,-0.566916,0.0,0,0,0,9,-1
5064,0.005064000,0.183948,-0.559548,5.0,1,0,0,9,5
5065,0.005065000,0.183924,-0.55218,0.0,0,0,0,9,-1
5066,0.005066000,0.1839,-0.544824,0.0,0,0,0,9,-1
5067,0.005067000,0.183888,-0.537456,0.0,0,0,0,9,-1
5068,0.005068000,0.183864,-0.5301,0.0,0,0,0,9,-1
5069,0.005069000,0.18384,-0.522732,0.0,0,0,0,9,-1
5070,0.005070000,0.183816,-0.515364,0.0,0,0,0,9,-1
5071,0.005071000,0.183804,-0.508008,0.0,0,0,0,9,-1
5072,0.005072000,0.18378,-0.50064,0.0,0,0,0,9,-1
5073,0.005073000,0.183756,-0.493284,0.0,0,0,0,9,-1
5074,0.005074000,0.183732,-0.485916,0.0,0,0,0,9,-1
5075,0.005075000,0.183708,-0.47856,0.0,0,0,0,9,-1
5076,0.005076000,0.183696,-0.471192,0.0,0,0,0,9,-1
5077,0.005077000,0.183672,-0.463824,0.0,0,0,0,9,-1
5078,0.005078000,0.183648,-0.456468,0.0,0,0,0,9,-1
5079,0.005079000,0.183624,-0.4491,0.0,0,0,0,9,-1
5080,0.005080000,0.183612,-0.441744,0.0,0,0,0,9,-1
5081,0.005081000,0.183588,-0.434376,0.0,0,0,0,9,-1
5082,0.005082000,0.183564,-0.427008,0.0,0,0,0,9,-1
5083,0.005083000,0.18354,-0.419652,0.0,0,0,0,9,-1
5084,0.005084000,0.183516,-0.412284,0.0,0,0,0,9,-1
5085,0.005085000,0.183504,-0.404928,0.0,0,0,0,9,-1
5086,0.005086000,0.18348,-0.39756,0.0,0,0,0,9,-1
5087,0.005087000,0.183456,-0.390204,0.0,0,0,0,9,-1
5088,0.005088000,0.183432,-0.382836,0.0,0,0,0,9,-1
5089,0.005089000,0.183408,-0.37548,0.0,0,0,0,9,-1
5090,0.005090000,0.183396,-0.368112,0.0,0,0,0,9,-1
5091,0.005091000,0.183372,-0.360744,0.0,0,0,0,9,-1
5092,0.005092000,0.183348,-0.353388,0.0,0,0,0,9,-1
5093,0.005093000,0.183324,-0.34602,0.0,0,0,0,9,-1
5094,0.005094000,0.183312,-0.338664,5.0,1,0,0,9,6
5095,0.005095000,0.183288,-0.331296,0.0,0,0,0,9,-1
5096,0.005096000,0.183264,-0.32394,0.0,0,0,0,9,-1
5097,0.005097000,0.18324,-0.316572,0.0,0,0,0,9,-1
5098,0.005098000,0.183216,-0.309216,0.0,0,0,0,9,-1
5099,0.005099000,0.183204,-0.301848,0.0,0,0,0,9,-1
5100,0.005100000,0.18318,-0.29448,0.0,0,0,0,9,-1
5101,0.005101000,0.183156,-0.287124,0.0,0,0,0,9,-1
5102,0.005102000,0.183132,-0.279756,0.0,0,0,0,9,-1
5103,0.005103000,0.183108,-0.2724,0.0,0,0,0,9,-1
5104,0.005104000,0.183096,-0.265032,0.0,0,0,0,9,-1
5105,0.005105000,0.183072,-0.257676,0.0,0,0,0,9,-1
5106,0.005106000,0.183048,-0.250308,0.0,0,0,0,9,-1
5107,0.005107000,0.183024,-0.242952,0.0,0,0,0,9,-1
5108,0.005108000,0.183012,-0.235584,0.0,0,0,0,9,-1
5109,0.005109000,0.182988,-0.228228,0.0,0,0,0,9,-1
5110,0.005110000,0.182964,-0.22086,0.0,0,0,0,9,-1
5111,0.005111000,0.18294,-0.213504,0.0,0,0,0,9,-1
5112,0.005112000,0.182916,-0.206136,0.0,0,0,0,9,-1
5113,0.005113000,0.182904,-0.19878,0.0,0,0,0,9,-1
5114,0.005114000,0.18288,-0.191412,0.0,0,0,0,9,-1
5115,0.005115000,0.182856,-0.184056,0.0,0,0,0,9,-1
5116,0.005116000,0.182832,-0.176688,0.0,0,0,0,9,-1
5117,0.005117000,0.182808,-0.16932,0.0,0,0,0,9,-1
5118,0.005118000,0.182796,-0.161964,0.0,0,0,0,9,-1
5119,0.005119000,0.182772,-0.154596,0.0,0,0,0,9,-1
5120,0.005120000,0.182748,-0.14724,0.0,0,0,0,9,-1
5121,0.005121000,0.182724,-0.139872,0.0,0,0,0,9,-1
5122,0.005122000,0.182712,-0.132516,0.0,0,0,0,9,-1
5123,0.005123000,0.182688,-0.125148,0.0,0,0,0,9,-1
5124,0.005124000,0.182664,-0.1177908,5.0,1,0,0,9,7
5125,0.005125000,0.18264,-0.1104288,0.0,0,0,0,9,-1
5126,0.005126000,0.182616,-0.1030668,0.0,0,0,0,9,-1
5127,0.005127000,0.182604,-0.0957048,0.0,0,0,0,9,-1
5128,0.005128000,0.18258,-0.0883428,0.0,0,0,0,9,-1
5129,0.005129000,0.182556,-0.0809808,0.0,0,0,0,9,-1
5130,0.005130000,0.182532,-0.0736188,0.0,0,0,0,9,-1
5131,0.005131000,0.18252,-0.0662568,0.0,0,0,0,9,-1
5132,0.005132000,0.182496,-0.0588948,0.0,0,0,0,9,-1
5133,0.005133000,0.182472,-0.0515328,0.0,0,0,0,9,-1
5134,0.005134000,0.182448,-0.0441708,0.0,0,0,0,9,-1
5135,0.005135000,0.182424,-0.0368088,0.0,0,0,0,9,-1
5136,0.005136000,0.182412,-0.0294468,0.0,0,0,0,9,-1
5137,0.005137000,0.182388,-0.022086,0.0,0,0,0,9,-1
5138,0.005138000,0.182364,-0.014724,0.0,0,0,0,9,-1
5139,0.005139000,0.18234,-0.00736176,0.0,0,0,0,9,-1
5140,0.005140000,0.182316,0.0,0.0,0,0,0,9,-1
5141,0.005141000,0.182304,0.00736176,0.0,0,0,0,9,-1
5142,0.005142000,0.18228,0.014724,0.0,0,0,0,9,-1
5143,0.005143000,0.182256,0.0220848,0.0,0,0,0,9,-1
5144,0.005144000,0.182232,0.0294468,0.0,0,0,0,9,-1
5145,0.005145000,0.18222,0.0368088,0.0,0,0,0,9,-1
5146,0.005146000,0.182196,0.0441708,0.0,0,0,0,9,-1
5147,0.005147000,0.182172,0.0515316,0.0,0,0,0,9,-1
5148,0.005148000,0.182148,0.0588936,0.0,0,0,0,9,-1
5149,0.005149000,0.182124,0.0662556,0.0,0,0,0,9,-1
5150,0.005150000,0.182112,0.0736176,0.0,0,0,0,9,-1
5151,0.005151000,0.182088,0.0809784,0.0,0,0,0,9,-1
5152,0.005152000,0.182064,0.0883404,0.0,0,0,0,9,-1
5153,0.005153000,0.18204,0.0957024,0.0,0,0,0,9,-1
5154,0.005154000,0.182016,0.1030632,5.0,1,0,0,9,8
5155,0.005155000,0.182004,0.1104252,0.0,0,0,0,9,-1
5156,0.005156000,0.18198,0.117786,0.0,0,0,0,9,-1
5157,0.005157000,0.181956,0.125148,0.0,0,0,0,9,-1
5158,0.005158000,0.181932,0.132504,0.0,0,0,0,9,-1
5159,0.005159000,0.18192,0.139872,0.0,0,0,0,9,-1
5160,0.005160000,0.181896,0.147228,0.0,0,0,0,9,-1
5161,0.005161000,0.181872,0.154596,0.0,0,0,0,9,-1
5162,0.005162000,0.181848,0.161952,0.0,0,0,0,9,-1
5163,0.005163000,0.181824,0.16932,0.0,0,0,0,9,-1
5164,0.005164000,0.181812,0.176676,0.0,0,0,0,9,-1
5165,0.005165000,0.181788,0.184044,0.0,0,0,0,9,-1
5166,0.005166000,0.181764,0.1914,0.0,0,0,0,9,-1
5167,0.005167000,0.18174,0.198768,0.0,0,0,0,9,-1
5168,0.005168000,0.181716,0.206124,0.0,0,0,0,9,-1
5169,0.005169000,0.181704,0.21348,0.0,0,0,0,9,-1
5170,0.005170000,0.18168,0.220848,0.0,0,0,0,9,-1
5171,0.005171000,0.181656,0.228204,0.0,0,0,0,9,-1
5172,0.005172000,0.181632,0.235572,0.0,0,0,0,9,-1
5173,0.005173000,0.18162,0.242928,0.0,0,0,0,9,-1
5174,0.005174000,0.181596,0.250296,0.0,0,0,0,9,-1
5175,0.005175000,0.181572,0.257652,0.0,0,0,0,9,-1
5176,0.005176000,0.181548,0.265008,0.0,0,0,0,9,-1
5177,0.005177000,0.181524,0.272376,0.0,0,0,0,9,-1
5178,0.005178000,0.181512,0.279732,0.0,0,0,0,9,-1
5179,0.005179000,0.181488,0.2871,0.0,0,0,0,9,-1
5180,0.005180000,0.181464,0.294456,0.0,0,0,0,9,-1
5181,0.005181000,0.18144,0.301824,0.0,0,0,0,9,-1
5182,0.005182000,0.181428,0.30918,0.0,0,0,0,9,-1
5183,0.005183000,0.181404,0.316536,0.0,0,0,0,9,-1
5184,0.005184000,0.18138,0.323904,5.0,1,0,0,9,9
5185,0.005185000,0.181356,0.33126,0.0,0,0,0,9,-1
5186,0.005186000,0.181332,0.338628,0.0,0,0,0,9,-1
5187,0.005187000,0.18132,0.345984,0.0,0,0,0,9,-1
5188,0.005188000,0.181296,0.35334,0.0,0,0,0,9,-1
5189,0.005189000,0.181272,0.360708,0.0,0,0,0,9,-1
5190,0.005190000,0.181248,0.368064,0.0,0,0,0,9,-1
5191,0.005191000,0.181224,0.375432,0.0,0,0,0,9,-1
5192,0.005192000,0.181212,0.382788,0.0,0,0,0,9,-1
5193,0.005193000,0.181188,0.390156,0.0,0,0,0,9,-1
5194,0.005194000,0.181164,0.397512,0.0,0,0,0,9,-1
5195,0.005195000,0.18114,0.404868,0.0,0,0,0,9,-1
5196,0.005196000,0.181128,0.412236,0.0,0,0,0,9,-1
5197,0.005197000,0.181104,0.419592,0.0,0,0,0,9,-1
5198,0.005198000,0.18108,0.42696,0.0,0,0,0,9,-1
5199,0.005199000,0.181056,0.434316,0.0,0,0,0,9,-1
5200,0.005200000,0.181032,0.441672,0.0,0,0,0,9,-1
5201,0.005201000,0.18102,0.44904,0.0,0,0,0,9,-1
5202,0.005202000,0.180996,0.456396,0.0,0,0,0,9,-1
5203,0.005203000,0.180972,0.463752,0.0,0,0,0,9,-1
5204,0.005204000,0.180948,0.47112,0.0,0,0,0,9,-1
5205,0.005205000,0.180924,0.478476,0.0,0,0,0,9,-1
5206,0.005206000,0.180912,0.485844,0.0,0,0,0,9,-1
5207,0.005207000,0.180888,0.4932,0.0,0,0,0,9,-1
5208,0.005208000,0.180864,0.500556,0.0,0,0,0,9,-1
5209,0.005209000,0.18084,0.507924,0.0,0,0,0,9,-1
5210,0.005210000,0.180828,0.51528,0.0,0,0,0,9,-1
5211,0.005211000,0.180804,0.522648,0.0,0,0,0,9,-1
5212,0.005212000,0.18078,0.530004,0.0,0,0,0,9,-1
5213,0.005213000,0.180756,0.53736,0.0,0,0,0,9,-1
5214,0.005214000,0.180732,0.544728,5.0,1,0,0,9,10
5215,0.005215000,0.18072,0.552084,0.0,0,0,0,9,-1
5216,0.005216000,0.180696,0.55944,0.0,0,0,0,9,-1
5217,0.005217000,0.180672,0.566808,0.0,0,0,0,9,-1
5218,0.005218000,0.180648,0.574164,0.0,0,0,0,9,-1
5219,0.005219000,0.180636,0.581532,0.0,0,0,0,9,-1
5220,0.005220000,0.180612,0.588888,0.0,0,0,0,9,-1
5221,0.005221000,0.180588,0.596244,0.0,0,0,0,9,-1
5222,0.005222000,0.180564,0.603612,0.0,0,0,0,9,-1
5223,0.005223000,0.18054,0.610968,0.0,0,0,0,9,-1
5224,0.005224000,0.180528,0.618324,0.0,0,0,0,9,-1
5225,0.005225000,0.180504,0.625692,0.0,0,0,0,9,-1
5226,0.005226000,0.18048,0.633048,0.0,0,0,0,9,-1
5227,0.005227000,0.180456,0.640404,0.0,0,0,0,9,-1
5228,0.005228000,0.180432,0.647772,0.0,0,0,0,9,-1
5229,0.005229000,0.18042,0.655128,0.0,0,0,0,9,-1
5230,0.005230000,0.180396,0.662484,0.0,0,0,0,9,-1
5231,0.005231000,0.180372,0.669852,0.0,0,0,0,9,-1
5232,0.005232000,0.180348,0.677208,0.0,0,0,0,9,-1
5233,0.005233000,0.180336,0.684576,0.0,0,0,0,9,-1
5234,0.005234000,0.180312,0.691932,0.0,0,0,0,9,-1
5235,0.005235000,0.180288,0.699288,0.0,0,0,0,9,-1
5236,0.005236000,0.180264,0.706656,0.0,0,0,0,9,-1
5237,0.005237000,0.18024,0.714012,0.0,0,0,0,9,-1
5238,0.005238000,0.180228,0.721368,0.0,0,0,0,9,-1
5239,0.005239000,0.180204,0.728736,0.0,0,0,0,9,-1
5240,0.005240000,0.18018,0.736092,0.0,0,0,0,9,-1
5241,0.005241000,0.180156,0.743448,0.0,0,0,0,9,-1
5242,0.005242000,0.180132,0.750816,0.0,0,0,0,9,-1
5243,0.005243000,0.18012,0.758172,0.0,0,0,0,9,-1
5244,0.005244000,0.180096,0.765528,5.0,1,0,0,9,11
5245,0.005245000,0.180072,0.772896,0.0,0,0,0,9,-1
5246,0.005246000,0.180048,0.780252,0.0,0,0,0,9,-1
5247,0.005247000,0.180036,0.787608,0.0,0,0,0,9,-1
5248,0.005248000,0.180012,0.794976,0.0,0,0,0,9,-1
5249,0.005249000,0.179988,0.802332,0.0,0,0,0,9,-1
5250,0.005250000,0.179964,0.809688,0.0,0,0,0,9,-1
5251,0.005251000,0.17994,0.817056,0.0,0,0,0,9,-1
5252,0.005252000,0.179928,0.824412,0.0,0,0,0,9,-1
5253,0.005253000,0.179904,0.831768,0.0,0,0,0,9,-1
5254,0.005254000,0.17988,0.839124,0.0,0,0,0,9,-1
5255,0.005255000,0.179856,0.846492,0.0,0,0,0,9,-1
5256,0.005256000,0.179844,0.853848,0.0,0,0,0,9,-1
5257,0.005257000,0.17982,0.861204,0.0,0,0,0,9,-1
5258,0.005258000,0.179796,0.868572,0.0,0,0,0,9,-1
5259,0.005259000,0.179772,0.875928,0.0,0,0,0,9,-1
5260,0.005260000,0.179748,0.883284,0.0,0,0,0,9,-1
5261,0.005261000,0.179736,0.890652,0.0,0,0,0,9,-1
5262,0.005262000,0.179712,0.898008,0.0,0,0,0,9,-1
5263,0.005263000,0.179688,0.905364,0.0,0,0,0,9,-1
5264,0.005264000,0.179664,0.912732,0.0,0,0,0,9,-1
5265,0.005265000,0.17964,0.920088,0.0,0,0,0,9,-1
5266,0.005266000,0.179628,0.927444,0.0,0,0,0,9,-1
5267,0.005267000,0.179604,0.9348,0.0,0,0,0,9,-1
5268,0.005268000,0.17958,0.942168,0.0,0,0,0,9,-1
5269,0.005269000,0.179556,0.949524,0.0,0,0,0,9,-1
5270,0.005270000,0.179544,0.95688,0.0,0,0,0,9,-1
5271,0.005271000,0.17952,0.964248,0.0,0,0,0,9,-1
5272,0.005272000,0.179496,0.971604,0.0,0,0,0,9,-1
5273,0.005273000,0.179472,0.97896,0.0,0,0,0,9,-1
5274,0.005274000,0.179448,0.986316,5.0,1,0,0,9,12
5275,0.005275000,0.179436,0.993684,0.0,0,0,0,9,-1
5276,0.005276000,0.179412,1.00104,0.0,0,0,0,9,-1
5277,0.005277000,0.179388,1.008396,0.0,0,0,0,9,-1
5278,0.005278000,0.179364,1.015764,0.0,0,0,0,9,-1
5279,0.005279000,0.17934,1.02312,0.0,0,0,0,9,-1
5280,0.005280000,0.179328,1.030476,0.0,0,0,0,9,-1
5281,0.005281000,0.179304,1.037832,0.0,0,0,0,9,-1
5282,0.005282000,0.17928,1.0452,0.0,0,0,0,9,-1
5283,0.005283000,0.179256,1.052556,0.0,0,0,0,9,-1
5284,0.005284000,0.179244,1.059912,0.0,0,0,0,9,-1
5285,0.005285000,0.17922,1.06728,0.0,0,0,0,9,-1
5286,0.005286000,0.179196,1.074636,0.0,0,0,0,9,-1
5287,0.005287000,0.179172,1.081992,0.0,0,0,0,9,-1
5288,0.005288000,0.179148,1.089348,0.0,0,0,0,9,-1
5289,0.005289000,0.179136,1.096716,0.0,0,0,0,9,-1
5290,0.005290000,0.179112,1.104072,0.0,0,0,0,9,-1
5291,0.005291000,0.179088,1.111428,0.0,0,0,0,9,-1
5292,0.005292000,0.179064,1.118784,0.0,0,0,0,9,-1
5293,0.005293000,0.179052,1.126152,0.0,0,0,0,9,-1
5294,0.005294000,0.179028,1.133508,0.0,0,0,0,9,-1
5295,0.005295000,0.179004,1.140864,0.0,0,0,0,9,-1
5296,0.005296000,0.17898,1.14822,0.0,0,0,0,9,-1
5297,0.005297000,0.178956,1.155588,0.0,0,0,0,9,-1
5298,0.005298000,0.178944,1.162944,0.0,0,0,0,9,-1
5299,0.005299000,0.17892,1.1703,0.0,0,0,0,9,-1
5300,0.005300000,0.178896,1.177656,0.0,0,0,0,9,-1
5301,0.005301000,0.178872,1.185024,0.0,0,0,0,9,-1
5302,0.005302000,0.178848,1.19238,0.0,0,0,0,9,-1
5303,0.005303000,0.178836,1.199736,0.0,0,0,0,9,-1
5304,0.005304000,0.178812,1.20708,5.0,1,0,0,9,13
5305,0.005305000,0.178788,1.2144,0.0,0,0,0,9,-1
5306,0.005306000,0.178764,1.22184,0.0,0,0,0,9,-1
5307,0.005307000,0.178752,1.22916,0.0,0,0,0,9,-1
5308,0.005308000,0.178728,1.23648,0.0,0,0,0,9,-1
5309,0.005309000,0.178704,1.24392,0.0,0,0,0,9,-1
5310,0.005310000,0.17868,1.25124,0.0,0,0,0,9,-1
5311,0.005311000,0.178656,1.25856,0.0,0,0,0,9,-1
5312,0.005312000,0.178644,1.266,0.0,0,0,0,9,-1
5313,0.005313000,0.17862,1.27332,0.0,0,0,0,9,-1
5314,0.005314000,0.178596,1.28064,0.0,0,0,0,9,-1
5315,0.005315000,0.178572,1.28808,0.0,0,0,0,9,-1
5316,0.005316000,0.178548,1.2954,0.0,0,0,0,9,-1
5317,0.005317000,0.178536,1.30272,0.0,0,0,0,9,-1
5318,0.005318000,0.178512,1.31016,0.0,0,0,0,9,-1
5319,0.005319000,0.178488,1.31748,0.0,0,0,0,9,-1
5320,0.005320000,0.178464,1.3248,0.0,0,0,0,9,-1
5321,0.005321000,0.178452,1.33224,0.0,0,0,0,9,-1
5322,0.005322000,0.178428,1.33956,0.0,0,0,0,9,-1
5323,0.005323000,0.178404,1.34688,0.0,0,0,0,9,-1
5324,0.005324000,0.17838,1.35432,0.0,0,0,0,9,-1
5325,0.005325000,0.178356,1.36164,0.0,0,0,0,9,-1
5326,0.005326000,0.178344,1.36896,0.0,0,0,0,9,-1
5327,0.005327000,0.17832,1.3764,0.0,0,0,0,9,-1
5328,0.005328000,0.178296,1.38372,0.0,0,0,0,9,-1
5329,0.005329000,0.178272,1.39104,0.0,0,0,0,9,-1
5330,0.005330000,0.17826,1.39848,0.0,0,0,0,9,-1
5331,0.005331000,0.178236,1.4058,0.0,0,0,0,9,-1
5332,0.005332000,0.178212,1.41312,0.0,0,0,0,9,-1
5333,0.005333000,0.178188,1.42044,0.0,0,0,0,9,-1
5334,0.005334000,0.178164,1.42788,5.0,1,0,0,9,14
5335,0.005335000,0.178152,1.4352,0.0,0,0,0,9,-1
5336,0.005336000,0.178128,1.44252,0.0,0,0,0,9,-1
5337,0.005337000,0.178104,1.44996,0.0,0,0,0,9,-1
5338,0.005338000,0.17808,1.45728,0.0,0,0,0,9,-1
5339,0.005339000,0.178056,1.4646,0.0,0,0,0,9,-1
5340,0.005340000,0.178044,1.47204,0.0,0,0,0,9,-1
5341,0.005341000,0.17802,1.47936,0.0,0,0,0,9,-1
5342,0.005342000,0.177996,1.48668,0.0,0,0,0,9,-1
5343,0.005343000,0.177972,1.49412,0.0,0,0,0,9,-1
5344,0.005344000,0.17796,1.50144,0.0,0,0,0,9,-1
5345,0.005345000,0.177936,1.50876,0.0,0,0,0,9,-1
5346,0.005346000,0.177912,1.5162,0.0,0,0,0,9,-1
5347,0.005347000,0.177888,1.52352,0.0,0,0,0,9,-1
5348,0.005348000,0.177864,1.53084,0.0,0,0,0,9,-1
5349,0.005349000,0.177852,1.53828,0.0,0,0,0,9,-1
5350,0.005350000,0.177828,1.5456,0.0,0,0,0,9,-1
5351,0.005351000,0.177804,1.55292,0.0,0,0,0,9,-1
5352,0.005352000,0.17778,1.56036,0.0,0,0,0,9,-1
5353,0.005353000,0.177768,1.56768,0.0,0,0,0,9,-1
5354,0.005354000,0.177744,1.575,0.0,0,0,0,9,-1
5355,0.005355000,0.17772,1.58232,0.0,0,0,0,9,-1
5356,0.005356000,0.177696,1.58976,0.0,0,0,0,9,-1
5357,0.005357000,0.177672,1.59708,0.0,0,0,0,9,-1
5358,0.005358000,0.17766,1.6044,0.0,0,0,0,9,-1
5359,0.005359000,0.177636,1.61184,0.0,0,0,0,9,-1
5360,0.005360000,0.177612,1.61916,0.0,0,0,0,9,-1
5361,0.005361000,0.177588,1.62648,0.0,0,0,0,9,-1
5362,0.005362000,0.177564,1.63392,0.0,0,0,0,9,-1
5363,0.005363000,0.177552,1.64124,0.0,0,0,0,9,-1
5364,0.005364000,0.177528,1.64856,5.0,1,1,0,9,15
5365,0.005365000,0.177504,1.656,0.0,0,0,0,-1,-1
5366,0.005366000,0.17748,1.66332,0.0,0,0,0,-1,-1
5367,0.005367000,0.177468,1.67064,0.0,0,0,0,-1,-1
5368,0.005368000,0.181488,1.67712,0.0,0,0,0,-1,-1
5369,0.005369000,0.181476,1.68456,0.0,0,0,0,-1,-1
5370,0.005370000,0.181452,1.69188,0.0,0,0,0,-1,-1
5371,0.005371000,0.185472,1.69836,0.0,0,0,0,-1,-1
5372,0.005372000,0.185448,1.70568,0.0,0,0,0,-1,-1
5373,0.005373000,0.189468,1.71216,0.0,0,0,0,-1,-1
5374,0.005374000,0.193488,1.71864,0.0,0,0,0,-1,-1
5375,0.005375000,0.197508,1.72512,0.0,0,0,0,-1,-1
5376,0.005376000,0.201516,1.7316,0.0,0,0,0,-1,-1
5377,0.005377000,0.205512,1.73808,0.0,0,0,0,-1,-1
5378,0.005378000,0.209544,1.73724,0.0,0,0,0,-1,-1
5379,0.005379000,0.21354,1.7436,0.0,0,0,0,-1,-1
5380,0.005380000,0.217548,1.74276,0.0,0,0,0,-1,-1
5381,0.005381000,0.221556,1.74192,0.0,0,0,0,-1,-1
5382,0.005382000,0.22554,1.74828,0.0,0,0,0,-1,-1
5383,0.005383000,0.229548,1.74744,0.0,0,0,0,-1,-1
5384,0.005384000,0.233544,1.7466,0.0,0,0,0,-1,-1
5385,0.005385000,0.23754,1.74564,0.0,0,0,0,-1,-1
5386,0.005386000,0.241524,1.7448,0.0,0,0,0,-1,-1
5387,0.005387000,0.245508,1.74396,0.0,0,0,0,-1,-1
5388,0.005388000,0.249492,1.743,0.0,0,0,0,-1,-1
5389,0.005389000,0.253488,1.73484,0.0,0,0,0,-1,-1
5390,0.005390000,0.257472,1.734,0.0,0,0,0,-1,-1
5391,0.005391000,0.261432,1.73316,0.0,0,0,0,-1,-1
5392,0.005392000,0.265428,1.725,0.0,0,0,0,-1,-1
5393,0.005393000,0.269388,1.72416,0.0,0,0,0,-1,-1
5394,0.005394000,0.27336,1.716,0.0,0,0,0,-1,-1
5395,0.005395000,0.277344,1.70784,0.0,0,0,0,-1,-1
5396,0.005396000,0.281304,1.6998,0.0,0,0,0,-1,-1
5397,0.005397000,0.285276,1.69164,0.0,0,0,0,-1,-1
5398,0.005398000,0.289236,1.6836,0.0,0,0,0,-1,-1
5399,0.005399000,0.28926,1.67628,0.0,0,0,0,-1,-1
5400,0.005400000,0.29322,1.66824,0.0,0,0,0,-1,-1
5401,0.005401000,0.293244,1.66092,0.0,0,0,0,-1,-1
5402,0.005402000,0.293268,1.65372,0.0,0,0,0,-1,-1
5403,0.005403000,0.297216,1.64568,0.0,0,0,0,-1,-1
5404,0.005404000,0.29724,1.63836,0.0,0,0,0,-1,-1
5405,0.005405000,0.297264,1.63116,0.0,0,0,0,-1,-1
5406,0.005406000,0.297288,1.62396,5.0,1,0,0,10,0
5407,0.005407000,0.2973,1.61664,0.0,0,0,0,10,-1
5408,0.005408000,0.297324,1.60944,0.0,0,0,0,10,-1
5409,0.005409000,0.297348,1.60212,0.0,0,0,0,10,-1
5410,0.005410000,0.297372,1.59492,0.0,0,0,0,10,-1
5411,0.005411000,0.297384,1.58772,0.0,0,0,0,10,-1
5412,0.005412000,0.297408,1.5804,0.0,0,0,0,10,-1
5413,0.005413000,0.297432,1.5732,0.0,0,0,0,10,-1
5414,0.005414000,0.297456,1.56588,0.0,0,0,0,10,-1
5415,0.005415000,0.297468,1.55868,0.0,0,0,0,10,-1
5416,0.005416000,0.297492,1.55148,0.0,0,0,0,10,-1
5417,0.005417000,0.297516,1.54416,0.0,0,0,0,10,-1
5418,0.005418000,0.29754,1.53696,0.0,0,0,0,10,-1
5419,0.005419000,0.297552,1.52964,0.0,0,0,0,10,-1
5420,0.005420000,0.297576,1.52244,0.0,0,0,0,10,-1
5421,0.005421000,0.2976,1.51524,0.0,0,0,0,10,-1
5422,0.005422000,0.297624,1.50792,0.0,0,0,0,10,-1
5423,0.005423000,0.297648,1.50072,0.0,0,0,0,10,-1
5424,0.005424000,0.29766,1.4934,0.0,0,0,0,10,-1
5425,0.005425000,0.297684,1.4862,0.0,0,0,0,10,-1
5426,0.005426000,0.297708,1.479,0.0,0,0,0,10,-1
5427,0.005427000,0.297732,1.47168,0.0,0,0,0,10,-1
5428,0.005428000,0.297744,1.46448,0.0,0,0,0,10,-1
5429,0.005429000,0.297768,1.45716,0.0,0,0,0,10,-1
5430,0.005430000,0.297792,1.44996,0.0,0,0,0,10,-1
5431,0.005431000,0.297816,1.44276,0.0,0,0,0,10,-1
5432,0.005432000,0.297828,1.43544,0.0,0,0,0,10,-1
5433,0.005433000,0.297852,1.42824,0.0,0,0,0,10,-1
5434,0.005434000,0.297876,1.42092,0.0,0,0,0,10,-1
5435,0.005435000,0.2979,1.41372,0.0,0,0,0,10,-1
5436,0.005436000,0.297924,1.40652,5.0,1,0,0,10,1
5437,0.005437000,0.297936,1.3992,0.0,0,0,0,10,-1
5438,0.005438000,0.29796,1.392,0.0,0,0,0,10,-1
5439,0.005439000,0.297984,1.38468,0.0,0,0,0,10,-1
5440,0.005440000,0.298008,1.37748,0.0,0,0,0,10,-1
5441,0.005441000,0.29802,1.37028,0.0,0,0,0,10,-1
5442,0.005442000,0.298044,1.36296,0.0,0,0,0,10,-1
5443,0.005443000,0.298068,1.35576,0.0,0,0,0,10,-1
5444,0.005444000,0.298092,1.34844,0.0,0,0,0,10,-1
5445,0.005445000,0.298104,1.34124,0.0,0,0,0,10,-1
5446,0.005446000,0.298128,1.33404,0.0,0,0,0,10,-1
5447,0.005447000,0.298152,1.32672,0.0,0,0,0,10,-1
5448,0.005448000,0.298176,1.31952,0.0,0,0,0,10,-1
5449,0.005449000,0.2982,1.3122,0.0,0,0,0,10,-1
5450,0.005450000,0.298212,1.305,0.0,0,0,0,10,-1
5451,0.005451000,0.298236,1.2978,0.0,0,0,0,10,-1
5452,0.005452000,0.29826,1.29048,0.0,0,0,0,10,-1
5453,0.005453000,0.298284,1.28328,0.0,0,0,0,10,-1
5454,0.005454000,0.298296,1.27596,0.0,0,0,0,10,-1
5455,0.005455000,0.29832,1.26876,0.0,0,0,0,10,-1
5456,0.005456000,0.298344,1.26144,0.0,0,0,0,10,-1
5457,0.005457000,0.298368,1.25424,0.0,0,0,0,10,-1
5458,0.005458000,0.29838,1.24704,0.0,0,0,0,10,-1
5459,0.005459000,0.298404,1.23972,0.0,0,0,0,10,-1
5460,0.005460000,0.298428,1.23252,0.0,0,0,0,10,-1
5461,0.005461000,0.298452,1.2252,0.0,0,0,0,10,-1
5462,0.005462000,0.298476,1.218,0.0,0,0,0,10,-1
5463,0.005463000,0.298488,1.2108,0.0,0,0,0,10,-1
5464,0.005464000,0.298512,1.20348,0.0,0,0,0,10,-1
5465,0.005465000,0.298536,1.196256,0.0,0,0,0,10,-1
5466,0.005466000,0.29856,1.189008,5.0,1,0,0,10,2
5467,0.005467000,0.298572,1.18176,0.0,0,0,0,10,-1
5468,0.005468000,0.298596,1.174512,0.0,0,0,0,10,-1
5469,0.005469000,0.29862,1.167264,0.0,0,0,0,10,-1
5470,0.005470000,0.298644,1.160016,0.0,0,0,0,10,-1
5471,0.005471000,0.298656,1.152768,0.0,0,0,0,10,-1
5472,0.005472000,0.29868,1.14552,0.0,0,0,0,10,-1
5473,0.005473000,0.298704,1.138272,0.0,0,0,0,10,-1
5474,0.005474000,0.298728,1.131024,0.0,0,0,0,10,-1
5475,0.005475000,0.298752,1.123776,0.0,0,0,0,10,-1
5476,0.005476000,0.298764,1.116528,0.0,0,0,0,10,-1
5477,0.005477000,0.298788,1.10928,0.0,0,0,0,10,-1
5478,0.005478000,0.298812,1.102032,0.0,0,0,0,10,-1
5479,0.005479000,0.298836,1.094784,0.0,0,0,0,10,-1
5480,0.005480000,0.298848,1.087524,0.0,0,0,0,10,-1
5481,0.005481000,0.298872,1.080276,0.0,0,0,0,10,-1
5482,0.005482000,0.298896,1.073028,0.0,0,0,0,10,-1
5483,0.005483000,0.29892,1.06578,0.0,0,0,0,10,-1
5484,0.005484000,0.298932,1.058532,0.0,0,0,0,10,-1
5485,0.005485000,0.298956,1.051284,0.0,0,0,0,10,-1
5486,0.005486000,0.29898,1.044036,0.0,0,0,0,10,-1
5487,0.005487000,0.299004,1.036788,0.0,0,0,0,10,-1
5488,0.005488000,0.299028,1.02954,0.0,0,0,0,10,-1
5489,0.005489000,0.29904,1.022292,0.0,0,0,0,10,-1
5490,0.005490000,0.299064,1.015044,0.0,0,0,0,10,-1
5491,0.005491000,0.299088,1.007796,0.0,0,0,0,10,-1
5492,0.005492000,0.299112,1.000536,0.0,0,0,0,10,-1
5493,0.005493000,0.299124,0.993288,0.0,0,0,0,10,-1
5494,0.005494000,0.299148,0.98604,0.0,0,0,0,10,-1
5495,0.005495000,0.299172,0.978792,0.0,0,0,0,10,-1
5496,0.005496000,0.299196,0.971544,5.0,1,0,0,10,3
5497,0.005497000,0.299208,0.964296,0.0,0,0,0,10,-1
5498,0.005498000,0.299232,0.957048,0.0,0,0,0,10,-1
5499,0.005499000,0.299256,0.9498,0.0,0,0,0,10,-1
5500,0.005500000,0.29928,0.942552,0.0,0,0,0,10,-1
5501,0.005501000,0.299304,0.935304,0.0,0,0,0,10,-1
5502,0.005502000,0.299316,0.928044,0.0,0,0,0,10,-1
5503,0.005503000,0.29934,0.920796,0.0,0,0,0,10,-1
5504,0.005504000,0.299364,0.913548,0.0,0,0,0,10,-1
5505,0.005505000,0.299388,0.9063,0.0,0,0,0,10,-1
5506,0.005506000,0.2994,0.899052,0.0,0,0,0,10,-1
5507,0.005507000,0.299424,0.891804,0.0,0,0,0,10,-1
5508,0.005508000,0.299448,0.884556,0.0,0,0,0,10,-1
5509,0.005509000,0.299472,0.877308,0.0,0,0,0,10,-1
5510,0.005510000,0.299484,0.87006,0.0,0,0,0,10,-1
5511,0.005511000,0.299508,0.8628,0.0,0,0,0,10,-1
5512,0.005512000,0.299532,0.855552,0.0,0,0,0,10,-1
5513,0.005513000,0.299556,0.848304,0.0,0,0,0,10,-1
5514,0.005514000,0.29958,0.841056,0.0,0,0,0,10,-1
5515,0.005515000,0.299592,0.833808,0.0,0,0,0,10,-1
5516,0.005516000,0.299616,0.82656,0.0,0,0,0,10,-1
5517,0.005517000,0.29964,0.819312,0.0,0,0,0,10,-1
5518,0.005518000,0.299664,0.812064,0.0,0,0,0,10,-1
5519,0.005519000,0.299676,0.804804,0.0,0,0,0,10,-1
5520,0.005520000,0.2997,0.797556,0.0,0,0,0,10,-1
5521,0.005521000,0.299724,0.790308,0.0,0,0,0,10,-1
5522,0.005522000,0.299748,0.78306,0.0,0,0,0,10,-1
5523,0.005523000,0.29976,0.775812,0.0,0,0,0,10,-1
5524,0.005524000,0.299784,0.768564,0.0,0,0,0,10,-1
5525,0.005525000,0.299808,0.761316,0.0,0,0,0,10,-1
5526,0.005526000,0.299832,0.754056,5.0,1,0,0,10,4
5527,0.005527000,0.299856,0.746808,0.0,0,0,0,10,-1
5528,0.005528000,0.299868,0.73956,0.0,0,0,0,10,-1
5529,0.005529000,0.299892,0.732312,0.0,0,0,0,10,-1
5530,0.005530000,0.299916,0.725064,0.0,0,0,0,10,-1
5531,0.005531000,0.29994,0.717816,0.0,0,0,0,10,-1
5532,0.005532000,0.299952,0.710568,0.0,0,0,0,10,-1
5533,0.005533000,0.299976,0.703308,0.0,0,0,0,10,-1
5534,0.005534000,0.3,0.69606,0.0,0,0,0,10,-1
5535,0.005535000,0.300024,0.688812,0.0,0,0,0,10,-1
5536,0.005536000,0.300036,0.681564,0.0,0,0,0,10,-1
5537,0.005537000,0.30006,0.674316,0.0,0,0,0,10,-1
5538,0.005538000,0.300084,0.667068,0.0,0,0,0,10,-1
5539,0.005539000,0.300108,0.659808,0.0,0,0,0,10,-1
5540,0.005540000,0.300132,0.65256,0.0,0,0,0,10,-1
5541,0.005541000,0.300144,0.645312,0.0,0,0,0,10,-1
5542,0.005542000,0.300168,0.638064,0.0,0,0,0,10,-1
5543,0.005543000,0.300192,0.630816,0.0,0,0,0,10,-1
5544,0.005544000,0.300216,0.623568,0.0,0,0,0,10,-1
5545,0.005545000,0.300228,0.616308,0.0,0,0,0,10,-1
5546,0.005546000,0.300252,0.60906,0.0,0,0,0,10,-1
5547,0.005547000,0.300276,0.601812,0.0,0,0,0,10,-1
5548,0.005548000,0.3003,0.594564,0.0,0,0,0,10,-1
5549,0.005549000,0.300312,0.587316,0.0,0,0,0,10,-1
5550,0.005550000,0.300336,0.580068,0.0,0,0,0,10,-1
5551,0.005551000,0.30036,0.572808,0.0,0,0,0,10,-1
5552,0.005552000,0.300384,0.56556,0.0,0,0,0,10,-1
5553,0.005553000,0.300396,0.558312,0.0,0,0,0,10,-1
5554,0.005554000,0.30042,0.551064,0.0,0,0,0,10,-1
5555,0.005555000,0.300444,0.543816,0.0,0,0,0,10,-1
5556,0.005556000,0.300468,0.536568,5.0,1,0,0,10,5
5557,0.005557000,0.300492,0.529308,0.0,0,0,0,10,-1
5558,0.005558000,0.300504,0.52206,0.0,0,0,0,10,-1
5559,0.005559000,0.300528,0.514812,0.0,0,0,0,10,-1
5560,0.005560000,0.300552,0.507564,0.0,0,0,0,10,-1
5561,0.005561000,0.300576,0.500316,0.0,0,0,0,10,-1
5562,0.005562000,0.300588,0.493056,0.0,0,0,0,10,-1
5563,0.005563000,0.300612,0.485808,0.0,0,0,0,10,-1
5564,0.005564000,0.300636,0.47856,0.0,0,0,0,10,-1
5565,0.005565000,0.30066,0.471312,0.0,0,0,0,10,-1
5566,0.005566000,0.300672,0.464064,0.0,0,0,0,10,-1
5567,0.005567000,0.300696,0.456804,0.0,0,0,0,10,-1
5568,0.005568000,0.30072,0.449556,0.0,0,0,0,10,-1
5569,0.005569000,0.300744,0.442308,0.0,0,0,0,10,-1
5570,0.005570000,0.300768,0.43506,0.0,0,0,0,10,-1
5571,0.005571000,0.30078,0.427812,0.0,0,0,0,10,-1
5572,0.005572000,0.300804,0.420552,0.0,0,0,0,10,-1
5573,0.005573000,0.300828,0.413304,0.0,0,0,0,10,-1
5574,0.005574000,0.300852,0.406056,0.0,0,0,0,10,-1
5575,0.005575000,0.300864,0.398808,0.0,0,0,0,10,-1
5576,0.005576000,0.300888,0.39156,0.0,0,0,0,10,-1
5577,0.005577000,0.300912,0.3843,0.0,0,0,0,10,-1
5578,0.005578000,0.300936,0.377052,0.0,0,0,0,10,-1
5579,0.005579000,0.300948,0.369804,0.0,0,0,0,10,-1
5580,0.005580000,0.300972,0.362556,0.0,0,0,0,10,-1
5581,0.005581000,0.300996,0.355308,0.0,0,0,0,10,-1
5582,0.005582000,0.30102,0.348048,0.0,0,0,0,10,-1
5583,0.005583000,0.301044,0.3408,0.0,0,0,0,10,-1
5584,0.005584000,0.301056,0.333552,0.0,0,0,0,10,-1
5585,0.005585000,0.30108,0.326304,0.0,0,0,0,10,-1
5586,0.005586000,0.301104,0.319044,5.0,1,0,0,10,6
5587,0.005587000,0.301128,0.311796,0.0,0,0,0,10,-1
5588,0.005588000,0.30114,0.304548,0.0,0,0,0,10,-1
5589,0.005589000,0.301164,0.2973,0.0,0,0,0,10,-1
5590,0.005590000,0.301188,0.29004,0.0,0,0,0,10,-1
5591,0.005591000,0.301212,0.282792,0.0,0,0,0,10,-1
5592,0.005592000,0.301224,0.275544,0.0,0,0,0,10,-1
5593,0.005593000,0.301248,0.268296,0.0,0,0,0,10,-1
5594,0.005594000,0.301272,0.261048,0.0,0,0,0,10,-1
5595,0.005595000,0.301296,0.253788,0.0,0,0,0,10,-1
5596,0.005596000,0.30132,0.24654,0.0,0,0,0,10,-1
5597,0.005597000,0.301332,0.239292,0.0,0,0,0,10,-1
5598,0.005598000,0.301356,0.232044,0.0,0,0,0,10,-1
5599,0.005599000,0.30138,0.224784,0.0,0,0,0,10,-1
5600,0.005600000,0.301404,0.217536,0.0,0,0,0,10,-1
5601,0.005601000,0.301416,0.210288,0.0,0,0,0,10,-1
5602,0.005602000,0.30144,0.20304,0.0,0,0,0,10,-1
5603,0.005603000,0.301464,0.19578,0.0,0,0,0,10,-1
5604,0.005604000,0.301488,0.188532,0.0,0,0,0,10,-1
5605,0.005605000,0.3015,0.181284,0.0,0,0,0,10,-1
5606,0.005606000,0.301524,0.174036,0.0,0,0,0,10,-1
5607,0.005607000,0.301548,0.166776,0.0,0,0,0,10,-1
5608,0.005608000,0.301572,0.159528,0.0,0,0,0,10,-1
5609,0.005609000,0.301596,0.15228,0.0,0,0,0,10,-1
5610,0.005610000,0.301608,0.145032,0.0,0,0,0,10,-1
5611,0.005611000,0.301632,0.137772,0.0,0,0,0,10,-1
5612,0.005612000,0.301656,0.130524,0.0,0,0,0,10,-1
5613,0.005613000,0.30168,0.123276,0.0,0,0,0,10,-1
5614,0.005614000,0.301692,0.116022,0.0,0,0,0,10,-1
5615,0.005615000,0.301716,0.1087704,0.0,0,0,0,10,-1
5616,0.005616000,0.30174,0.1015188,5.0,1,0,0,10,7
5617,0.005617000,0.301764,0.0942684,0.0,0,0,0,10,-1
5618,0.005618000,0.301776,0.0870168,0.0,0,0,0,10,-1
5619,0.005619000,0.3018,0.0797652,0.0,0,0,0,10,-1
5620,0.005620000,0.301824,0.0725136,0.0,0,0,0,10,-1
5621,0.005621000,0.301848,0.0652632,0.0,0,0,0,10,-1
5622,0.005622000,0.301872,0.0580116,0.0,0,0,0,10,-1
5623,0.005623000,0.301884,0.05076,0.0,0,0,0,10,-1
5624,0.005624000,0.301908,0.0435084,0.0,0,0,0,10,-1
5625,0.005625000,0.301932,0.0362568,0.0,0,0,0,10,-1
5626,0.005626000,0.301956,0.0290052,0.0,0,0,0,10,-1
5627,0.005627000,0.301968,0.0217548,0.0,0,0,0,10,-1
5628,0.005628000,0.301992,0.0145032,0.0,0,0,0,10,-1
5629,0.005629000,0.302016,0.00725148,0.0,0,0,0,10,-1
5630,0.005630000,0.30204,0.0,0.0,0,0,0,10,-1
5631,0.005631000,0.302052,-0.00725148,0.0,0,0,0,10,-1
5632,0.005632000,0.302076,-0.0145032,0.0,0,0,0,10,-1
5633,0.005633000,0.3021,-0.0217548,0.0,0,0,0,10,-1
5634,0.005634000,0.302124,-0.0290064,0.0,0,0,0,10,-1
5635,0.005635000,0.302148,-0.036258,0.0,0,0,0,10,-1
5636,0.005636000,0.30216,-0.0435096,0.0,0,0,0,10,-1
5637,0.005637000,0.302184,-0.0507612,0.0,0,0,0,10,-1
5638,0.005638000,0.302208,-0.0580128,0.0,0,0,0,10,-1
5639,0.005639000,0.302232,-0.0652644,0.0,0,0,0,10,-1
5640,0.005640000,0.302244,-0.072516,0.0,0,0,0,10,-1
5641,0.005641000,0.302268,-0.0797676,0.0,0,0,0,10,-1
5642,0.005642000,0.302292,-0.0870192,0.0,0,0,0,10,-1
5643,0.005643000,0.302316,-0.0942708,0.0,0,0,0,10,-1
5644,0.005644000,0.302328,-0.1015224,0.0,0,0,0,10,-1
5645,0.005645000,0.302352,-0.108774,0.0,0,0,0,10,-1
5646,0.005646000,0.302376,-0.1160256,5.0,1,0,0,10,8
5647,0.005647000,0.3024,-0.123276,0.0,0,0,0,10,-1
5648,0.005648000,0.302424,-0.130524,0.0,0,0,0,10,-1
5649,0.005649000,0.302436,-0.137784,0.0,0,0,0,10,-1
5650,0.005650000,0.30246,-0.145032,0.0,0,0,0,10,-1
5651,0.005651000,0.302484,-0.15228,0.0,0,0,0,10,-1
5652,0.005652000,0.302508,-0.15954,0.0,0,0,0,10,-1
5653,0.005653000,0.30252,-0.166788,0.0,0,0,0,10,-1
5654,0.005654000,0.302544,-0.174036,0.0,0,0,0,10,-1
5655,0.005655000,0.302568,-0.181296,0.0,0,0,0,10,-1
5656,0.005656000,0.302592,-0.188544,0.0,0,0,0,10,-1
5657,0.005657000,0.302604,-0.195792,0.0,0,0,0,10,-1
5658,0.005658000,0.302628,-0.203052,0.0,0,0,0,10,-1
5659,0.005659000,0.302652,-0.2103,0.0,0,0,0,10,-1
5660,0.005660000,0.302676,-0.217548,0.0,0,0,0,10,-1
5661,0.005661000,0.3027,-0.224808,0.0,0,0,0,10,-1
5662,0.005662000,0.302712,-0.232056,0.0,0,0,0,10,-1
5663,0.005663000,0.302736,-0.239304,0.0,0,0,0,10,-1
5664,0.005664000,0.30276,-0.246564,0.0,0,0,0,10,-1
5665,0.005665000,0.302784,-0.253812,0.0,0,0,0,10,-1
5666,0.005666000,0.302796,-0.26106,0.0,0,0,0,10,-1
5667,0.005667000,0.30282,-0.26832,0.0,0,0,0,10,-1
5668,0.005668000,0.302844,-0.275568,0.0,0,0,0,10,-1
5669,0.005669000,0.302868,-0.282816,0.0,0,0,0,10,-1
5670,0.005670000,0.302892,-0.290076,0.0,0,0,0,10,-1
5671,0.005671000,0.302904,-0.297324,0.0,0,0,0,10,-1
5672,0.005672000,0.302928,-0.304572,0.0,0,0,0,10,-1
5673,0.005673000,0.302952,-0.311832,0.0,0,0,0,10,-1
5674,0.005674000,0.302976,-0.31908,0.0,0,0,0,10,-1
5675,0.005675000,0.302988,-0.32634,0.0,0,0,0,10,-1
5676,0.005676000,0.303012,-0.333588,5.0,1,0,0,10,9
5677,0.005677000,0.303036,-0.340836,0.0,0,0,0,10,-1
5678,0.005678000,0.30306,-0.348096,0.0,0,0,0,10,-1
5679,0.005679000,0.303072,-0.355344,0.0,0,0,0,10,-1
5680,0.005680000,0.303096,-0.362592,0.0,0,0,0,10,-1
5681,0.005681000,0.30312,-0.369852,0.0,0,0,0,10,-1
5682,0.005682000,0.303144,-0.3771,0.0,0,0,0,10,-1
5683,0.005683000,0.303168,-0.384348,0.0,0,0,0,10,-1
5684,0.005684000,0.30318,-0.391608,0.0,0,0,0,10,-1
5685,0.005685000,0.303204,-0.398856,0.0,0,0,0,10,-1
5686,0.005686000,0.303228,-0.406104,0.0,0,0,0,10,-1
5687,0.005687000,0.303252,-0.413364,0.0,0,0,0,10,-1
5688,0.005688000,0.303264,-0.420612,0.0,0,0,0,10,-1
5689,0.005689000,0.303288,-0.427872,0.0,0,0,0,10,-1
5690,0.005690000,0.303312,-0.43512,0.0,0,0,0,10,-1
5691,0.005691000,0.303336,-0.442368,0.0,0,0,0,10,-1
5692,0.005692000,0.303348,-0.449628,0.0,0,0,0,10,-1
5693,0.005693000,0.303372,-0.456876,0.0,0,0,0,10,-1
5694,0.005694000,0.303396,-0.464136,0.0,0,0,0,10,-1
5695,0.005695000,0.30342,-0.471384,0.0,0,0,0,10,-1
5696,0.005696000,0.303444,-0.478632,0.0,0,0,0,10,-1
5697,0.005697000,0.303456,-0.485892,0.0,0,0,0,10,-1
5698,0.005698000,0.30348,-0.49314,0.0,0,0,0,10,-1
5699,0.005699000,0.303504,-0.500388,0.0,0,0,0,10,-1
5700,0.005700000,0.303528,-0.507648,0.0,0,0,0,10,-1
5701,0.005701000,0.30354,-0.514896,0.0,0,0,0,10,-1
5702,0.005702000,0.303564,-0.522156,0.0,0,0,0,10,-1
5703,0.005703000,0.303588,-0.529404,0.0,0,0,0,10,-1
5704,0.005704000,0.303612,-0.536652,0.0,0,0,0,10,-1
5705,0.005705000,0.303624,-0.543912,0.0,0,0,0,10,-1
5706,0.005706000,0.303648,-0.55116,5.0,1,0,0,10,10
5707,0.005707000,0.303672,-0.55842,0.0,0,0,0,10,-1
5708,0.005708000,0.303696,-0.565668,0.0,0,0,0,10,-1
5709,0.005709000,0.30372,-0.572916,0.0,0,0,0,10,-1
5710,0.005710000,0.303732,-0.580176,0.0,0,0,0,10,-1
5711,0.005711000,0.303756,-0.587424,0.0,0,0,0,10,-1
5712,0.005712000,0.30378,-0.594684,0.0,0,0,0,10,-1
5713,0.005713000,0.303804,-0.601932,0.0,0,0,0,10,-1
5714,0.005714000,0.303816,-0.60918,0.0,0,0,0,10,-1
5715,0.005715000,0.30384,-0.61644,0.0,0,0,0,10,-1
5716,0.005716000,0.303864,-0.623688,0.0,0,0,0,10,-1
5717,0.005717000,0.303888,-0.630948,0.0,0,0,0,10,-1
5718,0.005718000,0.3039,-0.638196,0.0,0,0,0,10,-1
5719,0.005719000,0.303924,-0.645456,0.0,0,0,0,10,-1
5720,0.005720000,0.303948,-0.652704,0.0,0,0,0,10,-1
5721,0.005721000,0.303972,-0.659952,0.0,0,0,0,10,-1
5722,0.005722000,0.303996,-0.667212,0.0,0,0,0,10,-1
5723,0.005723000,0.304008,-0.67446,0.0,0,0,0,10,-1
5724,0.005724000,0.304032,-0.68172,0.0,0,0,0,10,-1
5725,0.005725000,0.304056,-0.688968,0.0,0,0,0,10,-1
5726,0.005726000,0.30408,-0.696216,0.0,0,0,0,10,-1
5727,0.005727000,0.304092,-0.703476,0.0,0,0,0,10,-1
5728,0.005728000,0.304116,-0.710724,0.0,0,0,0,10,-1
5729,0.005729000,0.30414,-0.717984,0.0,0,0,0,10,-1
5730,0.005730000,0.304164,-0.725232,0.0,0,0,0,10,-1
5731,0.005731000,0.304176,-0.732492,0.0,0,0,0,10,-1
5732,0.005732000,0.3042,-0.73974,0.0,0,0,0,10,-1
5733,0.005733000,0.304224,-0.746988,0.0,0,0,0,10,-1
5734,0.005734000,0.304248,-0.754248,0.0,0,0,0,10,-1
5735,0.005735000,0.304272,-0.761496,0.0,0,0,0,10,-1
5736,0.005736000,0.304284,-0.768756,5.0,1,0,0,10,11
5737,0.005737000,0.304308,-0.776004,0.0,0,0,0,10,-1
5738,0.005738000,0.304332,-0.783264,0.0,0,0,0,10,-1
5739,0.005739000,0.304356,-0.790512,0.0,0,0,0,10,-1
5740,0.005740000,0.304368,-0.797772,0.0,0,0,0,10,-1
5741,0.005741000,0.304392,-0.80502,0.0,0,0,0,10,-1
5742,0.005742000,0.304416,-0.812268,0.0,0,0,0,10,-1
5743,0.005743000,0.30444,-0.819528,0.0,0,0,0,10,-1
5744,0.005744000,0.304452,-0.826776,0.0,0,0,0,10,-1
5745,0.005745000,0.304476,-0.834036,0.0,0,0,0,10,-1
5746,0.005746000,0.3045,-0.841284,0.0,0,0,0,10,-1
5747,0.005747000,0.304524,-0.848544,0.0,0,0,0,10,-1
5748,0.005748000,0.304548,-0.855792,0.0,0,0,0,10,-1
5749,0.005749000,0.30456,-0.863052,0.0,0,0,0,10,-1
5750,0.005750000,0.304584,-0.8703,0.0,0,0,0,10,-1
5751,0.005751000,0.304608,-0.87756,0.0,0,0,0,10,-1
5752,0.005752000,0.304632,-0.884808,0.0,0,0,0,10,-1
5753,0.005753000,0.304644,-0.892068,0.0,0,0,0,10,-1
5754,0.005754000,0.304668,-0.899316,0.0,0,0,0,10,-1
5755,0.005755000,0.304692,-0.906564,0.0,0,0,0,10,-1
5756,0.005756000,0.304716,-0.913824,0.0,0,0,0,10,-1
5757,0.005757000,0.304728,-0.921072,0.0,0,0,0,10,-1
5758,0.005758000,0.304752,-0.928332,0.0,0,0,0,10,-1
5759,0.005759000,0.304776,-0.93558,0.0,0,0,0,10,-1
5760,0.005760000,0.3048,-0.94284,0.0,0,0,0,10,-1
5761,0.005761000,0.304824,-0.950088,0.0,0,0,0,10,-1
5762,0.005762000,0.304836,-0.957348,0.0,0,0,0,10,-1
5763,0.005763000,0.30486,-0.964596,0.0,0,0,0,10,-1
5764,0.005764000,0.304884,-0.971856,0.0,0,0,0,10,-1
5765,0.005765000,0.304908,-0.979104,0.0,0,0,0,10,-1
5766,0.005766000,0.30492,-0.986364,5.0,1,0,0,10,12
5767,0.005767000,0.304944,-0.993612,0.0,0,0,0,10,-1
5768,0.005768000,0.304968,-1.000872,0.0,0,0,0,10,-1
5769,0.005769000,0.304992,-1.00812,0.0,0,0,0,10,-1
5770,0.005770000,0.305004,-1.01538,0.0,0,0,0,10,-1
5771,0.005771000,0.305028,-1.022628,0.0,0,0,0,10,-1
5772,0.005772000,0.305052,-1.029888,0.0,0,0,0,10,-1
5773,0.005773000,0.305076,-1.037136,0.0,0,0,0,10,-1
5774,0.005774000,0.3051,-1.044396,0.0,0,0,0,10,-1
5775,0.005775000,0.305112,-1.051644,0.0,0,0,0,10,-1
5776,0.005776000,0.305136,-1.058904,0.0,0,0,0,10,-1
5777,0.005777000,0.30516,-1.066152,0.0,0,0,0,10,-1
5778,0.005778000,0.305184,-1.073412,0.0,0,0,0,10,-1
5779,0.005779000,0.305196,-1.08066,0.0,0,0,0,10,-1
5780,0.005780000,0.30522,-1.08792,0.0,0,0,0,10,-1
5781,0.005781000,0.305244,-1.095168,0.0,0,0,0,10,-1
5782,0.005782000,0.305268,-1.102428,0.0,0,0,0,10,-1
5783,0.005783000,0.30528,-1.109676,0.0,0,0,0,10,-1
5784,0.005784000,0.305304,-1.116936,0.0,0,0,0,10,-1
5785,0.005785000,0.305328,-1.124184,0.0,0,0,0,10,-1
5786,0.005786000,0.305352,-1.131444,0.0,0,0,0,10,-1
5787,0.005787000,0.305376,-1.138692,0.0,0,0,0,10,-1
5788,0.005788000,0.305388,-1.145952,0.0,0,0,0,10,-1
5789,0.005789000,0.305412,-1.1532,0.0,0,0,0,10,-1
5790,0.005790000,0.305436,-1.16046,0.0,0,0,0,10,-1
5791,0.005791000,0.30546,-1.167708,0.0,0,0,0,10,-1
5792,0.005792000,0.305472,-1.174968,0.0,0,0,0,10,-1
5793,0.005793000,0.305496,-1.182216,0.0,0,0,0,10,-1
5794,0.005794000,0.30552,-1.189476,0.0,0,0,0,10,-1
5795,0.005795000,0.305544,-1.196724,0.0,0,0,0,10,-1
5796,0.005796000,0.305556,-1.20396,5.0,1,0,0,10,13
5797,0.005797000,0.30558,-1.21128,0.0,0,0,0,10,-1
5798,0.005798000,0.305604,-1.21848,0.0,0,0,0,10,-1
5799,0.005799000,0.305628,-1.2258,0.0,0,0,0,10,-1
5800,0.005800000,0.305652,-1.233,0.0,0,0,0,10,-1
5801,0.005801000,0.305664,-1.2402,0.0,0,0,0,10,-1
5802,0.005802000,0.305688,-1.24752,0.0,0,0,0,10,-1
5803,0.005803000,0.305712,-1.25472,0.0,0,0,0,10,-1
5804,0.005804000,0.305736,-1.26204,0.0,0,0,0,10,-1
5805,0.005805000,0.305748,-1.26924,0.0,0,0,0,10,-1
5806,0.005806000,0.305772,-1.27656,0.0,0,0,0,10,-1
5807,0.005807000,0.305796,-1.28376,0.0,0,0,0,10,-1
5808,0.005808000,0.30582,-1.29108,0.0,0,0,0,10,-1
5809,0.005809000,0.305832,-1.29828,0.0,0,0,0,10,-1
5810,0.005810000,0.305856,-1.3056,0.0,0,0,0,10,-1
5811,0.005811000,0.30588,-1.3128,0.0,0,0,0,10,-1
5812,0.005812000,0.305904,-1.32,0.0,0,0,0,10,-1
5813,0.005813000,0.305928,-1.32732,0.0,0,0,0,10,-1
5814,0.005814000,0.30594,-1.33452,0.0,0,0,0,10,-1
5815,0.005815000,0.305964,-1.34184,0.0,0,0,0,10,-1
5816,0.005816000,0.305988,-1.34904,0.0,0,0,0,10,-1
5817,0.005817000,0.306012,-1.35636,0.0,0,0,0,10,-1
5818,0.005818000,0.306024,-1.36356,0.0,0,0,0,10,-1
5819,0.005819000,0.306048,-1.37088,0.0,0,0,0,10,-1
5820,0.005820000,0.306072,-1.37808,0.0,0,0,0,10,-1
5821,0.005821000,0.306096,-1.3854,0.0,0,0,0,10,-1
5822,0.005822000,0.30612,-1.3926,0.0,0,0,0,10,-1
5823,0.005823000,0.306132,-1.3998,0.0,0,0,0,10,-1
5824,0.005824000,0.306156,-1.40712,0.0,0,0,0,10,-1
5825,0.005825000,0.30618,-1.41432,0.0,0,0,0,10,-1
5826,0.005826000,0.306204,-1.42164,5.0,1,0,0,10,14
5827,0.005827000,0.306216,-1.42884,0.0,0,0,0,10,-1
5828,0.005828000,0.30624,-1.43616,0.0,0,0,0,10,-1
5829,0.005829000,0.306264,-1.44336,0.0,0,0,0,10,-1
5830,0.005830000,0.306288,-1.45068,0.0,0,0,0,10,-1
5831,0.005831000,0.3063,-1.45788,0.0,0,0,0,10,-1
5832,0.005832000,0.306324,-1.4652,0.0,0,0,0,10,-1
5833,0.005833000,0.306348,-1.4724,0.0,0,0,0,10,-1
5834,0.005834000,0.306372,-1.47972,0.0,0,0,0,10,-1
5835,0.005835000,0.306396,-1.48692,0.0,0,0,0,10,-1
5836,0.005836000,0.306408,-1.49412,0.0,0,0,0,10,-1
5837,0.005837000,0.306432,-1.50144,0.0,0,0,0,10,-1
5838,0.005838000,0.306456,-1.50864,0.0,0,0,0,10,-1
5839,0.005839000,0.30648,-1.51596,0.0,0,0,0,10,-1
5840,0.005840000,0.306492,-1.52316,0.0,0,0,0,10,-1
5841,0.005841000,0.306516,-1.53048,0.0,0,0,0,10,-1
5842,0.005842000,0.30654,-1.53768,0.0,0,0,0,10,-1
5843,0.005843000,0.306564,-1.545,0.0,0,0,0,10,-1
5844,0.005844000,0.306576,-1.5522,0.0,0,0,0,10,-1
5845,0.005845000,0.3066,-1.55952,0.0,0,0,0,10,-1
5846,0.005846000,0.306624,-1.56672,0.0,0,0,0,10,-1
5847,0.005847000,0.306648,-1.57392,0.0,0,0,0,10,-1
5848,0.005848000,0.306672,-1.58124,0.0,0,0,0,10,-1
5849,0.005849000,0.306684,-1.58844,0.0,0,0,0,10,-1
5850,0.005850000,0.306708,-1.59576,0.0,0,0,0,10,-1
5851,0.005851000,0.306732,-1.60296,0.0,0,0,0,10,-1
5852,0.005852000,0.306756,-1.61028,0.0,0,0,0,10,-1
5853,0.005853000,0.306768,-1.61748,0.0,0,0,0,10,-1
5854,0.005854000,0.306792,-1.6248,0.0,0,0,0,10,-1
5855,0.005855000,0.306816,-1.632,0.0,0,0,0,10,-1
5856,0.005856000,0.30684,-1.63932,5.0,1,1,0,10,15
5857,0.005857000,0.306852,-1.64652,0.0,0,0,0,-1,-1
5858,0.005858000,0.306876,-1.65384,0.0,0,0,0,-1,-1
5859,0.005859000,0.3069,-1.66104,0.0,0,0,0,-1,-1
5860,0.005860000,0.306924,-1.66824,0.0,0,0,0,-1,-1
5861,0.005861000,0.310872,-1.67472,0.0,0,0,0,-1,-1
5862,0.005862000,0.310896,-1.68192,0.0,0,0,0,-1,-1
5863,0.005863000,0.310908,-1.68924,0.0,0,0,0,-1,-1
5864,0.005864000,0.314856,-1.6956,0.0,0,0,0,-1,-1
5865,0.005865000,0.31488,-1.70292,0.0,0,0,0,-1,-1
5866,0.005866000,0.318816,-1.70928,0.0,0,0,0,-1,-1
5867,0.005867000,0.322752,-1.71564,0.0,0,0,0,-1,-1
5868,0.005868000,0.326688,-1.722,0.0,0,0,0,-1,-1
5869,0.005869000,0.330612,-1.72836,0.0,0,0,0,-1,-1
5870,0.005870000,0.334548,-1.73484,0.0,0,0,0,-1,-1
5871,0.005871000,0.338448,-1.73388,0.0,0,0,0,-1,-1
5872,0.005872000,0.34236,-1.74024,0.0,0,0,0,-1,-1
5873,0.005873000,0.346248,-1.7394,0.0,0,0,0,-1,-1
5874,0.005874000,0.350136,-1.73856,0.0,0,0,0,-1,-1
5875,0.005875000,0.354048,-1.74492,0.0,0,0,0,-1,-1
5876,0.005876000,0.357924,-1.74408,0.0,0,0,0,-1,-1
5877,0.005877000,0.3618,-1.74312,0.0,0,0,0,-1,-1
5878,0.005878000,0.365676,-1.74228,0.0,0,0,0,-1,-1
5879,0.005879000,0.369552,-1.74144,0.0,0,0,0,-1,-1
5880,0.005880000,0.373416,-1.7406,0.0,0,0,0,-1,-1
5881,0.005881000,0.377268,-1.73976,0.0,0,0,0,-1,-1
5882,0.005882000,0.381108,-1.73172,0.0,0,0,0,-1,-1
5883,0.005883000,0.38496,-1.73076,0.0,0,0,0,-1,-1
5884,0.005884000,0.388812,-1.72992,0.0,0,0,0,-1,-1
5885,0.005885000,0.39264,-1.72188,0.0,0,0,0,-1,-1
5886,0.005886000,0.39648,-1.72104,0.0,0,0,0,-1,-1
5887,0.005887000,0.400296,-1.713,0.0,0,0,0,-1,-1
5888,0.005888000,0.404112,-1.70508,0.0,0,0,0,-1,-1
5889,0.005889000,0.407916,-1.69704,0.0,0,0,0,-1,-1
5890,0.005890000,0.411732,-1.689,0.0,0,0,0,-1,-1
5891,0.005891000,0.415536,-1.68108,0.0,0,0,0,-1,-1
5892,0.005892000,0.415512,-1.67388,0.0,0,0,0,-1,-1
5893,0.005893000,0.419304,-1.66596,0.0,0,0,0,-1,-1
5894,0.005894000,0.419292,-1.65876,0.0,0,0,0,-1,-1
5895,0.005895000,0.419268,-1.65168,0.0,0,0,0,-1,-1
5896,0.005896000,0.42306,-1.64364,0.0,0,0,0,-1,-1
5897,0.005897000,0.423036,-1.63656,0.0,0,0,0,-1,-1
5898,0.005898000,0.423024,-1.62936,0.0,0,0,0,-1,-1
5899,0.005899000,0.423,-1.62216,0.0,0,0,0,-1,-1
5900,0.005900000,0.422976,-1.61508,5.0,1,0,0,11,0
5901,0.005901000,0.422952,-1.60788,0.0,0,0,0,11,-1
5902,0.005902000,0.42294,-1.6008,0.0,0,0,0,11,-1
5903,0.005903000,0.422916,-1.5936,0.0,0,0,0,11,-1
5904,0.005904000,0.422892,-1.58652,0.0,0,0,0,11,-1
5905,0.005905000,0.422868,-1.57932,0.0,0,0,0,11,-1
5906,0.005906000,0.422856,-1.57212,0.0,0,0,0,11,-1
5907,0.005907000,0.422832,-1.56504,0.0,0,0,0,11,-1
5908,0.005908000,0.422808,-1.55784,0.0,0,0,0,11,-1
5909,0.005909000,0.422784,-1.55076,0.0,0,0,0,11,-1
5910,0.005910000,0.422772,-1.54356,0.0,0,0,0,11,-1
5911,0.005911000,0.422748,-1.53648,0.0,0,0,0,11,-1
5912,0.005912000,0.422724,-1.52928,0.0,0,0,0,11,-1
5913,0.005913000,0.4227,-1.5222,0.0,0,0,0,11,-1
5914,0.005914000,0.422676,-1.515,0.0,0,0,0,11,-1
5915,0.005915000,0.422664,-1.5078,0.0,0,0,0,11,-1
5916,0.005916000,0.42264,-1.50072,0.0,0,0,0,11,-1
5917,0.005917000,0.422616,-1.49352,0.0,0,0,0,11,-1
5918,0.005918000,0.422592,-1.48644,0.0,0,0,0,11,-1
5919,0.005919000,0.42258,-1.47924,0.0,0,0,0,11,-1
5920,0.005920000,0.422556,-1.47216,0.0,0,0,0,11,-1
5921,0.005921000,0.422532,-1.46496,0.0,0,0,0,11,-1
5922,0.005922000,0.422508,-1.45776,0.0,0,0,0,11,-1
5923,0.005923000,0.422496,-1.45068,0.0,0,0,0,11,-1
5924,0.005924000,0.422472,-1.44348,0.0,0,0,0,11,-1
5925,0.005925000,0.422448,-1.4364,0.0,0,0,0,11,-1
5926,0.005926000,0.422424,-1.4292,0.0,0,0,0,11,-1
5927,0.005927000,0.422412,-1.42212,0.0,0,0,0,11,-1
5928,0.005928000,0.422388,-1.41492,0.0,0,0,0,11,-1
5929,0.005929000,0.422364,-1.40772,0.0,0,0,0,11,-1
5930,0.005930000,0.42234,-1.40064,5.0,1,0,0,11,1
5931,0.005931000,0.422328,-1.39344,0.0,0,0,0,11,-1
5932,0.005932000,0.422304,-1.38636,0.0,0,0,0,11,-1
5933,0.005933000,0.42228,-1.37916,0.0,0,0,0,11,-1
5934,0.005934000,0.422256,-1.37208,0.0,0,0,0,11,-1
5935,0.005935000,0.422244,-1.36488,0.0,0,0,0,11,-1
5936,0.005936000,0.42222,-1.3578,0.0,0,0,0,11,-1
5937,0.005937000,0.422196,-1.3506,0.0,0,0,0,11,-1
5938,0.005938000,0.422172,-1.3434,0.0,0,0,0,11,-1
5939,0.005939000,0.42216,-1.33632,0.0,0,0,0,11,-1
5940,0.005940000,0.422136,-1.32912,0.0,0,0,0,11,-1
5941,0.005941000,0.422112,-1.32204,0.0,0,0,0,11,-1
5942,0.005942000,0.422088,-1.31484,0.0,0,0,0,11,-1
5943,0.005943000,0.422076,-1.30776,0.0,0,0,0,11,-1
5944,0.005944000,0.422052,-1.30056,0.0,0,0,0,11,-1
5945,0.005945000,0.422028,-1.29336,0.0,0,0,0,11,-1
5946,0.005946000,0.422004,-1.28628,0.0,0,0,0,11,-1
5947,0.005947000,0.421992,-1.27908,0.0,0,0,0,11,-1
5948,0.005948000,0.421968,-1.272,0.0,0,0,0,11,-1
5949,0.005949000,0.421944,-1.2648,0.0,0,0,0,11,-1
5950,0.005950000,0.42192,-1.25772,0.0,0,0,0,11,-1
5951,0.005951000,0.421908,-1.25052,0.0,0,0,0,11,-1
5952,0.005952000,0.421884,-1.24344,0.0,0,0,0,11,-1
5953,0.005953000,0.42186,-1.23624,0.0,0,0,0,11,-1
5954,0.005954000,0.421836,-1.22904,0.0,0,0,0,11,-1
5955,0.005955000,0.421824,-1.22196,0.0,0,0,0,11,-1
5956,0.005956000,0.4218,-1.21476,0.0,0,0,0,11,-1
5957,0.005957000,0.421776,-1.20768,0.0,0,0,0,11,-1
5958,0.005958000,0.421752,-1.20048,0.0,0,0,0,11,-1
5959,0.005959000,0.421728,-1.193352,0.0,0,0,0,11,-1
5960,0.005960000,0.421716,-1.1862,5.0,1,0,0,11,2
5961,0.005961000,0.421692,-1.17906,0.0,0,0,0,11,-1
5962,0.005962000,0.421668,-1.171908,0.0,0,0,0,11,-1
5963,0.005963000,0.421644,-1.164768,0.0,0,0,0,11,-1
5964,0.005964000,0.421632,-1.157616,0.0,0,0,0,11,-1
5965,0.005965000,0.421608,-1.150464,0.0,0,0,0,11,-1
5966,0.005966000,0.421584,-1.143324,0.0,0,0,0,11,-1
5967,0.005967000,0.42156,-1.136172,0.0,0,0,0,11,-1
5968,0.005968000,0.421548,-1.129032,0.0,0,0,0,11,-1
5969,0.005969000,0.421524,-1.12188,0.0,0,0,0,11,-1
5970,0.005970000,0.4215,-1.114728,0.0,0,0,0,11,-1
5971,0.005971000,0.421476,-1.107588,0.0,0,0,0,11,-1
5972,0.005972000,0.421464,-1.100436,0.0,0,0,0,11,-1
5973,0.005973000,0.42144,-1.093296,0.0,0,0,0,11,-1
5974,0.005974000,0.421416,-1.086144,0.0,0,0,0,11,-1
5975,0.005975000,0.421392,-1.079004,0.0,0,0,0,11,-1
5976,0.005976000,0.42138,-1.071852,0.0,0,0,0,11,-1
5977,0.005977000,0.421356,-1.0647,0.0,0,0,0,11,-1
5978,0.005978000,0.421332,-1.05756,0.0,0,0,0,11,-1
5979,0.005979000,0.421308,-1.050408,0.0,0,0,0,11,-1
5980,0.005980000,0.421296,-1.043268,0.0,0,0,0,11,-1
5981,0.005981000,0.421272,-1.036116,0.0,0,0,0,11,-1
5982,0.005982000,0.421248,-1.028976,0.0,0,0,0,11,-1
5983,0.005983000,0.421224,-1.021824,0.0,0,0,0,11,-1
5984,0.005984000,0.421212,-1.014672,0.0,0,0,0,11,-1
5985,0.005985000,0.421188,-1.007532,0.0,0,0,0,11,-1
5986,0.005986000,0.421164,-1.00038,0.0,0,0,0,11,-1
5987,0.005987000,0.42114,-0.99324,0.0,0,0,0,11,-1
5988,0.005988000,0.421128,-0.986088,0.0,0,0,0,11,-1
5989,0.005989000,0.421104,-0.978948,0.0,0,0,0,11,-1
5990,0.005990000,0.42108,-0.971796,5.0,1,0,0,11,3
5991,0.005991000,0.421056,-0.964644,0.0,0,0,0,11,-1
5992,0.005992000,0.421044,-0.957504,0.0,0,0,0,11,-1
5993,0.005993000,0.42102,-0.950352,0.0,0,0,0,11,-1
5994,0.005994000,0.420996,-0.943212,0.0,0,0,0,11,-1
5995,0.005995000,0.420972,-0.93606,0.0,0,0,0,11,-1
5996,0.005996000,0.42096,-0.92892,0.0,0,0,0,11,-1
5997,0.005997000,0.420936,-0.921768,0.0,0,0,0,11,-1
5998,0.005998000,0.420912,-0.914628,0.0,0,0,0,11,-1
5999,0.005999000,0.420888,-0.907476,0.0,0,0,0,11,-1
6000,0.006000000,0.420876,-0.900336,0.0,0,0,0,11,-1
6001,0.006001000,0.420852,-0.893184,0.0,0,0,0,11,-1
6002,0.006002000,0.420828,-0.886032,0.0,0,0,0,11,-1
6003,0.006003000,0.420804,-0.878892,0.0,0,0,0,11,-1
6004,0.006004000,0.420792,-0.87174,0.0,0,0,0,11,-1
6005,0.006005000,0.420768,-0.8646,0.0,0,0,0,11,-1
6006,0.006006000,0.420744,-0.857448,0.0,0,0,0,11,-1
6007,0.006007000,0.42072,-0.850308,0.0,0,0,0,11,-1
6008,0.006008000,0.420696,-0.843156,0.0,0,0,0,11,-1
6009,0.006009000,0.420684,-0.836016,0.0,0,0,0,11,-1
6010,0.006010000,0.42066,-0.828864,0.0,0,0,0,11,-1
6011,0.006011000,0.420636,-0.821724,0.0,0,0,0,11,-1
6012,0.006012000,0.420612,-0.814572,0.0,0,0,0,11,-1
6013,0.006013000,0.4206,-0.807432,0.0,0,0,0,11,-1
6014,0.006014000,0.420576,-0.80028,0.0,0,0,0,11,-1
6015,0.006015000,0.420552,-0.79314,0.0,0,0,0,11,-1
6016,0.006016000,0.420528,-0.785988,0.0,0,0,0,11,-1
6017,0.006017000,0.420516,-0.778836,0.0,0,0,0,11,-1
6018,0.006018000,0.420492,-0.771696,0.0,0,0,0,11,-1
6019,0.006019000,0.420468,-0.764544,0.0,0,0,0,11,-1
6020,0.006020000,0.420444,-0.757404,5.0,1,0,0,11,4
6021,0.006021000,0.420432,-0.750252,0.0,0,0,0,11,-1
6022,0.006022000,0.420408,-0.743112,0.0,0,0,0,11,-1
6023,0.006023000,0.420384,-0.73596,0.0,0,0,0,11,-1
6024,0.006024000,0.42036,-0.72882,0.0,0,0,0,11,-1
6025,0.006025000,0.420348,-0.721668,0.0,0,0,0,11,-1
6026,0.006026000,0.420324,-0.714528,0.0,0,0,0,11,-1
6027,0.006027000,0.4203,-0.707376,0.0,0,0,0,11,-1
6028,0.006028000,0.420276,-0.700236,0.0,0,0,0,11,-1
6029,0.006029000,0.420264,-0.693084,0.0,0,0,0,11,-1
6030,0.006030000,0.42024,-0.685944,0.0,0,0,0,11,-1
6031,0.006031000,0.420216,-0.678792,0.0,0,0,0,11,-1
6032,0.006032000,0.420192,-0.671652,0.0,0,0,0,11,-1
6033,0.006033000,0.42018,-0.6645,0.0,0,0,0,11,-1
6034,0.006034000,0.420156,-0.65736,0.0,0,0,0,11,-1
6035,0.006035000,0.420132,-0.650208,0.0,0,0,0,11,-1
6036,0.006036000,0.420108,-0.643068,0.0,0,0,0,11,-1
6037,0.006037000,0.420096,-0.635916,0.0,0,0,0,11,-1
6038,0.006038000,0.420072,-0.628776,0.0,0,0,0,11,-1
6039,0.006039000,0.420048,-0.621624,0.0,0,0,0,11,-1
6040,0.006040000,0.420024,-0.614484,0.0,0,0,0,11,-1
6041,0.006041000,0.420012,-0.607332,0.0,0,0,0,11,-1
6042,0.006042000,0.419988,-0.600192,0.0,0,0,0,11,-1
6043,0.006043000,0.419964,-0.59304,0.0,0,0,0,11,-1
6044,0.006044000,0.41994,-0.5859,0.0,0,0,0,11,-1
6045,0.006045000,0.419928,-0.578748,0.0,0,0,0,11,-1
6046,0.006046000,0.419904,-0.571608,0.0,0,0,0,11,-1
6047,0.006047000,0.41988,-0.564456,0.0,0,0,0,11,-1
6048,0.006048000,0.419856,-0.557316,0.0,0,0,0,11,-1
6049,0.006049000,0.419844,-0.550176,0.0,0,0,0,11,-1
6050,0.006050000,0.41982,-0.543024,5.0,1,0,0,11,5
6051,0.006051000,0.419796,-0.535884,0.0,0,0,0,11,-1
6052,0.006052000,0.419772,-0.528732,0.0,0,0,0,11,-1
6053,0.006053000,0.41976,-0.521592,0.0,0,0,0,11,-1
6054,0.006054000,0.419736,-0.51444,0.0,0,0,0,11,-1
6055,0.006055000,0.419712,-0.5073,0.0,0,0,0,11,-1
6056,0.006056000,0.419688,-0.500148,0.0,0,0,0,11,-1
6057,0.006057000,0.419676,-0.493008,0.0,0,0,0,11,-1
6058,0.006058000,0.419652,-0.485856,0.0,0,0,0,11,-1
6059,0.006059000,0.419628,-0.478716,0.0,0,0,0,11,-1
6060,0.006060000,0.419604,-0.471564,0.0,0,0,0,11,-1
6061,0.006061000,0.41958,-0.464424,0.0,0,0,0,11,-1
6062,0.006062000,0.419568,-0.457272,0.0,0,0,0,11,-1
6063,0.006063000,0.419544,-0.450132,0.0,0,0,0,11,-1
6064,0.006064000,0.41952,-0.442992,0.0,0,0,0,11,-1
6065,0.006065000,0.419496,-0.43584,0.0,0,0,0,11,-1
6066,0.006066000,0.419484,-0.4287,0.0,0,0,0,11,-1
6067,0.006067000,0.41946,-0.421548,0.0,0,0,0,11,-1
6068,0.006068000,0.419436,-0.414408,0.0,0,0,0,11,-1
6069,0.006069000,0.419412,-0.407256,0.0,0,0,0,11,-1
6070,0.006070000,0.4194,-0.400116,0.0,0,0,0,11,-1
6071,0.006071000,0.419376,-0.392964,0.0,0,0,0,11,-1
6072,0.006072000,0.419352,-0.385824,0.0,0,0,0,11,-1
6073,0.006073000,0.419328,-0.378684,0.0,0,0,0,11,-1
6074,0.006074000,0.419316,-0.371532,0.0,0,0,0,11,-1
6075,0.006075000,0.419292,-0.364392,0.0,0,0,0,11,-1
6076,0.006076000,0.419268,-0.35724,0.0,0,0,0,11,-1
6077,0.006077000,0.419244,-0.3501,0.0,0,0,0,11,-1
6078,0.006078000,0.419232,-0.342948,0.0,0,0,0,11,-1
6079,0.006079000,0.419208,-0.335808,0.0,0,0,0,11,-1
6080,0.006080000,0.419184,-0.328656,5.0,1,0,0,11,6
6081,0.006081000,0.41916,-0.321516,0.0,0,0,0,11,-1
6082,0.006082000,0.419148,-0.314376,0.0,0,0,0,11,-1
6083,0.006083000,0.419124,-0.307224,0.0,0,0,0,11,-1
6084,0.006084000,0.4191,-0.300084,0.0,0,0,0,11,-1
6085,0.006085000,0.419076,-0.292932,0.0,0,0,0,11,-1
6086,0.006086000,0.419064,-0.285792,0.0,0,0,0,11,-1
6087,0.006087000,0.41904,-0.27864,0.0,0,0,0,11,-1
6088,0.006088000,0.419016,-0.2715,0.0,0,0,0,11,-1
6089,0.006089000,0.418992,-0.26436,0.0,0,0,0,11,-1
6090,0.006090000,0.41898,-0.257208,0.0,0,0,0,11,-1
6091,0.006091000,0.418956,-0.250068,0.0,0,0,0,11,-1
6092,0.006092000,0.418932,-0.242916,0.0,0,0,0,11,-1
6093,0.006093000,0.418908,-0.235776,0.0,0,0,0,11,-1
6094,0.006094000,0.418896,-0.228636,0.0,0,0,0,11,-1
6095,0.006095000,0.418872,-0.221484,0.0,0,0,0,11,-1
6096,0.006096000,0.418848,-0.214344,0.0,0,0,0,11,-1
6097,0.006097000,0.418824,-0.207192,0.0,0,0,0,11,-1
6098,0.006098000,0.418812,-0.200052,0.0,0,0,0,11,-1
6099,0.006099000,0.418788,-0.1929,0.0,0,0,0,11,-1
6100,0.006100000,0.418764,-0.18576,0.0,0,0,0,11,-1
6101,0.006101000,0.41874,-0.17862,0.0,0,0,0,11,-1
6102,0.006102000,0.418728,-0.171468,0.0,0,0,0,11,-1
6103,0.006103000,0.418704,-0.164328,0.0,0,0,0,11,-1
6104,0.006104000,0.41868,-0.157176,0.0,0,0,0,11,-1
6105,0.006105000,0.418656,-0.150036,0.0,0,0,0,11,-1
6106,0.006106000,0.418644,-0.142896,0.0,0,0,0,11,-1
6107,0.006107000,0.41862,-0.135744,0.0,0,0,0,11,-1
6108,0.006108000,0.418596,-0.128604,0.0,0,0,0,11,-1
6109,0.006109000,0.418572,-0.121452,0.0,0,0,0,11,-1
6110,0.006110000,0.41856,-0.1143132,5.0,1,0,0,11,7
6111,0.006111000,0.418536,-0.1071684,0.0,0,0,0,11,-1
6112,0.006112000,0.418512,-0.1000236,0.0,0,0,0,11,-1
6113,0.006113000,0.418488,-0.0928788,0.0,0,0,0,11,-1
6114,0.006114000,0.418464,-0.085734,0.0,0,0,0,11,-1
6115,0.006115000,0.418452,-0.0785892,0.0,0,0,0,11,-1
6116,0.006116000,0.418428,-0.0714456,0.0,0,0,0,11,-1
6117,0.006117000,0.418404,-0.0643008,0.0,0,0,0,11,-1
6118,0.006118000,0.41838,-0.057156,0.0,0,0,0,11,-1
6119,0.006119000,0.418368,-0.0500112,0.0,0,0,0,11,-1
6120,0.006120000,0.418344,-0.0428664,0.0,0,0,0,11,-1
6121,0.006121000,0.41832,-0.0357228,0.0,0,0,0,11,-1
6122,0.006122000,0.418296,-0.028578,0.0,0,0,0,11,-1
6123,0.006123000,0.418284,-0.0214332,0.0,0,0,0,11,-1
6124,0.006124000,0.41826,-0.0142884,0.0,0,0,0,11,-1
6125,0.006125000,0.418236,-0.00714444,0.0,0,0,0,11,-1
6126,0.006126000,0.418212,0.0,0.0,0,0,0,11,-1
6127,0.006127000,0.4182,0.00714444,0.0,0,0,0,11,-1
6128,0.006128000,0.418176,0.0142884,0.0,0,0,0,11,-1
6129,0.006129000,0.418152,0.0214332,0.0,0,0,0,11,-1
6130,0.006130000,0.418128,0.028578,0.0,0,0,0,11,-1
6131,0.006131000,0.418116,0.0357216,0.0,0,0,0,11,-1
6132,0.006132000,0.418092,0.0428664,0.0,0,0,0,11,-1
6133,0.006133000,0.418068,0.05001,0.0,0,0,0,11,-1
6134,0.006134000,0.418044,0.0571548,0.0,0,0,0,11,-1
6135,0.006135000,0.418032,0.0642996,0.0,0,0,0,11,-1
6136,0.006136000,0.418008,0.0714432,0.0,0,0,0,11,-1
6137,0.006137000,0.417984,0.078588,0.0,0,0,0,11,-1
6138,0.006138000,0.41796,0.0857316,0.0,0,0,0,11,-1
6139,0.006139000,0.417948,0.0928764,0.0,0,0,0,11,-1
6140,0.006140000,0.417924,0.10002,5.0,1,0,0,11,8
6141,0.006141000,0.4179,0.1071648,0.0,0,0,0,11,-1
6142,0.006142000,0.417876,0.1143084,0.0,0,0,0,11,-1
6143,0.006143000,0.417864,0.121452,0.0,0,0,0,11,-1
6144,0.006144000,0.41784,0.128592,0.0,0,0,0,11,-1
6145,0.006145000,0.417816,0.135744,0.0,0,0,0,11,-1
6146,0.006146000,0.417792,0.142884,0.0,0,0,0,11,-1
6147,0.006147000,0.41778,0.150024,0.0,0,0,0,11,-1
6148,0.006148000,0.417756,0.157176,0.0,0,0,0,11,-1
6149,0.006149000,0.417732,0.164316,0.0,0,0,0,11,-1
6150,0.006150000,0.417708,0.171456,0.0,0,0,0,11,-1
6151,0.006151000,0.417696,0.178608,0.0,0,0,0,11,-1
6152,0.006152000,0.417672,0.185748,0.0,0,0,0,11,-1
6153,0.006153000,0.417648,0.192888,0.0,0,0,0,11,-1
6154,0.006154000,0.417624,0.20004,0.0,0,0,0,11,-1
6155,0.006155000,0.417612,0.20718,0.0,0,0,0,11,-1
6156,0.006156000,0.417588,0.21432,0.0,0,0,0,11,-1
6157,0.006157000,0.417564,0.221472,0.0,0,0,0,11,-1
6158,0.006158000,0.41754,0.228612,0.0,0,0,0,11,-1
6159,0.006159000,0.417528,0.235752,0.0,0,0,0,11,-1
6160,0.006160000,0.417504,0.242904,0.0,0,0,0,11,-1
6161,0.006161000,0.41748,0.250044,0.0,0,0,0,11,-1
6162,0.006162000,0.417456,0.257184,0.0,0,0,0,11,-1
6163,0.006163000,0.417444,0.264336,0.0,0,0,0,11,-1
6164,0.006164000,0.41742,0.271476,0.0,0,0,0,11,-1
6165,0.006165000,0.417396,0.278616,0.0,0,0,0,11,-1
6166,0.006166000,0.417372,0.285768,0.0,0,0,0,11,-1
6167,0.006167000,0.41736,0.292908,0.0,0,0,0,11,-1
6168,0.006168000,0.417336,0.300048,0.0,0,0,0,11,-1
6169,0.006169000,0.417312,0.3072,0.0,0,0,0,11,-1
6170,0.006170000,0.417288,0.31434,5.0,1,0,0,11,9
6171,0.006171000,0.417264,0.32148,0.0,0,0,0,11,-1
6172,0.006172000,0.417252,0.328632,0.0,0,0,0,11,-1
6173,0.006173000,0.417228,0.335772,0.0,0,0,0,11,-1
6174,0.006174000,0.417204,0.342912,0.0,0,0,0,11,-1
6175,0.006175000,0.41718,0.350052,0.0,0,0,0,11,-1
6176,0.006176000,0.417168,0.357204,0.0,0,0,0,11,-1
6177,0.006177000,0.417144,0.364344,0.0,0,0,0,11,-1
6178,0.006178000,0.41712,0.371484,0.0,0,0,0,11,-1
6179,0.006179000,0.417096,0.378636,0.0,0,0,0,11,-1
6180,0.006180000,0.417084,0.385776,0.0,0,0,0,11,-1
6181,0.006181000,0.41706,0.392916,0.0,0,0,0,11,-1
6182,0.006182000,0.417036,0.400056,0.0,0,0,0,11,-1
6183,0.006183000,0.417012,0.407208,0.0,0,0,0,11,-1
6184,0.006184000,0.417,0.414348,0.0,0,0,0,11,-1
6185,0.006185000,0.416976,0.421488,0.0,0,0,0,11,-1
6186,0.006186000,0.416952,0.42864,0.0,0,0,0,11,-1
6187,0.006187000,0.416928,0.43578,0.0,0,0,0,11,-1
6188,0.006188000,0.416916,0.44292,0.0,0,0,0,11,-1
6189,0.006189000,0.416892,0.45006,0.0,0,0,0,11,-1
6190,0.006190000,0.416868,0.457212,0.0,0,0,0,11,-1
6191,0.006191000,0.416844,0.464352,0.0,0,0,0,11,-1
6192,0.006192000,0.416832,0.471492,0.0,0,0,0,11,-1
6193,0.006193000,0.416808,0.478644,0.0,0,0,0,11,-1
6194,0.006194000,0.416784,0.485784,0.0,0,0,0,11,-1
6195,0.006195000,0.41676,0.492924,0.0,0,0,0,11,-1
6196,0.006196000,0.416748,0.500064,0.0,0,0,0,11,-1
6197,0.006197000,0.416724,0.507216,0.0,0,0,0,11,-1
6198,0.006198000,0.4167,0.514356,0.0,0,0,0,11,-1
6199,0.006199000,0.416676,0.521496,0.0,0,0,0,11,-1
6200,0.006200000,0.416664,0.528636,5.0,1,0,0,11,10
6201,0.006201000,0.41664,0.535788,0.0,0,0,0,11,-1
6202,0.006202000,0.416616,0.542928,0.0,0,0,0,11,-1
6203,0.006203000,0.416592,0.550068,0.0,0,0,0,11,-1
6204,0.006204000,0.41658,0.55722,0.0,0,0,0,11,-1
6205,0.006205000,0.416556,0.56436,0.0,0,0,0,11,-1
6206,0.006206000,0.416532,0.5715,0.0,0,0,0,11,-1
6207,0.006207000,0.416508,0.57864,0.0,0,0,0,11,-1
6208,0.006208000,0.416496,0.585792,0.0,0,0,0,11,-1
6209,0.006209000,0.416472,0.592932,0.0,0,0,0,11,-1
6210,0.006210000,0.416448,0.600072,0.0,0,0,0,11,-1
6211,0.006211000,0.416424,0.607212,0.0,0,0,0,11,-1
6212,0.006212000,0.416412,0.614364,0.0,0,0,0,11,-1
6213,0.006213000,0.416388,0.621504,0.0,0,0,0,11,-1
6214,0.006214000,0.416364,0.628644,0.0,0,0,0,11,-1
6215,0.006215000,0.41634,0.635784,0.0,0,0,0,11,-1
6216,0.006216000,0.416328,0.642936,0.0,0,0,0,11,-1
6217,0.006217000,0.416304,0.650076,0.0,0,0,0,11,-1
6218,0.006218000,0.41628,0.657216,0.0,0,0,0,11,-1
6219,0.006219000,0.416256,0.664356,0.0,0,0,0,11,-1
6220,0.006220000,0.416244,0.671508,0.0,0,0,0,11,-1
6221,0.006221000,0.41622,0.678648,0.0,0,0,0,11,-1
6222,0.006222000,0.416196,0.685788,0.0,0,0,0,11,-1
6223,0.006223000,0.416172,0.692928,0.0,0,0,0,11,-1
6224,0.006224000,0.41616,0.700068,0.0,0,0,0,11,-1
6225,0.006225000,0.416136,0.70722,0.0,0,0,0,11,-1
6226,0.006226000,0.416112,0.71436,0.0,0,0,0,11,-1
6227,0.006227000,0.416088,0.7215,0.0,0,0,0,11,-1
6228,0.006228000,0.416076,0.72864,0.0,0,0,0,11,-1
6229,0.006229000,0.416052,0.735792,0.0,0,0,0,11,-1
6230,0.006230000,0.416028,0.742932,5.0,1,0,0,11,11
6231,0.006231000,0.416004,0.750072,0.0,0,0,0,11,-1
6232,0.006232000,0.41598,0.757212,0.0,0,0,0,11,-1
6233,0.006233000,0.415968,0.764364,0.0,0,0,0,11,-1
6234,0.006234000,0.415944,0.771504,0.0,0,0,0,11,-1
6235,0.006235000,0.41592,0.778644,0.0,0,0,0,11,-1
6236,0.006236000,0.415896,0.785784,0.0,0,0,0,11,-1
6237,0.006237000,0.415884,0.792924,0.0,0,0,0,11,-1
6238,0.006238000,0.41586,0.800076,0.0,0,0,0,11,-1
6239,0.006239000,0.415836,0.807216,0.0,0,0,0,11,-1
6240,0.006240000,0.415812,0.814356,0.0,0,0,0,11,-1
6241,0.006241000,0.4158,0.821496,0.0,0,0,0,11,-1
6242,0.006242000,0.415776,0.828636,0.0,0,0,0,11,-1
6243,0.006243000,0.415752,0.835788,0.0,0,0,0,11,-1
6244,0.006244000,0.415728,0.842928,0.0,0,0,0,11,-1
6245,0.006245000,0.415716,0.850068,0.0,0,0,0,11,-1
6246,0.006246000,0.415692,0.857208,0.0,0,0,0,11,-1
6247,0.006247000,0.415668,0.864348,0.0,0,0,0,11,-1
6248,0.006248000,0.415644,0.8715,0.0,0,0,0,11,-1
6249,0.006249000,0.415632,0.87864,0.0,0,0,0,11,-1
6250,0.006250000,0.415608,0.88578,0.0,0,0,0,11,-1
6251,0.006251000,0.415584,0.89292,0.0,0,0,0,11,-1
6252,0.006252000,0.41556,0.90006,0.0,0,0,0,11,-1
6253,0.006253000,0.415548,0.907212,0.0,0,0,0,11,-1
6254,0.006254000,0.415524,0.914352,0.0,0,0,0,11,-1
6255,0.006255000,0.4155,0.921492,0.0,0,0,0,11,-1
6256,0.006256000,0.415476,0.928632,0.0,0,0,0,11,-1
6257,0.006257000,0.415464,0.935772,0.0,0,0,0,11,-1
6258,0.006258000,0.41544,0.942924,0.0,0,0,0,11,-1
6259,0.006259000,0.415416,0.950064,0.0,0,0,0,11,-1
6260,0.006260000,0.415392,0.957204,5.0,1,0,0,11,12
6261,0.006261000,0.41538,0.964344,0.0,0,0,0,11,-1
6262,0.006262000,0.415356,0.971484,0.0,0,0,0,11,-1
6263,0.006263000,0.415332,0.978636,0.0,0,0,0,11,-1
6264,0.006264000,0.415308,0.985776,0.0,0,0,0,11,-1
6265,0.006265000,0.415296,0.992916,0.0,0,0,0,11,-1
6266,0.006266000,0.415272,1.000056,0.0,0,0,0,11,-1
6267,0.006267000,0.415248,1.007196,0.0,0,0,0,11,-1
6268,0.006268000,0.415224,1.014336,0.0,0,0,0,11,-1
6269,0.006269000,0.415212,1.021488,0.0,0,0,0,11,-1
6270,0.006270000,0.415188,1.028628,0.0,0,0,0,11,-1
6271,0.006271000,0.415164,1.035768,0.0,0,0,0,11,-1
6272,0.006272000,0.41514,1.042908,0.0,0,0,0,11,-1
6273,0.006273000,0.415128,1.050048,0.0,0,0,0,11,-1
6274,0.006274000,0.415104,1.057188,0.0,0,0,0,11,-1
6275,0.006275000,0.41508,1.06434,0.0,0,0,0,11,-1
6276,0.006276000,0.415056,1.07148,0.0,0,0,0,11,-1
6277,0.006277000,0.415044,1.07862,0.0,0,0,0,11,-1
6278,0.006278000,0.41502,1.08576,0.0,0,0,0,11,-1
6279,0.006279000,0.414996,1.0929,0.0,0,0,0,11,-1
6280,0.006280000,0.414972,1.10004,0.0,0,0,0,11,-1
6281,0.006281000,0.41496,1.107192,0.0,0,0,0,11,-1
6282,0.006282000,0.414936,1.114332,0.0,0,0,0,11,-1
6283,0.006283000,0.414912,1.121472,0.0,0,0,0,11,-1
6284,0.006284000,0.414888,1.128612,0.0,0,0,0,11,-1
6285,0.006285000,0.414876,1.135752,0.0,0,0,0,11,-1
6286,0.006286000,0.414852,1.142892,0.0,0,0,0,11,-1
6287,0.006287000,0.414828,1.150032,0.0,0,0,0,11,-1
6288,0.006288000,0.414804,1.157184,0.0,0,0,0,11,-1
6289,0.006289000,0.414792,1.164324,0.0,0,0,0,11,-1
6290,0.006290000,0.414768,1.171464,5.0,1,0,0,11,13
6291,0.006291000,0.414744,1.178604,0.0,0,0,0,11,-1
6292,0.006292000,0.41472,1.185744,0.0,0,0,0,11,-1
6293,0.006293000,0.414696,1.192884,0.0,0,0,0,11,-1
6294,0.006294000,0.414684,1.2,0.0,0,0,0,11,-1
6295,0.006295000,0.41466,1.2072,0.0,0,0,0,11,-1
6296,0.006296000,0.414636,1.21428,0.0,0,0,0,11,-1
6297,0.006297000,0.414612,1.22148,0.0,0,0,0,11,-1
6298,0.006298000,0.4146,1.22856,0.0,0,0,0,11,-1
6299,0.006299000,0.414576,1.23576,0.0,0,0,0,11,-1
6300,0.006300000,0.414552,1.24284,0.0,0,0,0,11,-1
6301,0.006301000,0.414528,1.25004,0.0,0,0,0,11,-1
6302,0.006302000,0.414516,1.25712,0.0,0,0,0,11,-1
6303,0.006303000,0.414492,1.26432,0.0,0,0,0,11,-1
6304,0.006304000,0.414468,1.2714,0.0,0,0,0,11,-1
6305,0.006305000,0.414444,1.2786,0.0,0,0,0,11,-1
6306,0.006306000,0.414432,1.28568,0.0,0,0,0,11,-1
6307,0.006307000,0.414408,1.29288,0.0,0,0,0,11,-1
6308,0.006308000,0.414384,1.29996,0.0,0,0,0,11,-1
6309,0.006309000,0.41436,1.30716,0.0,0,0,0,11,-1
6310,0.006310000,0.414348,1.31424,0.0,0,0,0,11,-1
6311,0.006311000,0.414324,1.32144,0.0,0,0,0,11,-1
6312,0.006312000,0.4143,1.32852,0.0,0,0,0,11,-1
6313,0.006313000,0.414276,1.33572,0.0,0,0,0,11,-1
6314,0.006314000,0.414264,1.3428,0.0,0,0,0,11,-1
6315,0.006315000,0.41424,1.35,0.0,0,0,0,11,-1
6316,0.006316000,0.414216,1.3572,0.0,0,0,0,11,-1
6317,0.006317000,0.414192,1.36428,0.0,0,0,0,11,-1
6318,0.006318000,0.41418,1.37148,0.0,0,0,0,11,-1
6319,0.006319000,0.414156,1.37856,0.0,0,0,0,11,-1
6320,0.006320000,0.414132,1.38576,5.0,1,0,0,11,14
6321,0.006321000,0.414108,1.39284,0.0,0,0,0,11,-1
6322,0.006322000,0.414096,1.40004,0.0,0,0,0,11,-1
6323,0.006323000,0.414072,1.40712,0.0,0,0,0,11,-1
6324,0.006324000,0.414048,1.41432,0.0,0,0,0,11,-1
6325,0.006325000,0.414024,1.4214,0.0,0,0,0,11,-1
6326,0.006326000,0.414012,1.4286,0.0,0,0,0,11,-1
6327,0.006327000,0.413988,1.43568,0.0,0,0,0,11,-1
6328,0.006328000,0.413964,1.44288,0.0,0,0,0,11,-1
6329,0.006329000,0.41394,1.44996,0.0,0,0,0,11,-1
6330,0.006330000,0.413928,1.45716,0.0,0,0,0,11,-1
6331,0.006331000,0.413904,1.46424,0.0,0,0,0,11,-1
6332,0.006332000,0.41388,1.47144,0.0,0,0,0,11,-1
6333,0.006333000,0.413856,1.47852,0.0,0,0,0,11,-1
6334,0.006334000,0.413844,1.48572,0.0,0,0,0,11,-1
6335,0.006335000,0.41382,1.4928,0.0,0,0,0,11,-1
6336,0.006336000,0.413796,1.5,0.0,0,0,0,11,-1
6337,0.006337000,0.413772,1.50708,0.0,0,0,0,11,-1
6338,0.006338000,0.41376,1.51428,0.0,0,0,0,11,-1
6339,0.006339000,0.413736,1.52136,0.0,0,0,0,11,-1
6340,0.006340000,0.413712,1.52856,0.0,0,0,0,11,-1
6341,0.006341000,0.413688,1.53564,0.0,0,0,0,11,-1
6342,0.006342000,0.413676,1.54284,0.0,0,0,0,11,-1
6343,0.006343000,0.413652,1.54992,0.0,0,0,0,11,-1
6344,0.006344000,0.413628,1.55712,0.0,0,0,0,11,-1
6345,0.006345000,0.413604,1.5642,0.0,0,0,0,11,-1
6346,0.006346000,0.413592,1.5714,0.0,0,0,0,11,-1
6347,0.006347000,0.413568,1.57848,0.0,0,0,0,11,-1
6348,0.006348000,0.413544,1.58568,0.0,0,0,0,11,-1
6349,0.006349000,0.41352,1.59276,0.0,0,0,0,11,-1
6350,0.006350000,0.413508,1.59996,5.0,1,1,0,11,15
6351,0.006351000,0.413484,1.60704,0.0,0,0,0,-1,-1
6352,0.006352000,0.41346,1.61424,0.0,0,0,0,-1,-1
6353,0.006353000,0.413436,1.62132,0.0,0,0,0,-1,-1
6354,0.006354000,0.413424,1.62852,0.0,0,0,0,-1,-1
6355,0.006355000,0.417216,1.63488,0.0,0,0,0,-1,-1
6356,0.006356000,0.417192,1.64196,0.0,0,0,0,-1,-1
6357,0.006357000,0.417168,1.64916,0.0,0,0,0,-1,-1
6358,0.006358000,0.42096,1.6554,0.0,0,0,0,-1,-1
6359,0.006359000,0.420936,1.6626,0.0,0,0,0,-1,-1
6360,0.006360000,0.424728,1.66884,0.0,0,0,0,-1,-1
6361,0.006361000,0.428508,1.6752,0.0,0,0,0,-1,-1
6362,0.006362000,0.432288,1.68144,0.0,0,0,0,-1,-1
6363,0.006363000,0.436068,1.6878,0.0,0,0,0,-1,-1
6364,0.006364000,0.439836,1.69404,0.0,0,0,0,-1,-1
6365,0.006365000,0.443628,1.6932,0.0,0,0,0,-1,-1
6366,0.006366000,0.447384,1.69956,0.0,0,0,0,-1,-1
6367,0.006367000,0.451164,1.69872,0.0,0,0,0,-1,-1
6368,0.006368000,0.454944,1.69788,0.0,0,0,0,-1,-1
6369,0.006369000,0.4587,1.70412,0.0,0,0,0,-1,-1
6370,0.006370000,0.462468,1.70328,0.0,0,0,0,-1,-1
6371,0.006371000,0.466236,1.70244,0.0,0,0,0,-1,-1
6372,0.006372000,0.470004,1.7016,0.0,0,0,0,-1,-1
6373,0.006373000,0.47376,1.70076,0.0,0,0,0,-1,-1
6374,0.006374000,0.477516,1.69992,0.0,0,0,0,-1,-1
6375,0.006375000,0.481272,1.69908,0.0,0,0,0,-1,-1
6376,0.006376000,0.48504,1.69128,0.0,0,0,0,-1,-1
6377,0.006377000,0.488784,1.69044,0.0,0,0,0,-1,-1
6378,0.006378000,0.492528,1.6896,0.0,0,0,0,-1,-1
6379,0.006379000,0.496284,1.68168,0.0,0,0,0,-1,-1
6380,0.006380000,0.500016,1.68084,0.0,0,0,0,-1,-1
6381,0.006381000,0.50376,1.67304,0.0,0,0,0,-1,-1
6382,0.006382000,0.507516,1.66512,0.0,0,0,0,-1,-1
6383,0.006383000,0.51126,1.65732,0.0,0,0,0,-1,-1
6384,0.006384000,0.514992,1.6494,0.0,0,0,0,-1,-1
6385,0.006385000,0.518736,1.6416,0.0,0,0,0,-1,-1
6386,0.006386000,0.51876,1.63452,0.0,0,0,0,-1,-1
6387,0.006387000,0.522492,1.62672,0.0,0,0,0,-1,-1
6388,0.006388000,0.522504,1.61964,0.0,0,0,0,-1,-1
6389,0.006389000,0.522528,1.61268,0.0,0,0,0,-1,-1
6390,0.006390000,0.52626,1.60476,0.0,0,0,0,-1,-1
6391,0.006391000,0.526284,1.5978,0.0,0,0,0,-1,-1
6392,0.006392000,0.526296,1.59072,0.0,0,0,0,-1,-1
6393,0.006393000,0.52632,1.58364,0.0,0,0,0,-1,-1
6394,0.006394000,0.526344,1.57668,5.0,1,0,0,12,0
6395,0.006395000,0.526368,1.5696,0.0,0,0,0,12,-1
6396,0.006396000,0.52638,1.56264,0.0,0,0,0,12,-1
6397,0.006397000,0.526404,1.55556,0.0,0,0,0,12,-1
6398,0.006398000,0.526428,1.54848,0.0,0,0,0,12,-1
6399,0.006399000,0.526452,1.54152,0.0,0,0,0,12,-1
6400,0.006400000,0.526464,1.53444,0.0,0,0,0,12,-1
6401,0.006401000,0.526488,1.52736,0.0,0,0,0,12,-1
6402,0.006402000,0.526512,1.5204,0.0,0,0,0,12,-1
6403,0.006403000,0.526524,1.51332,0.0,0,0,0,12,-1
6404,0.006404000,0.526548,1.50624,0.0,0,0,0,12,-1
6405,0.006405000,0.526572,1.49928,0.0,0,0,0,12,-1
6406,0.006406000,0.526596,1.4922,0.0,0,0,0,12,-1
6407,0.006407000,0.526608,1.48524,0.0,0,0,0,12,-1
6408,0.006408000,0.526632,1.47816,0.0,0,0,0,12,-1
6409,0.006409000,0.526656,1.47108,0.0,0,0,0,12,-1
6410,0.006410000,0.52668,1.46412,0.0,0,0,0,12,-1
6411,0.006411000,0.526692,1.45704,0.0,0,0,0,12,-1
6412,0.006412000,0.526716,1.44996,0.0,0,0,0,12,-1
6413,0.006413000,0.52674,1.443,0.0,0,0,0,12,-1
6414,0.006414000,0.526764,1.43592,0.0,0,0,0,12,-1
6415,0.006415000,0.526776,1.42884,0.0,0,0,0,12,-1
6416,0.006416000,0.5268,1.42188,0.0,0,0,0,12,-1
6417,0.006417000,0.526824,1.4148,0.0,0,0,0,12,-1
6418,0.006418000,0.526848,1.40772,0.0,0,0,0,12,-1
6419,0.006419000,0.52686,1.40076,0.0,0,0,0,12,-1
6420,0.006420000,0.526884,1.39368,0.0,0,0,0,12,-1
6421,0.006421000,0.526908,1.38672,0.0,0,0,0,12,-1
6422,0.006422000,0.526932,1.37964,0.0,0,0,0,12,-1
6423,0.006423000,0.526944,1.37256,0.0,0,0,0,12,-1
6424,0.006424000,0.526968,1.3656,5.0,1,0,0,12,1
6425,0.006425000,0.526992,1.35852,0.0,0,0,0,12,-1
6426,0.006426000,0.527004,1.35144,0.0,0,0,0,12,-1
6427,0.006427000,0.527028,1.34448,0.0,0,0,0,12,-1
6428,0.006428000,0.527052,1.3374,0.0,0,0,0,12,-1
6429,0.006429000,0.527076,1.33032,0.0,0,0,0,12,-1
6430,0.006430000,0.527088,1.32336,0.0,0,0,0,12,-1
6431,0.006431000,0.527112,1.31628,0.0,0,0,0,12,-1
6432,0.006432000,0.527136,1.3092,0.0,0,0,0,12,-1
6433,0.006433000,0.52716,1.30224,0.0,0,0,0,12,-1
6434,0.006434000,0.527172,1.29516,0.0,0,0,0,12,-1
6435,0.006435000,0.527196,1.28808,0.0,0,0,0,12,-1
6436,0.006436000,0.52722,1.28112,0.0,0,0,0,12,-1
6437,0.006437000,0.527244,1.27404,0.0,0,0,0,12,-1
6438,0.006438000,0.527256,1.26708,0.0,0,0,0,12,-1
6439,0.006439000,0.52728,1.26,0.0,0,0,0,12,-1
6440,0.006440000,0.527304,1.25292,0.0,0,0,0,12,-1
6441,0.006441000,0.527328,1.24596,0.0,0,0,0,12,-1
6442,0.006442000,0.52734,1.23888,0.0,0,0,0,12,-1
6443,0.006443000,0.527364,1.2318,0.0,0,0,0,12,-1
6444,0.006444000,0.527388,1.22484,0.0,0,0,0,12,-1
6445,0.006445000,0.527412,1.21776,0.0,0,0,0,12,-1
6446,0.006446000,0.527424,1.21068,0.0,0,0,0,12,-1
6447,0.006447000,0.527448,1.20372,0.0,0,0,0,12,-1
6448,0.006448000,0.527472,1.196652,0.0,0,0,0,12,-1
6449,0.006449000,0.527484,1.189608,0.0,0,0,0,12,-1
6450,0.006450000,0.527508,1.182576,0.0,0,0,0,12,-1
6451,0.006451000,0.527532,1.175532,0.0,0,0,0,12,-1
6452,0.006452000,0.527556,1.1685,0.0,0,0,0,12,-1
6453,0.006453000,0.527568,1.161456,0.0,0,0,0,12,-1
6454,0.006454000,0.527592,1.154424,5.0,1,0,0,12,2
6455,0.006455000,0.527616,1.14738,0.0,0,0,0,12,-1
6456,0.006456000,0.52764,1.140348,0.0,0,0,0,12,-1
6457,0.006457000,0.527652,1.133304,0.0,0,0,0,12,-1
6458,0.006458000,0.527676,1.126272,0.0,0,0,0,12,-1
6459,0.006459000,0.5277,1.119228,0.0,0,0,0,12,-1
6460,0.006460000,0.527724,1.112196,0.0,0,0,0,12,-1
6461,0.006461000,0.527736,1.105152,0.0,0,0,0,12,-1
6462,0.006462000,0.52776,1.09812,0.0,0,0,0,12,-1
6463,0.006463000,0.527784,1.091076,0.0,0,0,0,12,-1
6464,0.006464000,0.527808,1.084044,0.0,0,0,0,12,-1
6465,0.006465000,0.52782,1.077,0.0,0,0,0,12,-1
6466,0.006466000,0.527844,1.069968,0.0,0,0,0,12,-1
6467,0.006467000,0.527868,1.062924,0.0,0,0,0,12,-1
6468,0.006468000,0.527892,1.055892,0.0,0,0,0,12,-1
6469,0.006469000,0.527904,1.048848,0.0,0,0,0,12,-1
6470,0.006470000,0.527928,1.041816,0.0,0,0,0,12,-1
6471,0.006471000,0.527952,1.034772,0.0,0,0,0,12,-1
6472,0.006472000,0.527964,1.02774,0.0,0,0,0,12,-1
6473,0.006473000,0.527988,1.020696,0.0,0,0,0,12,-1
6474,0.006474000,0.528012,1.013664,0.0,0,0,0,12,-1
6475,0.006475000,0.528036,1.00662,0.0,0,0,0,12,-1
6476,0.006476000,0.528048,0.999588,0.0,0,0,0,12,-1
6477,0.006477000,0.528072,0.992544,0.0,0,0,0,12,-1
6478,0.006478000,0.528096,0.985512,0.0,0,0,0,12,-1
6479,0.006479000,0.52812,0.978468,0.0,0,0,0,12,-1
6480,0.006480000,0.528132,0.971436,0.0,0,0,0,12,-1
6481,0.006481000,0.528156,0.964392,0.0,0,0,0,12,-1
6482,0.006482000,0.52818,0.95736,0.0,0,0,0,12,-1
6483,0.006483000,0.528204,0.950316,0.0,0,0,0,12,-1
6484,0.006484000,0.528216,0.943284,5.0,1,0,0,12,3
6485,0.006485000,0.52824,0.93624,0.0,0,0,0,12,-1
6486,0.006486000,0.528264,0.929208,0.0,0,0,0,12,-1
6487,0.006487000,0.528288,0.922164,0.0,0,0,0,12,-1
6488,0.006488000,0.5283,0.915132,0.0,0,0,0,12,-1
6489,0.006489000,0.528324,0.908088,0.0,0,0,0,12,-1
6490,0.006490000,0.528348,0.901044,0.0,0,0,0,12,-1
6491,0.006491000,0.528372,0.894012,0.0,0,0,0,12,-1
6492,0.006492000,0.528384,0.886968,0.0,0,0,0,12,-1
6493,0.006493000,0.528408,0.879936,0.0,0,0,0,12,-1
6494,0.006494000,0.528432,0.872892,0.0,0,0,0,12,-1
6495,0.006495000,0.528444,0.86586,0.0,0,0,0,12,-1
6496,0.006496000,0.528468,0.858816,0.0,0,0,0,12,-1
6497,0.006497000,0.528492,0.851784,0.0,0,0,0,12,-1
6498,0.006498000,0.528516,0.84474,0.0,0,0,0,12,-1
6499,0.006499000,0.528528,0.837708,0.0,0,0,0,12,-1
6500,0.006500000,0.528552,0.830664,0.0,0,0,0,12,-1
6501,0.006501000,0.528576,0.823632,0.0,0,0,0,12,-1
6502,0.006502000,0.5286,0.816588,0.0,0,0,0,12,-1
6503,0.006503000,0.528612,0.809544,0.0,0,0,0,12,-1
6504,0.006504000,0.528636,0.802512,0.0,0,0,0,12,-1
6505,0.006505000,0.52866,0.795468,0.0,0,0,0,12,-1
6506,0.006506000,0.528684,0.788436,0.0,0,0,0,12,-1
6507,0.006507000,0.528696,0.781392,0.0,0,0,0,12,-1
6508,0.006508000,0.52872,0.77436,0.0,0,0,0,12,-1
6509,0.006509000,0.528744,0.767316,0.0,0,0,0,12,-1
6510,0.006510000,0.528768,0.760284,0.0,0,0,0,12,-1
6511,0.006511000,0.52878,0.75324,0.0,0,0,0,12,-1
6512,0.006512000,0.528804,0.746196,0.0,0,0,0,12,-1
6513,0.006513000,0.528828,0.739164,0.0,0,0,0,12,-1
6514,0.006514000,0.528852,0.73212,5.0,1,0,0,12,4
6515,0.006515000,0.528864,0.725088,0.0,0,0,0,12,-1
6516,0.006516000,0.528888,0.718044,0.0,0,0,0,12,-1
6517,0.006517000,0.528912,0.711012,0.0,0,0,0,12,-1
6518,0.006518000,0.528924,0.703968,0.0,0,0,0,12,-1
6519,0.006519000,0.528948,0.696924,0.0,0,0,0,12,-1
6520,0.006520000,0.528972,0.689892,0.0,0,0,0,12,-1
6521,0.006521000,0.528996,0.682848,0.0,0,0,0,12,-1
6522,0.006522000,0.529008,0.675816,0.0,0,0,0,12,-1
6523,0.006523000,0.529032,0.668772,0.0,0,0,0,12,-1
6524,0.006524000,0.529056,0.66174,0.0,0,0,0,12,-1
6525,0.006525000,0.52908,0.654696,0.0,0,0,0,12,-1
6526,0.006526000,0.529092,0.647652,0.0,0,0,0,12,-1
6527,0.006527000,0.529116,0.64062,0.0,0,0,0,12,-1
6528,0.006528000,0.52914,0.633576,0.0,0,0,0,12,-1
6529,0.006529000,0.529164,0.626544,0.0,0,0,0,12,-1
6530,0.006530000,0.529176,0.6195,0.0,0,0,0,12,-1
6531,0.006531000,0.5292,0.612456,0.0,0,0,0,12,-1
6532,0.006532000,0.529224,0.605424,0.0,0,0,0,12,-1
6533,0.006533000,0.529248,0.59838,0.0,0,0,0,12,-1
6534,0.006534000,0.52926,0.591348,0.0,0,0,0,12,-1
6535,0.006535000,0.529284,0.584304,0.0,0,0,0,12,-1
6536,0.006536000,0.529308,0.57726,0.0,0,0,0,12,-1
6537,0.006537000,0.529332,0.570228,0.0,0,0,0,12,-1
6538,0.006538000,0.529344,0.563184,0.0,0,0,0,12,-1
6539,0.006539000,0.529368,0.556152,0.0,0,0,0,12,-1
6540,0.006540000,0.529392,0.549108,0.0,0,0,0,12,-1
6541,0.006541000,0.529404,0.542064,0.0,0,0,0,12,-1
6542,0.006542000,0.529428,0.535032,0.0,0,0,0,12,-1
6543,0.006543000,0.529452,0.527988,0.0,0,0,0,12,-1
6544,0.006544000,0.529476,0.520956,5.0,1,0,0,12,5
6545,0.006545000,0.529488,0.513912,0.0,0,0,0,12,-1
6546,0.006546000,0.529512,0.506868,0.0,0,0,0,12,-1
6547,0.006547000,0.529536,0.499836,0.0,0,0,0,12,-1
6548,0.006548000,0.52956,0.492792,0.0,0,0,0,12,-1
6549,0.006549000,0.529572,0.48576,0.0,0,0,0,12,-1
6550,0.006550000,0.529596,0.478716,0.0,0,0,0,12,-1
6551,0.006551000,0.52962,0.471672,0.0,0,0,0,12,-1
6552,0.006552000,0.529644,0.46464,0.0,0,0,0,12,-1
6553,0.006553000,0.529656,0.457596,0.0,0,0,0,12,-1
6554,0.006554000,0.52968,0.450564,0.0,0,0,0,12,-1
6555,0.006555000,0.529704,0.44352,0.0,0,0,0,12,-1
6556,0.006556000,0.529728,0.436476,0.0,0,0,0,12,-1
6557,0.006557000,0.52974,0.429444,0.0,0,0,0,12,-1
6558,0.006558000,0.529764,0.4224,0.0,0,0,0,12,-1
6559,0.006559000,0.529788,0.415356,0.0,0,0,0,12,-1
6560,0.006560000,0.529812,0.408324,0.0,0,0,0,12,-1
6561,0.006561000,0.529824,0.40128,0.0,0,0,0,12,-1
6562,0.006562000,0.529848,0.394236,0.0,0,0,0,12,-1
6563,0.006563000,0.529872,0.387204,0.0,0,0,0,12,-1
6564,0.006564000,0.529896,0.38016,0.0,0,0,0,12,-1
6565,0.006565000,0.529908,0.373128,0.0,0,0,0,12,-1
6566,0.006566000,0.529932,0.366084,0.0,0,0,0,12,-1
6567,0.006567000,0.529956,0.35904,0.0,0,0,0,12,-1
6568,0.006568000,0.529968,0.352008,0.0,0,0,0,12,-1
6569,0.006569000,0.529992,0.344964,0.0,0,0,0,12,-1
6570,0.006570000,0.530016,0.33792,0.0,0,0,0,12,-1
6571,0.006571000,0.53004,0.330888,0.0,0,0,0,12,-1
6572,0.006572000,0.530052,0.323844,0.0,0,0,0,12,-1
6573,0.006573000,0.530076,0.3168,0.0,0,0,0,12,-1
6574,0.006574000,0.5301,0.309768,5.0,1,0,0,12,6
6575,0.006575000,0.530124,0.302724,0.0,0,0,0,12,-1
6576,0.006576000,0.530136,0.295692,0.0,0,0,0,12,-1
6577,0.006577000,0.53016,0.288648,0.0,0,0,0,12,-1
6578,0.006578000,0.530184,0.281604,0.0,0,0,0,12,-1
6579,0.006579000,0.530208,0.274572,0.0,0,0,0,12,-1
6580,0.006580000,0.53022,0.267528,0.0,0,0,0,12,-1
6581,0.006581000,0.530244,0.260484,0.0,0,0,0,12,-1
6582,0.006582000,0.530268,0.253452,0.0,0,0,0,12,-1
6583,0.006583000,0.530292,0.246408,0.0,0,0,0,12,-1
6584,0.006584000,0.530304,0.239364,0.0,0,0,0,12,-1
6585,0.006585000,0.530328,0.232332,0.0,0,0,0,12,-1
6586,0.006586000,0.530352,0.225288,0.0,0,0,0,12,-1
6587,0.006587000,0.530376,0.218244,0.0,0,0,0,12,-1
6588,0.006588000,0.530388,0.211212,0.0,0,0,0,12,-1
6589,0.006589000,0.530412,0.204168,0.0,0,0,0,12,-1
6590,0.006590000,0.530436,0.197124,0.0,0,0,0,12,-1
6591,0.006591000,0.530448,0.190092,0.0,0,0,0,12,-1
6592,0.006592000,0.530472,0.183048,0.0,0,0,0,12,-1
6593,0.006593000,0.530496,0.176004,0.0,0,0,0,12,-1
6594,0.006594000,0.53052,0.168972,0.0,0,0,0,12,-1
6595,0.006595000,0.530532,0.161928,0.0,0,0,0,12,-1
6596,0.006596000,0.530556,0.154884,0.0,0,0,0,12,-1
6597,0.006597000,0.53058,0.147852,0.0,0,0,0,12,-1
6598,0.006598000,0.530604,0.140808,0.0,0,0,0,12,-1
6599,0.006599000,0.530616,0.133764,0.0,0,0,0,12,-1
6600,0.006600000,0.53064,0.126732,0.0,0,0,0,12,-1
6601,0.006601000,0.530664,0.1196856,0.0,0,0,0,12,-1
6602,0.006602000,0.530688,0.1126452,0.0,0,0,0,12,-1
6603,0.006603000,0.5307,0.105606,0.0,0,0,0,12,-1
6604,0.006604000,0.530724,0.0985656,5.0,1,0,0,12,7
6605,0.006605000,0.530748,0.0915252,0.0,0,0,0,12,-1
6606,0.006606000,0.530772,0.0844848,0.0,0,0,0,12,-1
6607,0.006607000,0.530784,0.0774444,0.0,0,0,0,12,-1
6608,0.006608000,0.530808,0.070404,0.0,0,0,0,12,-1
6609,0.006609000,0.530832,0.0633636,0.0,0,0,0,12,-1
6610,0.006610000,0.530856,0.0563232,0.0,0,0,0,12,-1
6611,0.006611000,0.530868,0.0492828,0.0,0,0,0,12,-1
6612,0.006612000,0.530892,0.0422424,0.0,0,0,0,12,-1
6613,0.006613000,0.530916,0.035202,0.0,0,0,0,12,-1
6614,0.006614000,0.530928,0.0281616,0.0,0,0,0,12,-1
6615,0.006615000,0.530952,0.0211212,0.0,0,0,0,12,-1
6616,0.006616000,0.530976,0.0140808,0.0,0,0,0,12,-1
6617,0.006617000,0.531,0.00704052,0.0,0,0,0,12,-1
6618,0.006618000,0.531012,0.0,0.0,0,0,0,12,-1
6619,0.006619000,0.531036,-0.00704052,0.0,0,0,0,12,-1
6620,0.006620000,0.53106,-0.0140808,0.0,0,0,0,12,-1
6621,0.006621000,0.531084,-0.0211212,0.0,0,0,0,12,-1
6622,0.006622000,0.531096,-0.0281616,0.0,0,0,0,12,-1
6623,0.006623000,0.53112,-0.0352032,0.0,0,0,0,12,-1
6624,0.006624000,0.531144,-0.0422436,0.0,0,0,0,12,-1
6625,0.006625000,0.531168,-0.049284,0.0,0,0,0,12,-1
6626,0.006626000,0.53118,-0.0563244,0.0,0,0,0,12,-1
6627,0.006627000,0.531204,-0.0633648,0.0,0,0,0,12,-1
6628,0.006628000,0.531228,-0.0704052,0.0,0,0,0,12,-1
6629,0.006629000,0.531252,-0.0774468,0.0,0,0,0,12,-1
6630,0.006630000,0.531264,-0.0844872,0.0,0,0,0,12,-1
6631,0.006631000,0.531288,-0.0915276,0.0,0,0,0,12,-1
6632,0.006632000,0.531312,-0.098568,0.0,0,0,0,12,-1
6633,0.006633000,0.531336,-0.1056096,0.0,0,0,0,12,-1
6634,0.006634000,0.531348,-0.11265,5.0,1,0,0,12,8
6635,0.006635000,0.531372,-0.1196904,0.0,0,0,0,12,-1
6636,0.006636000,0.531396,-0.126732,0.0,0,0,0,12,-1
6637,0.006637000,0.531408,-0.133776,0.0,0,0,0,12,-1
6638,0.006638000,0.531432,-0.140808,0.0,0,0,0,12,-1
6639,0.006639000,0.531456,-0.147852,0.0,0,0,0,12,-1
6640,0.006640000,0.53148,-0.154896,0.0,0,0,0,12,-1
6641,0.006641000,0.531492,-0.16194,0.0,0,0,0,12,-1
6642,0.006642000,0.531516,-0.168972,0.0,0,0,0,12,-1
6643,0.006643000,0.53154,-0.176016,0.0,0,0,0,12,-1
6644,0.006644000,0.531564,-0.18306,0.0,0,0,0,12,-1
6645,0.006645000,0.531576,-0.190104,0.0,0,0,0,12,-1
6646,0.006646000,0.5316,-0.197136,0.0,0,0,0,12,-1
6647,0.006647000,0.531624,-0.20418,0.0,0,0,0,12,-1
6648,0.006648000,0.531648,-0.211224,0.0,0,0,0,12,-1
6649,0.006649000,0.53166,-0.218268,0.0,0,0,0,12,-1
6650,0.006650000,0.531684,-0.2253,0.0,0,0,0,12,-1
6651,0.006651000,0.531708,-0.232344,0.0,0,0,0,12,-1
6652,0.006652000,0.531732,-0.239388,0.0,0,0,0,12,-1
6653,0.006653000,0.531744,-0.246432,0.0,0,0,0,12,-1
6654,0.006654000,0.531768,-0.253464,0.0,0,0,0,12,-1
6655,0.006655000,0.531792,-0.260508,0.0,0,0,0,12,-1
6656,0.006656000,0.531816,-0.267552,0.0,0,0,0,12,-1
6657,0.006657000,0.531828,-0.274596,0.0,0,0,0,12,-1
6658,0.006658000,0.531852,-0.281628,0.0,0,0,0,12,-1
6659,0.006659000,0.531876,-0.288672,0.0,0,0,0,12,-1
6660,0.006660000,0.5319,-0.295716,0.0,0,0,0,12,-1
6661,0.006661000,0.531912,-0.30276,0.0,0,0,0,12,-1
6662,0.006662000,0.531936,-0.309792,0.0,0,0,0,12,-1
6663,0.006663000,0.53196,-0.316836,0.0,0,0,0,12,-1
6664,0.006664000,0.531972,-0.32388,5.0,1,0,0,12,9
6665,0.006665000,0.531996,-0.330924,0.0,0,0,0,12,-1
6666,0.006666000,0.53202,-0.337968,0.0,0,0,0,12,-1
6667,0.006667000,0.532044,-0.345,0.0,0,0,0,12,-1
6668,0.006668000,0.532056,-0.352044,0.0,0,0,0,12,-1
6669,0.006669000,0.53208,-0.359088,0.0,0,0,0,12,-1
6670,0.006670000,0.532104,-0.366132,0.0,0,0,0,12,-1
6671,0.006671000,0.532128,-0.373164,0.0,0,0,0,12,-1
6672,0.006672000,0.53214,-0.380208,0.0,0,0,0,12,-1
6673,0.006673000,0.532164,-0.387252,0.0,0,0,0,12,-1
6674,0.006674000,0.532188,-0.394296,0.0,0,0,0,12,-1
6675,0.006675000,0.532212,-0.40134,0.0,0,0,0,12,-1
6676,0.006676000,0.532224,-0.408372,0.0,0,0,0,12,-1
6677,0.006677000,0.532248,-0.415416,0.0,0,0,0,12,-1
6678,0.006678000,0.532272,-0.42246,0.0,0,0,0,12,-1
6679,0.006679000,0.532296,-0.429504,0.0,0,0,0,12,-1
6680,0.006680000,0.532308,-0.436536,0.0,0,0,0,12,-1
6681,0.006681000,0.532332,-0.44358,0.0,0,0,0,12,-1
6682,0.006682000,0.532356,-0.450624,0.0,0,0,0,12,-1
6683,0.006683000,0.53238,-0.457668,0.0,0,0,0,12,-1
6684,0.006684000,0.532392,-0.464712,0.0,0,0,0,12,-1
6685,0.006685000,0.532416,-0.471744,0.0,0,0,0,12,-1
6686,0.006686000,0.53244,-0.478788,0.0,0,0,0,12,-1
6687,0.006687000,0.532452,-0.485832,0.0,0,0,0,12,-1
6688,0.006688000,0.532476,-0.492876,0.0,0,0,0,12,-1
6689,0.006689000,0.5325,-0.49992,0.0,0,0,0,12,-1
6690,0.006690000,0.532524,-0.506952,0.0,0,0,0,12,-1
6691,0.006691000,0.532536,-0.513996,0.0,0,0,0,12,-1
6692,0.006692000,0.53256,-0.52104,0.0,0,0,0,12,-1
6693,0.006693000,0.532584,-0.528084,0.0,0,0,0,12,-1
6694,0.006694000,0.532608,-0.535128,5.0,1,0,0,12,10
6695,0.006695000,0.53262,-0.54216,0.0,0,0,0,12,-1
6696,0.006696000,0.532644,-0.549204,0.0,0,0,0,12,-1
6697,0.006697000,0.532668,-0.556248,0.0,0,0,0,12,-1
6698,0.006698000,0.532692,-0.563292,0.0,0,0,0,12,-1
6699,0.006699000,0.532704,-0.570336,0.0,0,0,0,12,-1
6700,0.006700000,0.532728,-0.57738,0.0,0,0,0,12,-1
6701,0.006701000,0.532752,-0.584412,0.0,0,0,0,12,-1
6702,0.006702000,0.532776,-0.591456,0.0,0,0,0,12,-1
6703,0.006703000,0.532788,-0.5985,0.0,0,0,0,12,-1
6704,0.006704000,0.532812,-0.605544,0.0,0,0,0,12,-1
6705,0.006705000,0.532836,-0.612588,0.0,0,0,0,12,-1
6706,0.006706000,0.53286,-0.61962,0.0,0,0,0,12,-1
6707,0.006707000,0.532872,-0.626664,0.0,0,0,0,12,-1
6708,0.006708000,0.532896,-0.633708,0.0,0,0,0,12,-1
6709,0.006709000,0.53292,-0.640752,0.0,0,0,0,12,-1
6710,0.006710000,0.532944,-0.647796,0.0,0,0,0,12,-1
6711,0.006711000,0.532956,-0.65484,0.0,0,0,0,12,-1
6712,0.006712000,0.53298,-0.661872,0.0,0,0,0,12,-1
6713,0.006713000,0.533004,-0.668916,0.0,0,0,0,12,-1
6714,0.006714000,0.533016,-0.67596,0.0,0,0,0,12,-1
6715,0.006715000,0.53304,-0.683004,0.0,0,0,0,12,-1
6716,0.006716000,0.533064,-0.690048,0.0,0,0,0,12,-1
6717,0.006717000,0.533088,-0.697092,0.0,0,0,0,12,-1
6718,0.006718000,0.5331,-0.704124,0.0,0,0,0,12,-1
6719,0.006719000,0.533124,-0.711168,0.0,0,0,0,12,-1
6720,0.006720000,0.533148,-0.718212,0.0,0,0,0,12,-1
6721,0.006721000,0.533172,-0.725256,0.0,0,0,0,12,-1
6722,0.006722000,0.533184,-0.7323,0.0,0,0,0,12,-1
6723,0.006723000,0.533208,-0.739344,0.0,0,0,0,12,-1
6724,0.006724000,0.533232,-0.746388,5.0,1,0,0,12,11
6725,0.006725000,0.533256,-0.75342,0.0,0,0,0,12,-1
6726,0.006726000,0.533268,-0.760464,0.0,0,0,0,12,-1
6727,0.006727000,0.533292,-0.767508,0.0,0,0,0,12,-1
6728,0.006728000,0.533316,-0.774552,0.0,0,0,0,12,-1
6729,0.006729000,0.53334,-0.781596,0.0,0,0,0,12,-1
6730,0.006730000,0.533352,-0.78864,0.0,0,0,0,12,-1
6731,0.006731000,0.533376,-0.795684,0.0,0,0,0,12,-1
6732,0.006732000,0.5334,-0.802716,0.0,0,0,0,12,-1
6733,0.006733000,0.533424,-0.80976,0.0,0,0,0,12,-1
6734,0.006734000,0.533436,-0.816804,0.0,0,0,0,12,-1
6735,0.006735000,0.53346,-0.823848,0.0,0,0,0,12,-1
6736,0.006736000,0.533484,-0.830892,0.0,0,0,0,12,-1
6737,0.006737000,0.533508,-0.837936,0.0,0,0,0,12,-1
6738,0.006738000,0.53352,-0.84498,0.0,0,0,0,12,-1
6739,0.006739000,0.533544,-0.852012,0.0,0,0,0,12,-1
6740,0.006740000,0.533568,-0.859056,0.0,0,0,0,12,-1
6741,0.006741000,0.53358,-0.8661,0.0,0,0,0,12,-1
6742,0.006742000,0.533604,-0.873144,0.0,0,0,0,12,-1
6743,0.006743000,0.533628,-0.880188,0.0,0,0,0,12,-1
6744,0.006744000,0.533652,-0.887232,0.0,0,0,0,12,-1
6745,0.006745000,0.533664,-0.894276,0.0,0,0,0,12,-1
6746,0.006746000,0.533688,-0.90132,0.0,0,0,0,12,-1
6747,0.006747000,0.533712,-0.908352,0.0,0,0,0,12,-1
6748,0.006748000,0.533736,-0.915396,0.0,0,0,0,12,-1
6749,0.006749000,0.533748,-0.92244,0.0,0,0,0,12,-1
6750,0.006750000,0.533772,-0.929484,0.0,0,0,0,12,-1
6751,0.006751000,0.533796,-0.936528,0.0,0,0,0,12,-1
6752,0.006752000,0.53382,-0.943572,0.0,0,0,0,12,-1
6753,0.006753000,0.533832,-0.950616,0.0,0,0,0,12,-1
6754,0.006754000,0.533856,-0.95766,5.0,1,0,0,12,12
6755,0.006755000,0.53388,-0.964704,0.0,0,0,0,12,-1
6756,0.006756000,0.533904,-0.971736,0.0,0,0,0,12,-1
6757,0.006757000,0.533916,-0.97878,0.0,0,0,0,12,-1
6758,0.006758000,0.53394,-0.985824,0.0,0,0,0,12,-1
6759,0.006759000,0.533964,-0.992868,0.0,0,0,0,12,-1
6760,0.006760000,0.533988,-0.999912,0.0,0,0,0,12,-1
6761,0.006761000,0.534,-1.006956,0.0,0,0,0,12,-1
6762,0.006762000,0.534024,-1.014,0.0,0,0,0,12,-1
6763,0.006763000,0.534048,-1.021044,0.0,0,0,0,12,-1
6764,0.006764000,0.53406,-1.028088,0.0,0,0,0,12,-1
6765,0.006765000,0.534084,-1.035132,0.0,0,0,0,12,-1
6766,0.006766000,0.534108,-1.042164,0.0,0,0,0,12,-1
6767,0.006767000,0.534132,-1.049208,0.0,0,0,0,12,-1
6768,0.006768000,0.534144,-1.056252,0.0,0,0,0,12,-1
6769,0.006769000,0.534168,-1.063296,0.0,0,0,0,12,-1
6770,0.006770000,0.534192,-1.07034,0.0,0,0,0,12,-1
6771,0.006771000,0.534216,-1.077384,0.0,0,0,0,12,-1
6772,0.006772000,0.534228,-1.084428,0.0,0,0,0,12,-1
6773,0.006773000,0.534252,-1.091472,0.0,0,0,0,12,-1
6774,0.006774000,0.534276,-1.098516,0.0,0,0,0,12,-1
6775,0.006775000,0.5343,-1.10556,0.0,0,0,0,12,-1
6776,0.006776000,0.534312,-1.112604,0.0,0,0,0,12,-1
6777,0.006777000,0.534336,-1.119648,0.0,0,0,0,12,-1
6778,0.006778000,0.53436,-1.12668,0.0,0,0,0,12,-1
6779,0.006779000,0.534384,-1.133724,0.0,0,0,0,12,-1
6780,0.006780000,0.534396,-1.140768,0.0,0,0,0,12,-1
6781,0.006781000,0.53442,-1.147812,0.0,0,0,0,12,-1
6782,0.006782000,0.534444,-1.154856,0.0,0,0,0,12,-1
6783,0.006783000,0.534468,-1.1619,0.0,0,0,0,12,-1
6784,0.006784000,0.53448,-1.168944,5.0,1,0,0,12,13
6785,0.006785000,0.534504,-1.175988,0.0,0,0,0,12,-1
6786,0.006786000,0.534528,-1.183032,0.0,0,0,0,12,-1
6787,0.006787000,0.534552,-1.190076,0.0,0,0,0,12,-1
6788,0.006788000,0.534564,-1.19712,0.0,0,0,0,12,-1
6789,0.006789000,0.534588,-1.2042,0.0,0,0,0,12,-1
6790,0.006790000,0.534612,-1.21116,0.0,0,0,0,12,-1
6791,0.006791000,0.534624,-1.21824,0.0,0,0,0,12,-1
6792,0.006792000,0.534648,-1.22532,0.0,0,0,0,12,-1
6793,0.006793000,0.534672,-1.23228,0.0,0,0,0,12,-1
6794,0.006794000,0.534696,-1.23936,0.0,0,0,0,12,-1
6795,0.006795000,0.534708,-1.24644,0.0,0,0,0,12,-1
6796,0.006796000,0.534732,-1.25352,0.0,0,0,0,12,-1
6797,0.006797000,0.534756,-1.26048,0.0,0,0,0,12,-1
6798,0.006798000,0.53478,-1.26756,0.0,0,0,0,12,-1
6799,0.006799000,0.534792,-1.27464,0.0,0,0,0,12,-1
6800,0.006800000,0.534816,-1.2816,0.0,0,0,0,12,-1
6801,0.006801000,0.53484,-1.28868,0.0,0,0,0,12,-1
6802,0.006802000,0.534864,-1.29576,0.0,0,0,0,12,-1
6803,0.006803000,0.534876,-1.30272,0.0,0,0,0,12,-1
6804,0.006804000,0.5349,-1.3098,0.0,0,0,0,12,-1
6805,0.006805000,0.534924,-1.31688,0.0,0,0,0,12,-1
6806,0.006806000,0.534948,-1.32384,0.0,0,0,0,12,-1
6807,0.006807000,0.53496,-1.33092,0.0,0,0,0,12,-1
6808,0.006808000,0.534984,-1.338,0.0,0,0,0,12,-1
6809,0.006809000,0.535008,-1.34508,0.0,0,0,0,12,-1
6810,0.006810000,0.535032,-1.35204,0.0,0,0,0,12,-1
6811,0.006811000,0.535044,-1.35912,0.0,0,0,0,12,-1
6812,0.006812000,0.535068,-1.3662,0.0,0,0,0,12,-1
6813,0.006813000,0.535092,-1.37316,0.0,0,0,0,12,-1
6814,0.006814000,0.535116,-1.38024,5.0,1,0,0,12,14
6815,0.006815000,0.535128,-1.38732,0.0,0,0,0,12,-1
6816,0.006816000,0.535152,-1.39428,0.0,0,0,0,12,-1
6817,0.006817000,0.535176,-1.40136,0.0,0,0,0,12,-1
6818,0.006818000,0.535188,-1.40844,0.0,0,0,0,12,-1
6819,0.006819000,0.535212,-1.41552,0.0,0,0,0,12,-1
6820,0.006820000,0.535236,-1.42248,0.0,0,0,0,12,-1
6821,0.006821000,0.53526,-1.42956,0.0,0,0,0,12,-1
6822,0.006822000,0.535272,-1.43664,0.0,0,0,0,12,-1
6823,0.006823000,0.535296,-1.4436,0.0,0,0,0,12,-1
6824,0.006824000,0.53532,-1.45068,0.0,0,0,0,12,-1
6825,0.006825000,0.535344,-1.45776,0.0,0,0,0,12,-1
6826,0.006826000,0.535356,-1.46472,0.0,0,0,0,12,-1
6827,0.006827000,0.53538,-1.4718,0.0,0,0,0,12,-1
6828,0.006828000,0.535404,-1.47888,0.0,0,0,0,12,-1
6829,0.006829000,0.535428,-1.48596,0.0,0,0,0,12,-1
6830,0.006830000,0.53544,-1.49292,0.0,0,0,0,12,-1
6831,0.006831000,0.535464,-1.5,0.0,0,0,0,12,-1
6832,0.006832000,0.535488,-1.50708,0.0,0,0,0,12,-1
6833,0.006833000,0.535512,-1.51404,0.0,0,0,0,12,-1
6834,0.006834000,0.535524,-1.52112,0.0,0,0,0,12,-1
6835,0.006835000,0.535548,-1.5282,0.0,0,0,0,12,-1
6836,0.006836000,0.535572,-1.53516,0.0,0,0,0,12,-1
6837,0.006837000,0.535596,-1.54224,0.0,0,0,0,12,-1
6838,0.006838000,0.535608,-1.54932,0.0,0,0,0,12,-1
6839,0.006839000,0.535632,-1.5564,0.0,0,0,0,12,-1
6840,0.006840000,0.535656,-1.56336,0.0,0,0,0,12,-1
6841,0.006841000,0.53568,-1.57044,0.0,0,0,0,12,-1
6842,0.006842000,0.535692,-1.57752,0.0,0,0,0,12,-1
6843,0.006843000,0.535716,-1.58448,0.0,0,0,0,12,-1
6844,0.006844000,0.53574,-1.59156,5.0,1,1,0,12,15
6845,0.006845000,0.535752,-1.59864,0.0,0,0,0,-1,-1
6846,0.006846000,0.535776,-1.6056,0.0,0,0,0,-1,-1
6847,0.006847000,0.5358,-1.61268,0.0,0,0,0,-1,-1
6848,0.006848000,0.535824,-1.61976,0.0,0,0,0,-1,-1
6849,0.006849000,0.539544,-1.626,0.0,0,0,0,-1,-1
6850,0.006850000,0.539568,-1.63308,0.0,0,0,0,-1,-1
6851,0.006851000,0.53958,-1.64004,0.0,0,0,0,-1,-1
6852,0.006852000,0.5433,-1.64628,0.0,0,0,0,-1,-1
6853,0.006853000,0.543324,-1.65336,0.0,0,0,0,-1,-1
6854,0.006854000,0.547044,-1.6596,0.0,0,0,0,-1,-1
6855,0.006855000,0.550752,-1.66584,0.0,0,0,0,-1,-1
6856,0.006856000,0.55446,-1.67208,0.0,0,0,0,-1,-1
6857,0.006857000,0.558168,-1.6782,0.0,0,0,0,-1,-1
6858,0.006858000,0.561864,-1.68444,0.0,0,0,0,-1,-1
6859,0.006859000,0.565548,-1.6836,0.0,0,0,0,-1,-1
6860,0.006860000,0.569244,-1.68984,0.0,0,0,0,-1,-1
6861,0.006861000,0.572916,-1.689,0.0,0,0,0,-1,-1
6862,0.006862000,0.576576,-1.68816,0.0,0,0,0,-1,-1
6863,0.006863000,0.58026,-1.6944,0.0,0,0,0,-1,-1
6864,0.006864000,0.58392,-1.69356,0.0,0,0,0,-1,-1
6865,0.006865000,0.58758,-1.69272,0.0,0,0,0,-1,-1
6866,0.006866000,0.591228,-1.692,0.0,0,0,0,-1,-1
6867,0.006867000,0.594876,-1.69116,0.0,0,0,0,-1,-1
6868,0.006868000,0.598524,-1.69032,0.0,0,0,0,-1,-1
6869,0.006869000,0.60216,-1.68948,0.0,0,0,0,-1,-1
6870,0.006870000,0.605784,-1.68168,0.0,0,0,0,-1,-1
6871,0.006871000,0.60942,-1.68096,0.0,0,0,0,-1,-1
6872,0.006872000,0.613044,-1.68012,0.0,0,0,0,-1,-1
6873,0.006873000,0.616656,-1.67232,0.0,0,0,0,-1,-1
6874,0.006874000,0.62028,-1.67148,0.0,0,0,0,-1,-1
6875,0.006875000,0.62388,-1.6638,0.0,0,0,0,-1,-1
6876,0.006876000,0.62748,-1.656,0.0,0,0,0,-1,-1
6877,0.006877000,0.631068,-1.64832,0.0,0,0,0,-1,-1
6878,0.006878000,0.634656,-1.64052,0.0,0,0,0,-1,-1
6879,0.006879000,0.638244,-1.63284,0.0,0,0,0,-1,-1
6880,0.006880000,0.63822,-1.62588,0.0,0,0,0,-1,-1
6881,0.006881000,0.641808,-1.61808,0.0,0,0,0,-1,-1
6882,0.006882000,0.641784,-1.61112,0.0,0,0,0,-1,-1
6883,0.006883000,0.64176,-1.60416,0.0,0,0,0,-1,-1
6884,0.006884000,0.645348,-1.59648,0.0,0,0,0,-1,-1
6885,0.006885000,0.645324,-1.58952,0.0,0,0,0,-1,-1
6886,0.006886000,0.6453,-1.58268,0.0,0,0,0,-1,-1
6887,0.006887000,0.645288,-1.57572,0.0,0,0,0,-1,-1
6888,0.006888000,0.645264,-1.56876,5.0,1,0,0,13,0
6889,0.006889000,0.64524,-1.5618,0.0,0,0,0,13,-1
6890,0.006890000,0.645216,-1.55484,0.0,0,0,0,13,-1
6891,0.006891000,0.645204,-1.54788,0.0,0,0,0,13,-1
6892,0.006892000,0.64518,-1.54092,0.0,0,0,0,13,-1
6893,0.006893000,0.645156,-1.53408,0.0,0,0,0,13,-1
6894,0.006894000,0.645132,-1.52712,0.0,0,0,0,13,-1
6895,0.006895000,0.64512,-1.52016,0.0,0,0,0,13,-1
6896,0.006896000,0.645096,-1.5132,0.0,0,0,0,13,-1
6897,0.006897000,0.645072,-1.50624,0.0,0,0,0,13,-1
6898,0.006898000,0.64506,-1.49928,0.0,0,0,0,13,-1
6899,0.006899000,0.645036,-1.49232,0.0,0,0,0,13,-1
6900,0.006900000,0.645012,-1.48536,0.0,0,0,0,13,-1
6901,0.006901000,0.644988,-1.47852,0.0,0,0,0,13,-1
6902,0.006902000,0.644976,-1.47156,0.0,0,0,0,13,-1
6903,0.006903000,0.644952,-1.4646,0.0,0,0,0,13,-1
6904,0.006904000,0.644928,-1.45764,0.0,0,0,0,13,-1
6905,0.006905000,0.644916,-1.45068,0.0,0,0,0,13,-1
6906,0.006906000,0.644892,-1.44372,0.0,0,0,0,13,-1
6907,0.006907000,0.644868,-1.43676,0.0,0,0,0,13,-1
6908,0.006908000,0.644844,-1.42992,0.0,0,0,0,13,-1
6909,0.006909000,0.644832,-1.42296,0.0,0,0,0,13,-1
6910,0.006910000,0.644808,-1.416,0.0,0,0,0,13,-1
6911,0.006911000,0.644784,-1.40904,0.0,0,0,0,13,-1
6912,0.006912000,0.64476,-1.40208,0.0,0,0,0,13,-1
6913,0.006913000,0.644748,-1.39512,0.0,0,0,0,13,-1
6914,0.006914000,0.644724,-1.38828,0.0,0,0,0,13,-1
6915,0.006915000,0.6447,-1.38132,0.0,0,0,0,13,-1
6916,0.006916000,0.644688,-1.37436,0.0,0,0,0,13,-1
6917,0.006917000,0.644664,-1.3674,0.0,0,0,0,13,-1
6918,0.006918000,0.64464,-1.36044,5.0,1,0,0,13,1
6919,0.006919000,0.644616,-1.35348,0.0,0,0,0,13,-1
6920,0.006920000,0.644604,-1.34652,0.0,0,0,0,13,-1
6921,0.006921000,0.64458,-1.33968,0.0,0,0,0,13,-1
6922,0.006922000,0.644556,-1.33272,0.0,0,0,0,13,-1
6923,0.006923000,0.644532,-1.32576,0.0,0,0,0,13,-1
6924,0.006924000,0.64452,-1.3188,0.0,0,0,0,13,-1
6925,0.006925000,0.644496,-1.31184,0.0,0,0,0,13,-1
6926,0.006926000,0.644472,-1.30488,0.0,0,0,0,13,-1
6927,0.006927000,0.64446,-1.29792,0.0,0,0,0,13,-1
6928,0.006928000,0.644436,-1.29108,0.0,0,0,0,13,-1
6929,0.006929000,0.644412,-1.28412,0.0,0,0,0,13,-1
6930,0.006930000,0.644388,-1.27716,0.0,0,0,0,13,-1
6931,0.006931000,0.644376,-1.2702,0.0,0,0,0,13,-1
6932,0.006932000,0.644352,-1.26324,0.0,0,0,0,13,-1
6933,0.006933000,0.644328,-1.25628,0.0,0,0,0,13,-1
6934,0.006934000,0.644304,-1.24932,0.0,0,0,0,13,-1
6935,0.006935000,0.644292,-1.24248,0.0,0,0,0,13,-1
6936,0.006936000,0.644268,-1.23552,0.0,0,0,0,13,-1
6937,0.006937000,0.644244,-1.22856,0.0,0,0,0,13,-1
6938,0.006938000,0.644232,-1.2216,0.0,0,0,0,13,-1
6939,0.006939000,0.644208,-1.21464,0.0,0,0,0,13,-1
6940,0.006940000,0.644184,-1.20768,0.0,0,0,0,13,-1
6941,0.006941000,0.64416,-1.20072,0.0,0,0,0,13,-1
6942,0.006942000,0.644148,-1.193832,0.0,0,0,0,13,-1
6943,0.006943000,0.644124,-1.186884,0.0,0,0,0,13,-1
6944,0.006944000,0.6441,-1.179948,0.0,0,0,0,13,-1
6945,0.006945000,0.644076,-1.173,0.0,0,0,0,13,-1
6946,0.006946000,0.644064,-1.166064,0.0,0,0,0,13,-1
6947,0.006947000,0.64404,-1.159116,0.0,0,0,0,13,-1
6948,0.006948000,0.644016,-1.15218,5.0,1,0,0,13,2
6949,0.006949000,0.644004,-1.145232,0.0,0,0,0,13,-1
6950,0.006950000,0.64398,-1.138296,0.0,0,0,0,13,-1
6951,0.006951000,0.643956,-1.131348,0.0,0,0,0,13,-1
6952,0.006952000,0.643932,-1.124412,0.0,0,0,0,13,-1
6953,0.006953000,0.64392,-1.117464,0.0,0,0,0,13,-1
6954,0.006954000,0.643896,-1.110528,0.0,0,0,0,13,-1
6955,0.006955000,0.643872,-1.10358,0.0,0,0,0,13,-1
6956,0.006956000,0.643848,-1.096644,0.0,0,0,0,13,-1
6957,0.006957000,0.643836,-1.089696,0.0,0,0,0,13,-1
6958,0.006958000,0.643812,-1.08276,0.0,0,0,0,13,-1
6959,0.006959000,0.643788,-1.075812,0.0,0,0,0,13,-1
6960,0.006960000,0.643776,-1.068876,0.0,0,0,0,13,-1
6961,0.006961000,0.643752,-1.061928,0.0,0,0,0,13,-1
6962,0.006962000,0.643728,-1.054992,0.0,0,0,0,13,-1
6963,0.006963000,0.643704,-1.048044,0.0,0,0,0,13,-1
6964,0.006964000,0.643692,-1.041108,0.0,0,0,0,13,-1
6965,0.006965000,0.643668,-1.03416,0.0,0,0,0,13,-1
6966,0.006966000,0.643644,-1.027224,0.0,0,0,0,13,-1
6967,0.006967000,0.643632,-1.020276,0.0,0,0,0,13,-1
6968,0.006968000,0.643608,-1.01334,0.0,0,0,0,13,-1
6969,0.006969000,0.643584,-1.006392,0.0,0,0,0,13,-1
6970,0.006970000,0.64356,-0.999456,0.0,0,0,0,13,-1
6971,0.006971000,0.643548,-0.992508,0.0,0,0,0,13,-1
6972,0.006972000,0.643524,-0.985572,0.0,0,0,0,13,-1
6973,0.006973000,0.6435,-0.978624,0.0,0,0,0,13,-1
6974,0.006974000,0.643476,-0.971688,0.0,0,0,0,13,-1
6975,0.006975000,0.643464,-0.964752,0.0,0,0,0,13,-1
6976,0.006976000,0.64344,-0.957804,0.0,0,0,0,13,-1
6977,0.006977000,0.643416,-0.950868,0.0,0,0,0,13,-1
6978,0.006978000,0.643404,-0.94392,5.0,1,0,0,13,3
6979,0.006979000,0.64338,-0.936984,0.0,0,0,0,13,-1
6980,0.006980000,0.643356,-0.930036,0.0,0,0,0,13,-1
6981,0.006981000,0.643332,-0.9231,0.0,0,0,0,13,-1
6982,0.006982000,0.64332,-0.916152,0.0,0,0,0,13,-1
6983,0.006983000,0.643296,-0.909216,0.0,0,0,0,13,-1
6984,0.006984000,0.643272,-0.902268,0.0,0,0,0,13,-1
6985,0.006985000,0.643248,-0.895332,0.0,0,0,0,13,-1
6986,0.006986000,0.643236,-0.888384,0.0,0,0,0,13,-1
6987,0.006987000,0.643212,-0.881448,0.0,0,0,0,13,-1
6988,0.006988000,0.643188,-0.8745,0.0,0,0,0,13,-1
6989,0.006989000,0.643176,-0.867564,0.0,0,0,0,13,-1
6990,0.006990000,0.643152,-0.860628,0.0,0,0,0,13,-1
6991,0.006991000,0.643128,-0.85368,0.0,0,0,0,13,-1
6992,0.006992000,0.643104,-0.846744,0.0,0,0,0,13,-1
6993,0.006993000,0.643092,-0.839796,0.0,0,0,0,13,-1
6994,0.006994000,0.643068,-0.83286,0.0,0,0,0,13,-1
6995,0.006995000,0.643044,-0.825912,0.0,0,0,0,13,-1
6996,0.006996000,0.64302,-0.818976,0.0,0,0,0,13,-1
6997,0.006997000,0.643008,-0.812028,0.0,0,0,0,13,-1
6998,0.006998000,0.642984,-0.805092,0.0,0,0,0,13,-1
6999,0.006999000,0.64296,-0.798144,0.0,0,0,0,13,-1
7000,0.007000000,0.642948,-0.791208,0.0,0,0,0,13,-1
7001,0.007001000,0.642924,-0.784272,0.0,0,0,0,13,-1
7002,0.007002000,0.6429,-0.777324,0.0,0,0,0,13,-1
7003,0.007003000,0.642876,-0.770388,0.0,0,0,0,13,-1
7004,0.007004000,0.642864,-0.76344,0.0,0,0,0,13,-1
7005,0.007005000,0.64284,-0.756504,0.0,0,0,0,13,-1
7006,0.007006000,0.642816,-0.749556,0.0,0,0,0,13,-1
7007,0.007007000,0.642792,-0.74262,0.0,0,0,0,13,-1
7008,0.007008000,0.64278,-0.735684,5.0,1,0,0,13,4
7009,0.007009000,0.642756,-0.728736,0.0,0,0,0,13,-1
7010,0.007010000,0.642732,-0.7218,0.0,0,0,0,13,-1
7011,0.007011000,0.64272,-0.714852,0.0,0,0,0,13,-1
7012,0.007012000,0.642696,-0.707916,0.0,0,0,0,13,-1
7013,0.007013000,0.642672,-0.700968,0.0,0,0,0,13,-1
7014,0.007014000,0.642648,-0.694032,0.0,0,0,0,13,-1
7015,0.007015000,0.642636,-0.687096,0.0,0,0,0,13,-1
7016,0.007016000,0.642612,-0.680148,0.0,0,0,0,13,-1
7017,0.007017000,0.642588,-0.673212,0.0,0,0,0,13,-1
7018,0.007018000,0.642564,-0.666264,0.0,0,0,0,13,-1
7019,0.007019000,0.642552,-0.659328,0.0,0,0,0,13,-1
7020,0.007020000,0.642528,-0.65238,0.0,0,0,0,13,-1
7021,0.007021000,0.642504,-0.645444,0.0,0,0,0,13,-1
7022,0.007022000,0.642492,-0.638508,0.0,0,0,0,13,-1
7023,0.007023000,0.642468,-0.63156,0.0,0,0,0,13,-1
7024,0.007024000,0.642444,-0.624624,0.0,0,0,0,13,-1
7025,0.007025000,0.64242,-0.617676,0.0,0,0,0,13,-1
7026,0.007026000,0.642408,-0.61074,0.0,0,0,0,13,-1
7027,0.007027000,0.642384,-0.603804,0.0,0,0,0,13,-1
7028,0.007028000,0.64236,-0.596856,0.0,0,0,0,13,-1
7029,0.007029000,0.642348,-0.58992,0.0,0,0,0,13,-1
7030,0.007030000,0.642324,-0.582972,0.0,0,0,0,13,-1
7031,0.007031000,0.6423,-0.576036,0.0,0,0,0,13,-1
7032,0.007032000,0.642276,-0.5691,0.0,0,0,0,13,-1
7033,0.007033000,0.642264,-0.562152,0.0,0,0,0,13,-1
7034,0.007034000,0.64224,-0.555216,0.0,0,0,0,13,-1
7035,0.007035000,0.642216,-0.548268,0.0,0,0,0,13,-1
7036,0.007036000,0.642192,-0.541332,0.0,0,0,0,13,-1
7037,0.007037000,0.64218,-0.534396,0.0,0,0,0,13,-1
7038,0.007038000,0.642156,-0.527448,5.0,1,0,0,13,5
7039,0.007039000,0.642132,-0.520512,0.0,0,0,0,13,-1
7040,0.007040000,0.64212,-0.513564,0.0,0,0,0,13,-1
7041,0.007041000,0.642096,-0.506628,0.0,0,0,0,13,-1
7042,0.007042000,0.642072,-0.499692,0.0,0,0,0,13,-1
7043,0.007043000,0.642048,-0.492744,0.0,0,0,0,13,-1
7044,0.007044000,0.642036,-0.485808,0.0,0,0,0,13,-1
7045,0.007045000,0.642012,-0.47886,0.0,0,0,0,13,-1
7046,0.007046000,0.641988,-0.471924,0.0,0,0,0,13,-1
7047,0.007047000,0.641964,-0.464988,0.0,0,0,0,13,-1
7048,0.007048000,0.641952,-0.45804,0.0,0,0,0,13,-1
7049,0.007049000,0.641928,-0.451104,0.0,0,0,0,13,-1
7050,0.007050000,0.641904,-0.444168,0.0,0,0,0,13,-1
7051,0.007051000,0.641892,-0.43722,0.0,0,0,0,13,-1
7052,0.007052000,0.641868,-0.430284,0.0,0,0,0,13,-1
7053,0.007053000,0.641844,-0.423336,0.0,0,0,0,13,-1
7054,0.007054000,0.64182,-0.4164,0.0,0,0,0,13,-1
7055,0.007055000,0.641808,-0.409464,0.0,0,0,0,13,-1
7056,0.007056000,0.641784,-0.402516,0.0,0,0,0,13,-1
7057,0.007057000,0.64176,-0.39558,0.0,0,0,0,13,-1
7058,0.007058000,0.641736,-0.388644,0.0,0,0,0,13,-1
7059,0.007059000,0.641724,-0.381696,0.0,0,0,0,13,-1
7060,0.007060000,0.6417,-0.37476,0.0,0,0,0,13,-1
7061,0.007061000,0.641676,-0.367812,0.0,0,0,0,13,-1
7062,0.007062000,0.641664,-0.360876,0.0,0,0,0,13,-1
7063,0.007063000,0.64164,-0.35394,0.0,0,0,0,13,-1
7064,0.007064000,0.641616,-0.346992,0.0,0,0,0,13,-1
7065,0.007065000,0.641592,-0.340056,0.0,0,0,0,13,-1
7066,0.007066000,0.64158,-0.33312,0.0,0,0,0,13,-1
7067,0.007067000,0.641556,-0.326172,0.0,0,0,0,13,-1
7068,0.007068000,0.641532,-0.319236,5.0,1,0,0,13,6
7069,0.007069000,0.641508,-0.3123,0.0,0,0,0,13,-1
7070,0.007070000,0.641496,-0.305352,0.0,0,0,0,13,-1
7071,0.007071000,0.641472,-0.298416,0.0,0,0,0,13,-1
7072,0.007072000,0.641448,-0.29148,0.0,0,0,0,13,-1
7073,0.007073000,0.641436,-0.284532,0.0,0,0,0,13,-1
7074,0.007074000,0.641412,-0.277596,0.0,0,0,0,13,-1
7075,0.007075000,0.641388,-0.270648,0.0,0,0,0,13,-1
7076,0.007076000,0.641364,-0.263712,0.0,0,0,0,13,-1
7077,0.007077000,0.641352,-0.256776,0.0,0,0,0,13,-1
7078,0.007078000,0.641328,-0.249828,0.0,0,0,0,13,-1
7079,0.007079000,0.641304,-0.242892,0.0,0,0,0,13,-1
7080,0.007080000,0.641292,-0.235956,0.0,0,0,0,13,-1
7081,0.007081000,0.641268,-0.229008,0.0,0,0,0,13,-1
7082,0.007082000,0.641244,-0.222072,0.0,0,0,0,13,-1
7083,0.007083000,0.64122,-0.215136,0.0,0,0,0,13,-1
7084,0.007084000,0.641208,-0.208188,0.0,0,0,0,13,-1
7085,0.007085000,0.641184,-0.201252,0.0,0,0,0,13,-1
7086,0.007086000,0.64116,-0.194316,0.0,0,0,0,13,-1
7087,0.007087000,0.641136,-0.187368,0.0,0,0,0,13,-1
7088,0.007088000,0.641124,-0.180432,0.0,0,0,0,13,-1
7089,0.007089000,0.6411,-0.173496,0.0,0,0,0,13,-1
7090,0.007090000,0.641076,-0.166548,0.0,0,0,0,13,-1
7091,0.007091000,0.641064,-0.159612,0.0,0,0,0,13,-1
7092,0.007092000,0.64104,-0.152676,0.0,0,0,0,13,-1
7093,0.007093000,0.641016,-0.145728,0.0,0,0,0,13,-1
7094,0.007094000,0.640992,-0.138792,0.0,0,0,0,13,-1
7095,0.007095000,0.64098,-0.131856,0.0,0,0,0,13,-1
7096,0.007096000,0.640956,-0.12492,0.0,0,0,0,13,-1
7097,0.007097000,0.640932,-0.1179744,0.0,0,0,0,13,-1
7098,0.007098000,0.640908,-0.1110348,5.0,1,0,0,13,7
7099,0.007099000,0.640896,-0.1040952,0.0,0,0,0,13,-1
7100,0.007100000,0.640872,-0.0971544,0.0,0,0,0,13,-1
7101,0.007101000,0.640848,-0.0902148,0.0,0,0,0,13,-1
7102,0.007102000,0.640836,-0.0832752,0.0,0,0,0,13,-1
7103,0.007103000,0.640812,-0.0763356,0.0,0,0,0,13,-1
7104,0.007104000,0.640788,-0.069396,0.0,0,0,0,13,-1
7105,0.007105000,0.640764,-0.0624564,0.0,0,0,0,13,-1
7106,0.007106000,0.640752,-0.0555168,0.0,0,0,0,13,-1
7107,0.007107000,0.640728,-0.0485772,0.0,0,0,0,13,-1
7108,0.007108000,0.640704,-0.0416376,0.0,0,0,0,13,-1
7109,0.007109000,0.64068,-0.034698,0.0,0,0,0,13,-1
7110,0.007110000,0.640668,-0.0277584,0.0,0,0,0,13,-1
7111,0.007111000,0.640644,-0.0208188,0.0,0,0,0,13,-1
7112,0.007112000,0.64062,-0.0138792,0.0,0,0,0,13,-1
7113,0.007113000,0.640608,-0.00693948,0.0,0,0,0,13,-1
7114,0.007114000,0.640584,0.0,0.0,0,0,0,13,-1
7115,0.007115000,0.64056,0.00693948,0.0,0,0,0,13,-1
7116,0.007116000,0.640536,0.0138792,0.0,0,0,0,13,-1
7117,0.007117000,0.640524,0.0208188,0.0,0,0,0,13,-1
7118,0.007118000,0.6405,0.0277584,0.0,0,0,0,13,-1
7119,0.007119000,0.640476,0.034698,0.0,0,0,0,13,-1
7120,0.007120000,0.640464,0.0416364,0.0,0,0,0,13,-1
7121,0.007121000,0.64044,0.048576,0.0,0,0,0,13,-1
7122,0.007122000,0.640416,0.0555156,0.0,0,0,0,13,-1
7123,0.007123000,0.640392,0.0624552,0.0,0,0,0,13,-1
7124,0.007124000,0.64038,0.0693948,0.0,0,0,0,13,-1
7125,0.007125000,0.640356,0.0763344,0.0,0,0,0,13,-1
7126,0.007126000,0.640332,0.0832728,0.0,0,0,0,13,-1
7127,0.007127000,0.640308,0.0902124,0.0,0,0,0,13,-1
7128,0.007128000,0.640296,0.097152,5.0,1,0,0,13,8
7129,0.007129000,0.640272,0.1040916,0.0,0,0,0,13,-1
7130,0.007130000,0.640248,0.11103,0.0,0,0,0,13,-1
7131,0.007131000,0.640236,0.1179696,0.0,0,0,0,13,-1
7132,0.007132000,0.640212,0.124908,0.0,0,0,0,13,-1
7133,0.007133000,0.640188,0.131844,0.0,0,0,0,13,-1
7134,0.007134000,0.640164,0.138792,0.0,0,0,0,13,-1
7135,0.007135000,0.640152,0.145728,0.0,0,0,0,13,-1
7136,0.007136000,0.640128,0.152664,0.0,0,0,0,13,-1
7137,0.007137000,0.640104,0.1596,0.0,0,0,0,13,-1
7138,0.007138000,0.64008,0.166548,0.0,0,0,0,13,-1
7139,0.007139000,0.640068,0.173484,0.0,0,0,0,13,-1
7140,0.007140000,0.640044,0.18042,0.0,0,0,0,13,-1
7141,0.007141000,0.64002,0.187356,0.0,0,0,0,13,-1
7142,0.007142000,0.640008,0.194304,0.0,0,0,0,13,-1
7143,0.007143000,0.639984,0.20124,0.0,0,0,0,13,-1
7144,0.007144000,0.63996,0.208176,0.0,0,0,0,13,-1
7145,0.007145000,0.639936,0.215112,0.0,0,0,0,13,-1
7146,0.007146000,0.639924,0.22206,0.0,0,0,0,13,-1
7147,0.007147000,0.6399,0.228996,0.0,0,0,0,13,-1
7148,0.007148000,0.639876,0.235932,0.0,0,0,0,13,-1
7149,0.007149000,0.639852,0.242868,0.0,0,0,0,13,-1
7150,0.007150000,0.63984,0.249816,0.0,0,0,0,13,-1
7151,0.007151000,0.639816,0.256752,0.0,0,0,0,13,-1
7152,0.007152000,0.639792,0.263688,0.0,0,0,0,13,-1
7153,0.007153000,0.63978,0.270624,0.0,0,0,0,13,-1
7154,0.007154000,0.639756,0.277572,0.0,0,0,0,13,-1
7155,0.007155000,0.639732,0.284508,0.0,0,0,0,13,-1
7156,0.007156000,0.639708,0.291444,0.0,0,0,0,13,-1
7157,0.007157000,0.639696,0.29838,0.0,0,0,0,13,-1
7158,0.007158000,0.639672,0.305328,5.0,1,0,0,13,9
7159,0.007159000,0.639648,0.312264,0.0,0,0,0,13,-1
7160,0.007160000,0.639636,0.3192,0.0,0,0,0,13,-1
7161,0.007161000,0.639612,0.326136,0.0,0,0,0,13,-1
7162,0.007162000,0.639588,0.333084,0.0,0,0,0,13,-1
7163,0.007163000,0.639564,0.34002,0.0,0,0,0,13,-1
7164,0.007164000,0.639552,0.346956,0.0,0,0,0,13,-1
7165,0.007165000,0.639528,0.353892,0.0,0,0,0,13,-1
7166,0.007166000,0.639504,0.36084,0.0,0,0,0,13,-1
7167,0.007167000,0.63948,0.367776,0.0,0,0,0,13,-1
7168,0.007168000,0.639468,0.374712,0.0,0,0,0,13,-1
7169,0.007169000,0.639444,0.381648,0.0,0,0,0,13,-1
7170,0.007170000,0.63942,0.388584,0.0,0,0,0,13,-1
7171,0.007171000,0.639408,0.395532,0.0,0,0,0,13,-1
7172,0.007172000,0.639384,0.402468,0.0,0,0,0,13,-1
7173,0.007173000,0.63936,0.409404,0.0,0,0,0,13,-1
7174,0.007174000,0.639336,0.41634,0.0,0,0,0,13,-1
7175,0.007175000,0.639324,0.423276,0.0,0,0,0,13,-1
7176,0.007176000,0.6393,0.430224,0.0,0,0,0,13,-1
7177,0.007177000,0.639276,0.43716,0.0,0,0,0,13,-1
7178,0.007178000,0.639252,0.444096,0.0,0,0,0,13,-1
7179,0.007179000,0.63924,0.451032,0.0,0,0,0,13,-1
7180,0.007180000,0.639216,0.45798,0.0,0,0,0,13,-1
7181,0.007181000,0.639192,0.464916,0.0,0,0,0,13,-1
7182,0.007182000,0.63918,0.471852,0.0,0,0,0,13,-1
7183,0.007183000,0.639156,0.478788,0.0,0,0,0,13,-1
7184,0.007184000,0.639132,0.485724,0.0,0,0,0,13,-1
7185,0.007185000,0.639108,0.492672,0.0,0,0,0,13,-1
7186,0.007186000,0.639096,0.499608,0.0,0,0,0,13,-1
7187,0.007187000,0.639072,0.506544,0.0,0,0,0,13,-1
7188,0.007188000,0.639048,0.51348,5.0,1,0,0,13,10
7189,0.007189000,0.639024,0.520416,0.0,0,0,0,13,-1
7190,0.007190000,0.639012,0.527364,0.0,0,0,0,13,-1
7191,0.007191000,0.638988,0.5343,0.0,0,0,0,13,-1
7192,0.007192000,0.638964,0.541236,0.0,0,0,0,13,-1
7193,0.007193000,0.638952,0.548172,0.0,0,0,0,13,-1
7194,0.007194000,0.638928,0.555108,0.0,0,0,0,13,-1
7195,0.007195000,0.638904,0.562056,0.0,0,0,0,13,-1
7196,0.007196000,0.63888,0.568992,0.0,0,0,0,13,-1
7197,0.007197000,0.638868,0.575928,0.0,0,0,0,13,-1
7198,0.007198000,0.638844,0.582864,0.0,0,0,0,13,-1
7199,0.007199000,0.63882,0.5898,0.0,0,0,0,13,-1
7200,0.007200000,0.638808,0.596736,0.0,0,0,0,13,-1
7201,0.007201000,0.638784,0.603684,0.0,0,0,0,13,-1
7202,0.007202000,0.63876,0.61062,0.0,0,0,0,13,-1
7203,0.007203000,0.638736,0.617556,0.0,0,0,0,13,-1
7204,0.007204000,0.638724,0.624492,0.0,0,0,0,13,-1
7205,0.007205000,0.6387,0.631428,0.0,0,0,0,13,-1
7206,0.007206000,0.638676,0.638376,0.0,0,0,0,13,-1
7207,0.007207000,0.638652,0.645312,0.0,0,0,0,13,-1
7208,0.007208000,0.63864,0.652248,0.0,0,0,0,13,-1
7209,0.007209000,0.638616,0.659184,0.0,0,0,0,13,-1
7210,0.007210000,0.638592,0.66612,0.0,0,0,0,13,-1
7211,0.007211000,0.63858,0.673056,0.0,0,0,0,13,-1
7212,0.007212000,0.638556,0.680004,0.0,0,0,0,13,-1
7213,0.007213000,0.638532,0.68694,0.0,0,0,0,13,-1
7214,0.007214000,0.638508,0.693876,0.0,0,0,0,13,-1
7215,0.007215000,0.638496,0.700812,0.0,0,0,0,13,-1
7216,0.007216000,0.638472,0.707748,0.0,0,0,0,13,-1
7217,0.007217000,0.638448,0.714684,0.0,0,0,0,13,-1
7218,0.007218000,0.638424,0.72162,5.0,1,0,0,13,11
7219,0.007219000,0.638412,0.728568,0.0,0,0,0,13,-1
7220,0.007220000,0.638388,0.735504,0.0,0,0,0,13,-1
7221,0.007221000,0.638364,0.74244,0.0,0,0,0,13,-1
7222,0.007222000,0.638352,0.749376,0.0,0,0,0,13,-1
7223,0.007223000,0.638328,0.756312,0.0,0,0,0,13,-1
7224,0.007224000,0.638304,0.763248,0.0,0,0,0,13,-1
7225,0.007225000,0.63828,0.770196,0.0,0,0,0,13,-1
7226,0.007226000,0.638268,0.777132,0.0,0,0,0,13,-1
7227,0.007227000,0.638244,0.784068,0.0,0,0,0,13,-1
7228,0.007228000,0.63822,0.791004,0.0,0,0,0,13,-1
7229,0.007229000,0.638196,0.79794,0.0,0,0,0,13,-1
7230,0.007230000,0.638184,0.804876,0.0,0,0,0,13,-1
7231,0.007231000,0.63816,0.811812,0.0,0,0,0,13,-1
7232,0.007232000,0.638136,0.81876,0.0,0,0,0,13,-1
7233,0.007233000,0.638124,0.825696,0.0,0,0,0,13,-1
7234,0.007234000,0.6381,0.832632,0.0,0,0,0,13,-1
7235,0.007235000,0.638076,0.839568,0.0,0,0,0,13,-1
7236,0.007236000,0.638052,0.846504,0.0,0,0,0,13,-1
7237,0.007237000,0.63804,0.85344,0.0,0,0,0,13,-1
7238,0.007238000,0.638016,0.860376,0.0,0,0,0,13,-1
7239,0.007239000,0.637992,0.867324,0.0,0,0,0,13,-1
7240,0.007240000,0.63798,0.87426,0.0,0,0,0,13,-1
7241,0.007241000,0.637956,0.881196,0.0,0,0,0,13,-1
7242,0.007242000,0.637932,0.888132,0.0,0,0,0,13,-1
7243,0.007243000,0.637908,0.895068,0.0,0,0,0,13,-1
7244,0.007244000,0.637896,0.902004,0.0,0,0,0,13,-1
7245,0.007245000,0.637872,0.90894,0.0,0,0,0,13,-1
7246,0.007246000,0.637848,0.915876,0.0,0,0,0,13,-1
7247,0.007247000,0.637824,0.922824,0.0,0,0,0,13,-1
7248,0.007248000,0.637812,0.92976,5.0,1,0,0,13,12
7249,0.007249000,0.637788,0.936696,0.0,0,0,0,13,-1
7250,0.007250000,0.637764,0.943632,0.0,0,0,0,13,-1
7251,0.007251000,0.637752,0.950568,0.0,0,0,0,13,-1
7252,0.007252000,0.637728,0.957504,0.0,0,0,0,13,-1
7253,0.007253000,0.637704,0.96444,0.0,0,0,0,13,-1
7254,0.007254000,0.63768,0.971376,0.0,0,0,0,13,-1
7255,0.007255000,0.637668,0.978312,0.0,0,0,0,13,-1
7256,0.007256000,0.637644,0.98526,0.0,0,0,0,13,-1
7257,0.007257000,0.63762,0.992196,0.0,0,0,0,13,-1
7258,0.007258000,0.637596,0.999132,0.0,0,0,0,13,-1
7259,0.007259000,0.637584,1.006068,0.0,0,0,0,13,-1
7260,0.007260000,0.63756,1.013004,0.0,0,0,0,13,-1
7261,0.007261000,0.637536,1.01994,0.0,0,0,0,13,-1
7262,0.007262000,0.637524,1.026876,0.0,0,0,0,13,-1
7263,0.007263000,0.6375,1.033812,0.0,0,0,0,13,-1
7264,0.007264000,0.637476,1.040748,0.0,0,0,0,13,-1
7265,0.007265000,0.637452,1.047684,0.0,0,0,0,13,-1
7266,0.007266000,0.63744,1.054632,0.0,0,0,0,13,-1
7267,0.007267000,0.637416,1.061568,0.0,0,0,0,13,-1
7268,0.007268000,0.637392,1.068504,0.0,0,0,0,13,-1
7269,0.007269000,0.63738,1.07544,0.0,0,0,0,13,-1
7270,0.007270000,0.637356,1.082376,0.0,0,0,0,13,-1
7271,0.007271000,0.637332,1.089312,0.0,0,0,0,13,-1
7272,0.007272000,0.637308,1.096248,0.0,0,0,0,13,-1
7273,0.007273000,0.637296,1.103184,0.0,0,0,0,13,-1
7274,0.007274000,0.637272,1.11012,0.0,0,0,0,13,-1
7275,0.007275000,0.637248,1.117056,0.0,0,0,0,13,-1
7276,0.007276000,0.637224,1.123992,0.0,0,0,0,13,-1
7277,0.007277000,0.637212,1.13094,0.0,0,0,0,13,-1
7278,0.007278000,0.637188,1.137876,5.0,1,0,0,13,13
7279,0.007279000,0.637164,1.144812,0.0,0,0,0,13,-1
7280,0.007280000,0.637152,1.151748,0.0,0,0,0,13,-1
7281,0.007281000,0.637128,1.158684,0.0,0,0,0,13,-1
7282,0.007282000,0.637104,1.16562,0.0,0,0,0,13,-1
7283,0.007283000,0.63708,1.172556,0.0,0,0,0,13,-1
7284,0.007284000,0.637068,1.179492,0.0,0,0,0,13,-1
7285,0.007285000,0.637044,1.186428,0.0,0,0,0,13,-1
7286,0.007286000,0.63702,1.193364,0.0,0,0,0,13,-1
7287,0.007287000,0.636996,1.20036,0.0,0,0,0,13,-1
7288,0.007288000,0.636984,1.2072,0.0,0,0,0,13,-1
7289,0.007289000,0.63696,1.21416,0.0,0,0,0,13,-1
7290,0.007290000,0.636936,1.22112,0.0,0,0,0,13,-1
7291,0.007291000,0.636924,1.22808,0.0,0,0,0,13,-1
7292,0.007292000,0.6369,1.23504,0.0,0,0,0,13,-1
7293,0.007293000,0.636876,1.24188,0.0,0,0,0,13,-1
7294,0.007294000,0.636852,1.24884,0.0,0,0,0,13,-1
7295,0.007295000,0.63684,1.2558,0.0,0,0,0,13,-1
7296,0.007296000,0.636816,1.26276,0.0,0,0,0,13,-1
7297,0.007297000,0.636792,1.26972,0.0,0,0,0,13,-1
7298,0.007298000,0.636768,1.27656,0.0,0,0,0,13,-1
7299,0.007299000,0.636756,1.28352,0.0,0,0,0,13,-1
7300,0.007300000,0.636732,1.29048,0.0,0,0,0,13,-1
7301,0.007301000,0.636708,1.29744,0.0,0,0,0,13,-1
7302,0.007302000,0.636696,1.3044,0.0,0,0,0,13,-1
7303,0.007303000,0.636672,1.31124,0.0,0,0,0,13,-1
7304,0.007304000,0.636648,1.3182,0.0,0,0,0,13,-1
7305,0.007305000,0.636624,1.32516,0.0,0,0,0,13,-1
7306,0.007306000,0.636612,1.33212,0.0,0,0,0,13,-1
7307,0.007307000,0.636588,1.33908,0.0,0,0,0,13,-1
7308,0.007308000,0.636564,1.34592,5.0,1,0,0,13,14
7309,0.007309000,0.636552,1.35288,0.0,0,0,0,13,-1
7310,0.007310000,0.636528,1.35984,0.0,0,0,0,13,-1
7311,0.007311000,0.636504,1.3668,0.0,0,0,0,13,-1
7312,0.007312000,0.63648,1.37376,0.0,0,0,0,13,-1
7313,0.007313000,0.636468,1.3806,0.0,0,0,0,13,-1
7314,0.007314000,0.636444,1.38756,0.0,0,0,0,13,-1
7315,0.007315000,0.63642,1.39452,0.0,0,0,0,13,-1
7316,0.007316000,0.636396,1.40148,0.0,0,0,0,13,-1
7317,0.007317000,0.636384,1.40844,0.0,0,0,0,13,-1
7318,0.007318000,0.63636,1.41528,0.0,0,0,0,13,-1
7319,0.007319000,0.636336,1.42224,0.0,0,0,0,13,-1
7320,0.007320000,0.636324,1.4292,0.0,0,0,0,13,-1
7321,0.007321000,0.6363,1.43616,0.0,0,0,0,13,-1
7322,0.007322000,0.636276,1.44312,0.0,0,0,0,13,-1
7323,0.007323000,0.636252,1.44996,0.0,0,0,0,13,-1
7324,0.007324000,0.63624,1.45692,0.0,0,0,0,13,-1
7325,0.007325000,0.636216,1.46388,0.0,0,0,0,13,-1
7326,0.007326000,0.636192,1.47084,0.0,0,0,0,13,-1
7327,0.007327000,0.636168,1.4778,0.0,0,0,0,13,-1
7328,0.007328000,0.636156,1.48464,0.0,0,0,0,13,-1
7329,0.007329000,0.636132,1.4916,0.0,0,0,0,13,-1
7330,0.007330000,0.636108,1.49856,0.0,0,0,0,13,-1
7331,0.007331000,0.636096,1.50552,0.0,0,0,0,13,-1
7332,0.007332000,0.636072,1.51248,0.0,0,0,0,13,-1
7333,0.007333000,0.636048,1.51932,0.0,0,0,0,13,-1
7334,0.007334000,0.636024,1.52628,0.0,0,0,0,13,-1
7335,0.007335000,0.636012,1.53324,0.0,0,0,0,13,-1
7336,0.007336000,0.635988,1.5402,0.0,0,0,0,13,-1
7337,0.007337000,0.635964,1.54716,0.0,0,0,0,13,-1
7338,0.007338000,0.635952,1.554,5.0,1,1,0,13,15
7339,0.007339000,0.635928,1.56096,0.0,0,0,0,-1,-1
7340,0.007340000,0.635904,1.56792,0.0,0,0,0,-1,-1
7341,0.007341000,0.63588,1.57488,0.0,0,0,0,-1,-1
7342,0.007342000,0.635868,1.58184,0.0,0,0,0,-1,-1
7343,0.007343000,0.639444,1.58796,0.0,0,0,0,-1,-1
7344,0.007344000,0.63942,1.59492,0.0,0,0,0,-1,-1
7345,0.007345000,0.639396,1.60188,0.0,0,0,0,-1,-1
7346,0.007346000,0.642972,1.608,0.0,0,0,0,-1,-1
7347,0.007347000,0.64296,1.61496,0.0,0,0,0,-1,-1
7348,0.007348000,0.646524,1.62108,0.0,0,0,0,-1,-1
7349,0.007349000,0.6501,1.6272,0.0,0,0,0,-1,-1
7350,0.007350000,0.653664,1.63344,0.0,0,0,0,-1,-1
7351,0.007351000,0.657228,1.63956,0.0,0,0,0,-1,-1
7352,0.007352000,0.66078,1.64568,0.0,0,0,0,-1,-1
7353,0.007353000,0.664356,1.64484,0.0,0,0,0,-1,-1
7354,0.007354000,0.667908,1.65096,0.0,0,0,0,-1,-1
7355,0.007355000,0.671472,1.65024,0.0,0,0,0,-1,-1
7356,0.007356000,0.675036,1.6494,0.0,0,0,0,-1,-1
7357,0.007357000,0.678588,1.65552,0.0,0,0,0,-1,-1
7358,0.007358000,0.68214,1.6548,0.0,0,0,0,-1,-1
7359,0.007359000,0.685692,1.65396,0.0,0,0,0,-1,-1
7360,0.007360000,0.689244,1.65324,0.0,0,0,0,-1,-1
7361,0.007361000,0.692796,1.6524,0.0,0,0,0,-1,-1
7362,0.007362000,0.696348,1.65156,0.0,0,0,0,-1,-1
7363,0.007363000,0.699888,1.65084,0.0,0,0,0,-1,-1
7364,0.007364000,0.70344,1.64316,0.0,0,0,0,-1,-1
7365,0.007365000,0.70698,1.64244,0.0,0,0,0,-1,-1
7366,0.007366000,0.710508,1.6416,0.0,0,0,0,-1,-1
7367,0.007367000,0.71406,1.63404,0.0,0,0,0,-1,-1
7368,0.007368000,0.717588,1.6332,0.0,0,0,0,-1,-1
7369,0.007369000,0.721128,1.62564,0.0,0,0,0,-1,-1
7370,0.007370000,0.724668,1.61796,0.0,0,0,0,-1,-1
7371,0.007371000,0.728196,1.6104,0.0,0,0,0,-1,-1
7372,0.007372000,0.731736,1.60272,0.0,0,0,0,-1,-1
7373,0.007373000,0.735264,1.59516,0.0,0,0,0,-1,-1
7374,0.007374000,0.735276,1.58832,0.0,0,0,0,-1,-1
7375,0.007375000,0.738804,1.58076,0.0,0,0,0,-1,-1
7376,0.007376000,0.738828,1.57392,0.0,0,0,0,-1,-1
7377,0.007377000,0.738852,1.56708,0.0,0,0,0,-1,-1
7378,0.007378000,0.742368,1.5594,0.0,0,0,0,-1,-1
7379,0.007379000,0.742392,1.55256,0.0,0,0,0,-1,-1
7380,0.007380000,0.742416,1.54572,0.0,0,0,0,-1,-1
7381,0.007381000,0.742428,1.53888,0.0,0,0,0,-1,-1
7382,0.007382000,0.742452,1.53204,5.0,1,0,0,14,0
7383,0.007383000,0.742476,1.5252,0.0,0,0,0,14,-1
7384,0.007384000,0.742488,1.51836,0.0,0,0,0,14,-1
7385,0.007385000,0.742512,1.51164,0.0,0,0,0,14,-1
7386,0.007386000,0.742536,1.5048,0.0,0,0,0,14,-1
7387,0.007387000,0.74256,1.49796,0.0,0,0,0,14,-1
7388,0.007388000,0.742572,1.49112,0.0,0,0,0,14,-1
7389,0.007389000,0.742596,1.48428,0.0,0,0,0,14,-1
7390,0.007390000,0.74262,1.47744,0.0,0,0,0,14,-1
7391,0.007391000,0.742632,1.4706,0.0,0,0,0,14,-1
7392,0.007392000,0.742656,1.46376,0.0,0,0,0,14,-1
7393,0.007393000,0.74268,1.45692,0.0,0,0,0,14,-1
7394,0.007394000,0.742704,1.45008,0.0,0,0,0,14,-1
7395,0.007395000,0.742716,1.44324,0.0,0,0,0,14,-1
7396,0.007396000,0.74274,1.4364,0.0,0,0,0,14,-1
7397,0.007397000,0.742764,1.42956,0.0,0,0,0,14,-1
7398,0.007398000,0.742776,1.42272,0.0,0,0,0,14,-1
7399,0.007399000,0.7428,1.41588,0.0,0,0,0,14,-1
7400,0.007400000,0.742824,1.40904,0.0,0,0,0,14,-1
7401,0.007401000,0.742848,1.4022,0.0,0,0,0,14,-1
7402,0.007402000,0.74286,1.39536,0.0,0,0,0,14,-1
7403,0.007403000,0.742884,1.38852,0.0,0,0,0,14,-1
7404,0.007404000,0.742908,1.38168,0.0,0,0,0,14,-1
7405,0.007405000,0.74292,1.37484,0.0,0,0,0,14,-1
7406,0.007406000,0.742944,1.368,0.0,0,0,0,14,-1
7407,0.007407000,0.742968,1.36116,0.0,0,0,0,14,-1
7408,0.007408000,0.74298,1.35432,0.0,0,0,0,14,-1
7409,0.007409000,0.743004,1.34748,0.0,0,0,0,14,-1
7410,0.007410000,0.743028,1.34064,0.0,0,0,0,14,-1
7411,0.007411000,0.743052,1.3338,0.0,0,0,0,14,-1
7412,0.007412000,0.743064,1.32696,5.0,1,0,0,14,1
7413,0.007413000,0.743088,1.32012,0.0,0,0,0,14,-1
7414,0.007414000,0.743112,1.31328,0.0,0,0,0,14,-1
7415,0.007415000,0.743124,1.30644,0.0,0,0,0,14,-1
7416,0.007416000,0.743148,1.2996,0.0,0,0,0,14,-1
7417,0.007417000,0.743172,1.29276,0.0,0,0,0,14,-1
7418,0.007418000,0.743196,1.28592,0.0,0,0,0,14,-1
7419,0.007419000,0.743208,1.27908,0.0,0,0,0,14,-1
7420,0.007420000,0.743232,1.27224,0.0,0,0,0,14,-1
7421,0.007421000,0.743256,1.2654,0.0,0,0,0,14,-1
7422,0.007422000,0.743268,1.25856,0.0,0,0,0,14,-1
7423,0.007423000,0.743292,1.25172,0.0,0,0,0,14,-1
7424,0.007424000,0.743316,1.24488,0.0,0,0,0,14,-1
7425,0.007425000,0.74334,1.23804,0.0,0,0,0,14,-1
7426,0.007426000,0.743352,1.2312,0.0,0,0,0,14,-1
7427,0.007427000,0.743376,1.22436,0.0,0,0,0,14,-1
7428,0.007428000,0.7434,1.21752,0.0,0,0,0,14,-1
7429,0.007429000,0.743412,1.21068,0.0,0,0,0,14,-1
7430,0.007430000,0.743436,1.20384,0.0,0,0,0,14,-1
7431,0.007431000,0.74346,1.197012,0.0,0,0,0,14,-1
7432,0.007432000,0.743484,1.190172,0.0,0,0,0,14,-1
7433,0.007433000,0.743496,1.183332,0.0,0,0,0,14,-1
7434,0.007434000,0.74352,1.176504,0.0,0,0,0,14,-1
7435,0.007435000,0.743544,1.169664,0.0,0,0,0,14,-1
7436,0.007436000,0.743556,1.162824,0.0,0,0,0,14,-1
7437,0.007437000,0.74358,1.155984,0.0,0,0,0,14,-1
7438,0.007438000,0.743604,1.149144,0.0,0,0,0,14,-1
7439,0.007439000,0.743616,1.142304,0.0,0,0,0,14,-1
7440,0.007440000,0.74364,1.135464,0.0,0,0,0,14,-1
7441,0.007441000,0.743664,1.128624,0.0,0,0,0,14,-1
7442,0.007442000,0.743688,1.121784,5.0,1,0,0,14,2
7443,0.007443000,0.7437,1.114944,0.0,0,0,0,14,-1
7444,0.007444000,0.743724,1.108104,0.0,0,0,0,14,-1
7445,0.007445000,0.743748,1.101276,0.0,0,0,0,14,-1
7446,0.007446000,0.74376,1.094436,0.0,0,0,0,14,-1
7447,0.007447000,0.743784,1.087596,0.0,0,0,0,14,-1
7448,0.007448000,0.743808,1.080756,0.0,0,0,0,14,-1
7449,0.007449000,0.743832,1.073916,0.0,0,0,0,14,-1
7450,0.007450000,0.743844,1.067076,0.0,0,0,0,14,-1
7451,0.007451000,0.743868,1.060236,0.0,0,0,0,14,-1
7452,0.007452000,0.743892,1.053396,0.0,0,0,0,14,-1
7453,0.007453000,0.743904,1.046556,0.0,0,0,0,14,-1
7454,0.007454000,0.743928,1.039716,0.0,0,0,0,14,-1
7455,0.007455000,0.743952,1.032876,0.0,0,0,0,14,-1
7456,0.007456000,0.743976,1.026036,0.0,0,0,0,14,-1
7457,0.007457000,0.743988,1.019208,0.0,0,0,0,14,-1
7458,0.007458000,0.744012,1.012368,0.0,0,0,0,14,-1
7459,0.007459000,0.744036,1.005528,0.0,0,0,0,14,-1
7460,0.007460000,0.744048,0.998688,0.0,0,0,0,14,-1
7461,0.007461000,0.744072,0.991848,0.0,0,0,0,14,-1
7462,0.007462000,0.744096,0.985008,0.0,0,0,0,14,-1
7463,0.007463000,0.74412,0.978168,0.0,0,0,0,14,-1
7464,0.007464000,0.744132,0.971328,0.0,0,0,0,14,-1
7465,0.007465000,0.744156,0.964488,0.0,0,0,0,14,-1
7466,0.007466000,0.74418,0.957648,0.0,0,0,0,14,-1
7467,0.007467000,0.744192,0.950808,0.0,0,0,0,14,-1
7468,0.007468000,0.744216,0.943968,0.0,0,0,0,14,-1
7469,0.007469000,0.74424,0.937128,0.0,0,0,0,14,-1
7470,0.007470000,0.744252,0.930288,0.0,0,0,0,14,-1
7471,0.007471000,0.744276,0.923448,0.0,0,0,0,14,-1
7472,0.007472000,0.7443,0.916608,5.0,1,0,0,14,3
7473,0.007473000,0.744324,0.90978,0.0,0,0,0,14,-1
7474,0.007474000,0.744336,0.90294,0.0,0,0,0,14,-1
7475,0.007475000,0.74436,0.8961,0.0,0,0,0,14,-1
7476,0.007476000,0.744384,0.88926,0.0,0,0,0,14,-1
7477,0.007477000,0.744396,0.88242,0.0,0,0,0,14,-1
7478,0.007478000,0.74442,0.87558,0.0,0,0,0,14,-1
7479,0.007479000,0.744444,0.86874,0.0,0,0,0,14,-1
7480,0.007480000,0.744468,0.8619,0.0,0,0,0,14,-1
7481,0.007481000,0.74448,0.85506,0.0,0,0,0,14,-1
7482,0.007482000,0.744504,0.84822,0.0,0,0,0,14,-1
7483,0.007483000,0.744528,0.84138,0.0,0,0,0,14,-1
7484,0.007484000,0.74454,0.83454,0.0,0,0,0,14,-1
7485,0.007485000,0.744564,0.8277,0.0,0,0,0,14,-1
7486,0.007486000,0.744588,0.82086,0.0,0,0,0,14,-1
7487,0.007487000,0.744612,0.81402,0.0,0,0,0,14,-1
7488,0.007488000,0.744624,0.80718,0.0,0,0,0,14,-1
7489,0.007489000,0.744648,0.80034,0.0,0,0,0,14,-1
7490,0.007490000,0.744672,0.7935,0.0,0,0,0,14,-1
7491,0.007491000,0.744684,0.78666,0.0,0,0,0,14,-1
7492,0.007492000,0.744708,0.77982,0.0,0,0,0,14,-1
7493,0.007493000,0.744732,0.77298,0.0,0,0,0,14,-1
7494,0.007494000,0.744756,0.76614,0.0,0,0,0,14,-1
7495,0.007495000,0.744768,0.7593,0.0,0,0,0,14,-1
7496,0.007496000,0.744792,0.75246,0.0,0,0,0,14,-1
7497,0.007497000,0.744816,0.74562,0.0,0,0,0,14,-1
7498,0.007498000,0.744828,0.73878,0.0,0,0,0,14,-1
7499,0.007499000,0.744852,0.73194,0.0,0,0,0,14,-1
7500,0.007500000,0.744876,0.7251,0.0,0,0,0,14,-1
7501,0.007501000,0.7449,0.71826,0.0,0,0,0,14,-1
7502,0.007502000,0.744912,0.71142,5.0,1,0,0,14,4
7503,0.007503000,0.744936,0.70458,0.0,0,0,0,14,-1
7504,0.007504000,0.74496,0.69774,0.0,0,0,0,14,-1
7505,0.007505000,0.744972,0.6909,0.0,0,0,0,14,-1
7506,0.007506000,0.744996,0.68406,0.0,0,0,0,14,-1
7507,0.007507000,0.74502,0.67722,0.0,0,0,0,14,-1
7508,0.007508000,0.745032,0.670392,0.0,0,0,0,14,-1
7509,0.007509000,0.745056,0.663552,0.0,0,0,0,14,-1
7510,0.007510000,0.74508,0.656712,0.0,0,0,0,14,-1
7511,0.007511000,0.745104,0.649872,0.0,0,0,0,14,-1
7512,0.007512000,0.745116,0.643032,0.0,0,0,0,14,-1
7513,0.007513000,0.74514,0.636192,0.0,0,0,0,14,-1
7514,0.007514000,0.745164,0.629352,0.0,0,0,0,14,-1
7515,0.007515000,0.745176,0.622512,0.0,0,0,0,14,-1
7516,0.007516000,0.7452,0.615672,0.0,0,0,0,14,-1
7517,0.007517000,0.745224,0.608832,0.0,0,0,0,14,-1
7518,0.007518000,0.745248,0.601992,0.0,0,0,0,14,-1
7519,0.007519000,0.74526,0.59514,0.0,0,0,0,14,-1
7520,0.007520000,0.745284,0.5883,0.0,0,0,0,14,-1
7521,0.007521000,0.745308,0.58146,0.0,0,0,0,14,-1
7522,0.007522000,0.74532,0.57462,0.0,0,0,0,14,-1
7523,0.007523000,0.745344,0.56778,0.0,0,0,0,14,-1
7524,0.007524000,0.745368,0.56094,0.0,0,0,0,14,-1
7525,0.007525000,0.745392,0.5541,0.0,0,0,0,14,-1
7526,0.007526000,0.745404,0.54726,0.0,0,0,0,14,-1
7527,0.007527000,0.745428,0.54042,0.0,0,0,0,14,-1
7528,0.007528000,0.745452,0.53358,0.0,0,0,0,14,-1
7529,0.007529000,0.745464,0.52674,0.0,0,0,0,14,-1
7530,0.007530000,0.745488,0.5199,0.0,0,0,0,14,-1
7531,0.007531000,0.745512,0.51306,0.0,0,0,0,14,-1
7532,0.007532000,0.745536,0.50622,5.0,1,0,0,14,5
7533,0.007533000,0.745548,0.49938,0.0,0,0,0,14,-1
7534,0.007534000,0.745572,0.49254,0.0,0,0,0,14,-1
7535,0.007535000,0.745596,0.4857,0.0,0,0,0,14,-1
7536,0.007536000,0.745608,0.47886,0.0,0,0,0,14,-1
7537,0.007537000,0.745632,0.47202,0.0,0,0,0,14,-1
7538,0.007538000,0.745656,0.46518,0.0,0,0,0,14,-1
7539,0.007539000,0.74568,0.45834,0.0,0,0,0,14,-1
7540,0.007540000,0.745692,0.4515,0.0,0,0,0,14,-1
7541,0.007541000,0.745716,0.44466,0.0,0,0,0,14,-1
7542,0.007542000,0.74574,0.43782,0.0,0,0,0,14,-1
7543,0.007543000,0.745752,0.43098,0.0,0,0,0,14,-1
7544,0.007544000,0.745776,0.42414,0.0,0,0,0,14,-1
7545,0.007545000,0.7458,0.4173,0.0,0,0,0,14,-1
7546,0.007546000,0.745812,0.41046,0.0,0,0,0,14,-1
7547,0.007547000,0.745836,0.40362,0.0,0,0,0,14,-1
7548,0.007548000,0.74586,0.39678,0.0,0,0,0,14,-1
7549,0.007549000,0.745884,0.38994,0.0,0,0,0,14,-1
7550,0.007550000,0.745896,0.3831,0.0,0,0,0,14,-1
7551,0.007551000,0.74592,0.37626,0.0,0,0,0,14,-1
7552,0.007552000,0.745944,0.36942,0.0,0,0,0,14,-1
7553,0.007553000,0.745956,0.362568,0.0,0,0,0,14,-1
7554,0.007554000,0.74598,0.355728,0.0,0,0,0,14,-1
7555,0.007555000,0.746004,0.348888,0.0,0,0,0,14,-1
7556,0.007556000,0.746028,0.342048,0.0,0,0,0,14,-1
7557,0.007557000,0.74604,0.335208,0.0,0,0,0,14,-1
7558,0.007558000,0.746064,0.328368,0.0,0,0,0,14,-1
7559,0.007559000,0.746088,0.321528,0.0,0,0,0,14,-1
7560,0.007560000,0.7461,0.314688,0.0,0,0,0,14,-1
7561,0.007561000,0.746124,0.307848,0.0,0,0,0,14,-1
7562,0.007562000,0.746148,0.301008,5.0,1,0,0,14,6
7563,0.007563000,0.746172,0.294168,0.0,0,0,0,14,-1
7564,0.007564000,0.746184,0.287328,0.0,0,0,0,14,-1
7565,0.007565000,0.746208,0.280488,0.0,0,0,0,14,-1
7566,0.007566000,0.746232,0.273648,0.0,0,0,0,14,-1
7567,0.007567000,0.746244,0.266808,0.0,0,0,0,14,-1
7568,0.007568000,0.746268,0.259968,0.0,0,0,0,14,-1
7569,0.007569000,0.746292,0.253128,0.0,0,0,0,14,-1
7570,0.007570000,0.746316,0.246276,0.0,0,0,0,14,-1
7571,0.007571000,0.746328,0.239436,0.0,0,0,0,14,-1
7572,0.007572000,0.746352,0.232596,0.0,0,0,0,14,-1
7573,0.007573000,0.746376,0.225756,0.0,0,0,0,14,-1
7574,0.007574000,0.746388,0.218916,0.0,0,0,0,14,-1
7575,0.007575000,0.746412,0.212076,0.0,0,0,0,14,-1
7576,0.007576000,0.746436,0.205236,0.0,0,0,0,14,-1
7577,0.007577000,0.74646,0.198396,0.0,0,0,0,14,-1
7578,0.007578000,0.746472,0.191556,0.0,0,0,0,14,-1
7579,0.007579000,0.746496,0.184716,0.0,0,0,0,14,-1
7580,0.007580000,0.74652,0.177876,0.0,0,0,0,14,-1
7581,0.007581000,0.746532,0.171036,0.0,0,0,0,14,-1
7582,0.007582000,0.746556,0.164184,0.0,0,0,0,14,-1
7583,0.007583000,0.74658,0.157344,0.0,0,0,0,14,-1
7584,0.007584000,0.746592,0.150504,0.0,0,0,0,14,-1
7585,0.007585000,0.746616,0.143664,0.0,0,0,0,14,-1
7586,0.007586000,0.74664,0.136824,0.0,0,0,0,14,-1
7587,0.007587000,0.746664,0.129984,0.0,0,0,0,14,-1
7588,0.007588000,0.746676,0.123144,0.0,0,0,0,14,-1
7589,0.007589000,0.7467,0.1163016,0.0,0,0,0,14,-1
7590,0.007590000,0.746724,0.1094604,0.0,0,0,0,14,-1
7591,0.007591000,0.746736,0.1026192,0.0,0,0,0,14,-1
7592,0.007592000,0.74676,0.095778,5.0,1,0,0,14,7
7593,0.007593000,0.746784,0.0889368,0.0,0,0,0,14,-1
7594,0.007594000,0.746808,0.0820956,0.0,0,0,0,14,-1
7595,0.007595000,0.74682,0.0752544,0.0,0,0,0,14,-1
7596,0.007596000,0.746844,0.0684132,0.0,0,0,0,14,-1
7597,0.007597000,0.746868,0.061572,0.0,0,0,0,14,-1
7598,0.007598000,0.74688,0.0547308,0.0,0,0,0,14,-1
7599,0.007599000,0.746904,0.0478896,0.0,0,0,0,14,-1
7600,0.007600000,0.746928,0.0410484,0.0,0,0,0,14,-1
7601,0.007601000,0.746952,0.0342072,0.0,0,0,0,14,-1
7602,0.007602000,0.746964,0.027366,0.0,0,0,0,14,-1
7603,0.007603000,0.746988,0.0205248,0.0,0,0,0,14,-1
7604,0.007604000,0.747012,0.0136824,0.0,0,0,0,14,-1
7605,0.007605000,0.747024,0.00684144,0.0,0,0,0,14,-1
7606,0.007606000,0.747048,0.0,0.0,0,0,0,14,-1
7607,0.007607000,0.747072,-0.00684144,0.0,0,0,0,14,-1
7608,0.007608000,0.747096,-0.0136824,0.0,0,0,0,14,-1
7609,0.007609000,0.747108,-0.0205248,0.0,0,0,0,14,-1
7610,0.007610000,0.747132,-0.027366,0.0,0,0,0,14,-1
7611,0.007611000,0.747156,-0.0342072,0.0,0,0,0,14,-1
7612,0.007612000,0.747168,-0.0410484,0.0,0,0,0,14,-1
7613,0.007613000,0.747192,-0.0478908,0.0,0,0,0,14,-1
7614,0.007614000,0.747216,-0.054732,0.0,0,0,0,14,-1
7615,0.007615000,0.74724,-0.0615732,0.0,0,0,0,14,-1
7616,0.007616000,0.747252,-0.0684144,0.0,0,0,0,14,-1
7617,0.007617000,0.747276,-0.0752568,0.0,0,0,0,14,-1
7618,0.007618000,0.7473,-0.082098,0.0,0,0,0,14,-1
7619,0.007619000,0.747312,-0.0889392,0.0,0,0,0,14,-1
7620,0.007620000,0.747336,-0.0957816,0.0,0,0,0,14,-1
7621,0.007621000,0.74736,-0.1026228,0.0,0,0,0,14,-1
7622,0.007622000,0.747372,-0.1094652,5.0,1,0,0,14,8
7623,0.007623000,0.747396,-0.1163064,0.0,0,0,0,14,-1
7624,0.007624000,0.74742,-0.123144,0.0,0,0,0,14,-1
7625,0.007625000,0.747444,-0.129984,0.0,0,0,0,14,-1
7626,0.007626000,0.747456,-0.136836,0.0,0,0,0,14,-1
7627,0.007627000,0.74748,-0.143676,0.0,0,0,0,14,-1
7628,0.007628000,0.747504,-0.150516,0.0,0,0,0,14,-1
7629,0.007629000,0.747516,-0.157356,0.0,0,0,0,14,-1
7630,0.007630000,0.74754,-0.164196,0.0,0,0,0,14,-1
7631,0.007631000,0.747564,-0.171036,0.0,0,0,0,14,-1
7632,0.007632000,0.747588,-0.177888,0.0,0,0,0,14,-1
7633,0.007633000,0.7476,-0.184728,0.0,0,0,0,14,-1
7634,0.007634000,0.747624,-0.191568,0.0,0,0,0,14,-1
7635,0.007635000,0.747648,-0.198408,0.0,0,0,0,14,-1
7636,0.007636000,0.74766,-0.205248,0.0,0,0,0,14,-1
7637,0.007637000,0.747684,-0.212088,0.0,0,0,0,14,-1
7638,0.007638000,0.747708,-0.218928,0.0,0,0,0,14,-1
7639,0.007639000,0.747732,-0.22578,0.0,0,0,0,14,-1
7640,0.007640000,0.747744,-0.23262,0.0,0,0,0,14,-1
7641,0.007641000,0.747768,-0.23946,0.0,0,0,0,14,-1
7642,0.007642000,0.747792,-0.2463,0.0,0,0,0,14,-1
7643,0.007643000,0.747804,-0.25314,0.0,0,0,0,14,-1
7644,0.007644000,0.747828,-0.25998,0.0,0,0,0,14,-1
7645,0.007645000,0.747852,-0.266832,0.0,0,0,0,14,-1
7646,0.007646000,0.747876,-0.273672,0.0,0,0,0,14,-1
7647,0.007647000,0.747888,-0.280512,0.0,0,0,0,14,-1
7648,0.007648000,0.747912,-0.287352,0.0,0,0,0,14,-1
7649,0.007649000,0.747936,-0.294192,0.0,0,0,0,14,-1
7650,0.007650000,0.747948,-0.301032,0.0,0,0,0,14,-1
7651,0.007651000,0.747972,-0.307884,0.0,0,0,0,14,-1
7652,0.007652000,0.747996,-0.314724,5.0,1,0,0,14,9
7653,0.007653000,0.74802,-0.321564,0.0,0,0,0,14,-1
7654,0.007654000,0.748032,-0.328404,0.0,0,0,0,14,-1
7655,0.007655000,0.748056,-0.335244,0.0,0,0,0,14,-1
7656,0.007656000,0.74808,-0.342096,0.0,0,0,0,14,-1
7657,0.007657000,0.748092,-0.348936,0.0,0,0,0,14,-1
7658,0.007658000,0.748116,-0.355776,0.0,0,0,0,14,-1
7659,0.007659000,0.74814,-0.362616,0.0,0,0,0,14,-1
7660,0.007660000,0.748164,-0.369456,0.0,0,0,0,14,-1
7661,0.007661000,0.748176,-0.376296,0.0,0,0,0,14,-1
7662,0.007662000,0.7482,-0.383148,0.0,0,0,0,14,-1
7663,0.007663000,0.748224,-0.389988,0.0,0,0,0,14,-1
7664,0.007664000,0.748236,-0.396828,0.0,0,0,0,14,-1
7665,0.007665000,0.74826,-0.403668,0.0,0,0,0,14,-1
7666,0.007666000,0.748284,-0.410508,0.0,0,0,0,14,-1
7667,0.007667000,0.748296,-0.41736,0.0,0,0,0,14,-1
7668,0.007668000,0.74832,-0.4242,0.0,0,0,0,14,-1
7669,0.007669000,0.748344,-0.43104,0.0,0,0,0,14,-1
7670,0.007670000,0.748368,-0.43788,0.0,0,0,0,14,-1
7671,0.007671000,0.74838,-0.44472,0.0,0,0,0,14,-1
7672,0.007672000,0.748404,-0.451572,0.0,0,0,0,14,-1
7673,0.007673000,0.748428,-0.458412,0.0,0,0,0,14,-1
7674,0.007674000,0.74844,-0.465252,0.0,0,0,0,14,-1
7675,0.007675000,0.748464,-0.472092,0.0,0,0,0,14,-1
7676,0.007676000,0.748488,-0.478932,0.0,0,0,0,14,-1
7677,0.007677000,0.748512,-0.485784,0.0,0,0,0,14,-1
7678,0.007678000,0.748524,-0.492624,0.0,0,0,0,14,-1
7679,0.007679000,0.748548,-0.499464,0.0,0,0,0,14,-1
7680,0.007680000,0.748572,-0.506304,0.0,0,0,0,14,-1
7681,0.007681000,0.748584,-0.513144,0.0,0,0,0,14,-1
7682,0.007682000,0.748608,-0.519996,5.0,1,0,0,14,10
7683,0.007683000,0.748632,-0.526836,0.0,0,0,0,14,-1
7684,0.007684000,0.748656,-0.533676,0.0,0,0,0,14,-1
7685,0.007685000,0.748668,-0.540516,0.0,0,0,0,14,-1
7686,0.007686000,0.748692,-0.547368,0.0,0,0,0,14,-1
7687,0.007687000,0.748716,-0.554208,0.0,0,0,0,14,-1
7688,0.007688000,0.748728,-0.561048,0.0,0,0,0,14,-1
7689,0.007689000,0.748752,-0.567888,0.0,0,0,0,14,-1
7690,0.007690000,0.748776,-0.574728,0.0,0,0,0,14,-1
7691,0.007691000,0.7488,-0.58158,0.0,0,0,0,14,-1
7692,0.007692000,0.748812,-0.58842,0.0,0,0,0,14,-1
7693,0.007693000,0.748836,-0.59526,0.0,0,0,0,14,-1
7694,0.007694000,0.74886,-0.6021,0.0,0,0,0,14,-1
7695,0.007695000,0.748872,-0.608952,0.0,0,0,0,14,-1
7696,0.007696000,0.748896,-0.615792,0.0,0,0,0,14,-1
7697,0.007697000,0.74892,-0.622632,0.0,0,0,0,14,-1
7698,0.007698000,0.748944,-0.629472,0.0,0,0,0,14,-1
7699,0.007699000,0.748956,-0.636324,0.0,0,0,0,14,-1
7700,0.007700000,0.74898,-0.643164,0.0,0,0,0,14,-1
7701,0.007701000,0.749004,-0.650004,0.0,0,0,0,14,-1
7702,0.007702000,0.749016,-0.656844,0.0,0,0,0,14,-1
7703,0.007703000,0.74904,-0.663696,0.0,0,0,0,14,-1
7704,0.007704000,0.749064,-0.670536,0.0,0,0,0,14,-1
7705,0.007705000,0.749076,-0.677376,0.0,0,0,0,14,-1
7706,0.007706000,0.7491,-0.684216,0.0,0,0,0,14,-1
7707,0.007707000,0.749124,-0.691056,0.0,0,0,0,14,-1
7708,0.007708000,0.749148,-0.697908,0.0,0,0,0,14,-1
7709,0.007709000,0.74916,-0.704748,0.0,0,0,0,14,-1
7710,0.007710000,0.749184,-0.711588,0.0,0,0,0,14,-1
7711,0.007711000,0.749208,-0.718428,0.0,0,0,0,14,-1
7712,0.007712000,0.74922,-0.72528,5.0,1,0,0,14,11
7713,0.007713000,0.749244,-0.73212,0.0,0,0,0,14,-1
7714,0.007714000,0.749268,-0.73896,0.0,0,0,0,14,-1
7715,0.007715000,0.749292,-0.7458,0.0,0,0,0,14,-1
7716,0.007716000,0.749304,-0.752652,0.0,0,0,0,14,-1
7717,0.007717000,0.749328,-0.759492,0.0,0,0,0,14,-1
7718,0.007718000,0.749352,-0.766332,0.0,0,0,0,14,-1
7719,0.007719000,0.749364,-0.773184,0.0,0,0,0,14,-1
7720,0.007720000,0.749388,-0.780024,0.0,0,0,0,14,-1
7721,0.007721000,0.749412,-0.786864,0.0,0,0,0,14,-1
7722,0.007722000,0.749436,-0.793704,0.0,0,0,0,14,-1
7723,0.007723000,0.749448,-0.800556,0.0,0,0,0,14,-1
7724,0.007724000,0.749472,-0.807396,0.0,0,0,0,14,-1
7725,0.007725000,0.749496,-0.814236,0.0,0,0,0,14,-1
7726,0.007726000,0.749508,-0.821076,0.0,0,0,0,14,-1
7727,0.007727000,0.749532,-0.827928,0.0,0,0,0,14,-1
7728,0.007728000,0.749556,-0.834768,0.0,0,0,0,14,-1
7729,0.007729000,0.74958,-0.841608,0.0,0,0,0,14,-1
7730,0.007730000,0.749592,-0.84846,0.0,0,0,0,14,-1
7731,0.007731000,0.749616,-0.8553,0.0,0,0,0,14,-1
7732,0.007732000,0.74964,-0.86214,0.0,0,0,0,14,-1
7733,0.007733000,0.749652,-0.86898,0.0,0,0,0,14,-1
7734,0.007734000,0.749676,-0.875832,0.0,0,0,0,14,-1
7735,0.007735000,0.7497,-0.882672,0.0,0,0,0,14,-1
7736,0.007736000,0.749724,-0.889512,0.0,0,0,0,14,-1
7737,0.007737000,0.749736,-0.896352,0.0,0,0,0,14,-1
7738,0.007738000,0.74976,-0.903204,0.0,0,0,0,14,-1
7739,0.007739000,0.749784,-0.910044,0.0,0,0,0,14,-1
7740,0.007740000,0.749796,-0.916884,0.0,0,0,0,14,-1
7741,0.007741000,0.74982,-0.923736,0.0,0,0,0,14,-1
7742,0.007742000,0.749844,-0.930576,5.0,1,0,0,14,12
7743,0.007743000,0.749868,-0.937416,0.0,0,0,0,14,-1
7744,0.007744000,0.74988,-0.944268,0.0,0,0,0,14,-1
7745,0.007745000,0.749904,-0.951108,0.0,0,0,0,14,-1
7746,0.007746000,0.749928,-0.957948,0.0,0,0,0,14,-1
7747,0.007747000,0.74994,-0.964788,0.0,0,0,0,14,-1
7748,0.007748000,0.749964,-0.97164,0.0,0,0,0,14,-1
7749,0.007749000,0.749988,-0.97848,0.0,0,0,0,14,-1
7750,0.007750000,0.750012,-0.98532,0.0,0,0,0,14,-1
7751,0.007751000,0.750024,-0.992172,0.0,0,0,0,14,-1
7752,0.007752000,0.750048,-0.999012,0.0,0,0,0,14,-1
7753,0.007753000,0.750072,-1.005852,0.0,0,0,0,14,-1
7754,0.007754000,0.750084,-1.012704,0.0,0,0,0,14,-1
7755,0.007755000,0.750108,-1.019544,0.0,0,0,0,14,-1
7756,0.007756000,0.750132,-1.026384,0.0,0,0,0,14,-1
7757,0.007757000,0.750144,-1.033224,0.0,0,0,0,14,-1
7758,0.007758000,0.750168,-1.040076,0.0,0,0,0,14,-1
7759,0.007759000,0.750192,-1.046916,0.0,0,0,0,14,-1
7760,0.007760000,0.750216,-1.053756,0.0,0,0,0,14,-1
7761,0.007761000,0.750228,-1.060608,0.0,0,0,0,14,-1
7762,0.007762000,0.750252,-1.067448,0.0,0,0,0,14,-1
7763,0.007763000,0.750276,-1.074288,0.0,0,0,0,14,-1
7764,0.007764000,0.750288,-1.08114,0.0,0,0,0,14,-1
7765,0.007765000,0.750312,-1.08798,0.0,0,0,0,14,-1
7766,0.007766000,0.750336,-1.09482,0.0,0,0,0,14,-1
7767,0.007767000,0.75036,-1.101672,0.0,0,0,0,14,-1
7768,0.007768000,0.750372,-1.108512,0.0,0,0,0,14,-1
7769,0.007769000,0.750396,-1.115352,0.0,0,0,0,14,-1
7770,0.007770000,0.75042,-1.122204,0.0,0,0,0,14,-1
7771,0.007771000,0.750432,-1.129044,0.0,0,0,0,14,-1
7772,0.007772000,0.750456,-1.135884,5.0,1,0,0,14,13
7773,0.007773000,0.75048,-1.142736,0.0,0,0,0,14,-1
7774,0.007774000,0.750504,-1.149576,0.0,0,0,0,14,-1
7775,0.007775000,0.750516,-1.156416,0.0,0,0,0,14,-1
7776,0.007776000,0.75054,-1.163268,0.0,0,0,0,14,-1
7777,0.007777000,0.750564,-1.170108,0.0,0,0,0,14,-1
7778,0.007778000,0.750576,-1.176948,0.0,0,0,0,14,-1
7779,0.007779000,0.7506,-1.1838,0.0,0,0,0,14,-1
7780,0.007780000,0.750624,-1.19064,0.0,0,0,0,14,-1
7781,0.007781000,0.750648,-1.19748,0.0,0,0,0,14,-1
7782,0.007782000,0.75066,-1.20432,0.0,0,0,0,14,-1
7783,0.007783000,0.750684,-1.21116,0.0,0,0,0,14,-1
7784,0.007784000,0.750708,-1.218,0.0,0,0,0,14,-1
7785,0.007785000,0.75072,-1.22484,0.0,0,0,0,14,-1
7786,0.007786000,0.750744,-1.23168,0.0,0,0,0,14,-1
7787,0.007787000,0.750768,-1.23852,0.0,0,0,0,14,-1
7788,0.007788000,0.750792,-1.24536,0.0,0,0,0,14,-1
7789,0.007789000,0.750804,-1.2522,0.0,0,0,0,14,-1
7790,0.007790000,0.750828,-1.25904,0.0,0,0,0,14,-1
7791,0.007791000,0.750852,-1.26588,0.0,0,0,0,14,-1
7792,0.007792000,0.750864,-1.27272,0.0,0,0,0,14,-1
7793,0.007793000,0.750888,-1.27956,0.0,0,0,0,14,-1
7794,0.007794000,0.750912,-1.2864,0.0,0,0,0,14,-1
7795,0.007795000,0.750936,-1.29336,0.0,0,0,0,14,-1
7796,0.007796000,0.750948,-1.3002,0.0,0,0,0,14,-1
7797,0.007797000,0.750972,-1.30704,0.0,0,0,0,14,-1
7798,0.007798000,0.750996,-1.31388,0.0,0,0,0,14,-1
7799,0.007799000,0.751008,-1.32072,0.0,0,0,0,14,-1
7800,0.007800000,0.751032,-1.32756,0.0,0,0,0,14,-1
7801,0.007801000,0.751056,-1.3344,0.0,0,0,0,14,-1
7802,0.007802000,0.751068,-1.34124,5.0,1,0,0,14,14
7803,0.007803000,0.751092,-1.34808,0.0,0,0,0,14,-1
7804,0.007804000,0.751116,-1.35492,0.0,0,0,0,14,-1
7805,0.007805000,0.75114,-1.36176,0.0,0,0,0,14,-1
7806,0.007806000,0.751152,-1.3686,0.0,0,0,0,14,-1
7807,0.007807000,0.751176,-1.37544,0.0,0,0,0,14,-1
7808,0.007808000,0.7512,-1.38228,0.0,0,0,0,14,-1
7809,0.007809000,0.751212,-1.38912,0.0,0,0,0,14,-1
7810,0.007810000,0.751236,-1.39596,0.0,0,0,0,14,-1
7811,0.007811000,0.75126,-1.4028,0.0,0,0,0,14,-1
7812,0.007812000,0.751284,-1.40964,0.0,0,0,0,14,-1
7813,0.007813000,0.751296,-1.41648,0.0,0,0,0,14,-1
7814,0.007814000,0.75132,-1.42332,0.0,0,0,0,14,-1
7815,0.007815000,0.751344,-1.43016,0.0,0,0,0,14,-1
7816,0.007816000,0.751356,-1.437,0.0,0,0,0,14,-1
7817,0.007817000,0.75138,-1.44384,0.0,0,0,0,14,-1
7818,0.007818000,0.751404,-1.45068,0.0,0,0,0,14,-1
7819,0.007819000,0.751428,-1.45752,0.0,0,0,0,14,-1
7820,0.007820000,0.75144,-1.46436,0.0,0,0,0,14,-1
7821,0.007821000,0.751464,-1.4712,0.0,0,0,0,14,-1
7822,0.007822000,0.751488,-1.47816,0.0,0,0,0,14,-1
7823,0.007823000,0.7515,-1.485,0.0,0,0,0,14,-1
7824,0.007824000,0.751524,-1.49184,0.0,0,0,0,14,-1
7825,0.007825000,0.751548,-1.49868,0.0,0,0,0,14,-1
7826,0.007826000,0.751572,-1.50552,0.0,0,0,0,14,-1
7827,0.007827000,0.751584,-1.51236,0.0,0,0,0,14,-1
7828,0.007828000,0.751608,-1.5192,0.0,0,0,0,14,-1
7829,0.007829000,0.751632,-1.52604,0.0,0,0,0,14,-1
7830,0.007830000,0.751644,-1.53288,0.0,0,0,0,14,-1
7831,0.007831000,0.751668,-1.53972,0.0,0,0,0,14,-1
7832,0.007832000,0.751692,-1.54656,5.0,1,1,0,14,15
7833,0.007833000,0.751716,-1.5534,0.0,0,0,0,-1,-1
7834,0.007834000,0.751728,-1.56024,0.0,0,0,0,-1,-1
7835,0.007835000,0.751752,-1.56708,0.0,0,0,0,-1,-1
7836,0.007836000,0.751776,-1.57392,0.0,0,0,0,-1,-1
7837,0.007837000,0.755292,-1.58004,0.0,0,0,0,-1,-1
7838,0.007838000,0.755304,-1.58688,0.0,0,0,0,-1,-1
7839,0.007839000,0.755328,-1.59372,0.0,0,0,0,-1,-1
7840,0.007840000,0.758844,-1.59984,0.0,0,0,0,-1,-1
7841,0.007841000,0.758868,-1.60668,0.0,0,0,0,-1,-1
7842,0.007842000,0.762372,-1.61268,0.0,0,0,0,-1,-1
7843,0.007843000,0.765876,-1.6188,0.0,0,0,0,-1,-1
7844,0.007844000,0.76938,-1.62492,0.0,0,0,0,-1,-1
7845,0.007845000,0.772884,-1.63092,0.0,0,0,0,-1,-1
7846,0.007846000,0.776376,-1.63704,0.0,0,0,0,-1,-1
7847,0.007847000,0.779856,-1.6362,0.0,0,0,0,-1,-1
7848,0.007848000,0.783336,-1.64232,0.0,0,0,0,-1,-1
7849,0.007849000,0.786804,-1.64148,0.0,0,0,0,-1,-1
7850,0.007850000,0.790272,-1.64076,0.0,0,0,0,-1,-1
7851,0.007851000,0.793752,-1.64676,0.0,0,0,0,-1,-1
7852,0.007852000,0.797208,-1.64604,0.0,0,0,0,-1,-1
7853,0.007853000,0.800664,-1.6452,0.0,0,0,0,-1,-1
7854,0.007854000,0.804108,-1.64448,0.0,0,0,0,-1,-1
7855,0.007855000,0.807552,-1.64364,0.0,0,0,0,-1,-1
7856,0.007856000,0.810996,-1.64292,0.0,0,0,0,-1,-1
7857,0.007857000,0.81444,-1.64208,0.0,0,0,0,-1,-1
7858,0.007858000,0.81786,-1.63464,0.0,0,0,0,-1,-1
7859,0.007859000,0.821292,-1.6338,0.0,0,0,0,-1,-1
7860,0.007860000,0.824724,-1.63308,0.0,0,0,0,-1,-1
7861,0.007861000,0.828132,-1.62552,0.0,0,0,0,-1,-1
7862,0.007862000,0.831552,-1.6248,0.0,0,0,0,-1,-1
7863,0.007863000,0.83496,-1.61724,0.0,0,0,0,-1,-1
7864,0.007864000,0.838356,-1.60968,0.0,0,0,0,-1,-1
7865,0.007865000,0.841752,-1.60224,0.0,0,0,0,-1,-1
7866,0.007866000,0.845136,-1.59468,0.0,0,0,0,-1,-1
7867,0.007867000,0.84852,-1.58724,0.0,0,0,0,-1,-1
7868,0.007868000,0.848508,-1.5804,0.0,0,0,0,-1,-1
7869,0.007869000,0.851892,-1.57296,0.0,0,0,0,-1,-1
7870,0.007870000,0.851868,-1.56624,0.0,0,0,0,-1,-1
7871,0.007871000,0.851844,-1.5594,0.0,0,0,0,-1,-1
7872,0.007872000,0.855228,-1.55196,0.0,0,0,0,-1,-1
7873,0.007873000,0.855216,-1.54524,0.0,0,0,0,-1,-1
7874,0.007874000,0.855192,-1.53852,0.0,0,0,0,-1,-1
7875,0.007875000,0.855168,-1.53168,0.0,0,0,0,-1,-1
7876,0.007876000,0.855144,-1.52496,5.0,1,0,0,15,0
7877,0.007877000,0.855132,-1.51824,0.0,0,0,0,15,-1
7878,0.007878000,0.855108,-1.51152,0.0,0,0,0,15,-1
7879,0.007879000,0.855084,-1.50468,0.0,0,0,0,15,-1
7880,0.007880000,0.855072,-1.49796,0.0,0,0,0,15,-1
7881,0.007881000,0.855048,-1.49124,0.0,0,0,0,15,-1
7882,0.007882000,0.855024,-1.48452,0.0,0,0,0,15,-1
7883,0.007883000,0.855012,-1.4778,0.0,0,0,0,15,-1
7884,0.007884000,0.854988,-1.47096,0.0,0,0,0,15,-1
7885,0.007885000,0.854964,-1.46424,0.0,0,0,0,15,-1
7886,0.007886000,0.854952,-1.45752,0.0,0,0,0,15,-1
7887,0.007887000,0.854928,-1.4508,0.0,0,0,0,15,-1
7888,0.007888000,0.854904,-1.44396,0.0,0,0,0,15,-1
7889,0.007889000,0.85488,-1.43724,0.0,0,0,0,15,-1
7890,0.007890000,0.854868,-1.43052,0.0,0,0,0,15,-1
7891,0.007891000,0.854844,-1.4238,0.0,0,0,0,15,-1
7892,0.007892000,0.85482,-1.41696,0.0,0,0,0,15,-1
7893,0.007893000,0.854808,-1.41024,0.0,0,0,0,15,-1
7894,0.007894000,0.854784,-1.40352,0.0,0,0,0,15,-1
7895,0.007895000,0.85476,-1.3968,0.0,0,0,0,15,-1
7896,0.007896000,0.854748,-1.38996,0.0,0,0,0,15,-1
7897,0.007897000,0.854724,-1.38324,0.0,0,0,0,15,-1
7898,0.007898000,0.8547,-1.37652,0.0,0,0,0,15,-1
7899,0.007899000,0.854676,-1.3698,0.0,0,0,0,15,-1
7900,0.007900000,0.854664,-1.36296,0.0,0,0,0,15,-1
7901,0.007901000,0.85464,-1.35624,0.0,0,0,0,15,-1
7902,0.007902000,0.854616,-1.34952,0.0,0,0,0,15,-1
7903,0.007903000,0.854604,-1.3428,0.0,0,0,0,15,-1
7904,0.007904000,0.85458,-1.33596,0.0,0,0,0,15,-1
7905,0.007905000,0.854556,-1.32924,0.0,0,0,0,15,-1
7906,0.007906000,0.854544,-1.32252,5.0,1,0,0,15,1
7907,0.007907000,0.85452,-1.3158,0.0,0,0,0,15,-1
7908,0.007908000,0.854496,-1.30896,0.0,0,0,0,15,-1
7909,0.007909000,0.854472,-1.30224,0.0,0,0,0,15,-1
7910,0.007910000,0.85446,-1.29552,0.0,0,0,0,15,-1
7911,0.007911000,0.854436,-1.2888,0.0,0,0,0,15,-1
7912,0.007912000,0.854412,-1.28196,0.0,0,0,0,15,-1
7913,0.007913000,0.8544,-1.27524,0.0,0,0,0,15,-1
7914,0.007914000,0.854376,-1.26852,0.0,0,0,0,15,-1
7915,0.007915000,0.854352,-1.2618,0.0,0,0,0,15,-1
7916,0.007916000,0.85434,-1.25508,0.0,0,0,0,15,-1
7917,0.007917000,0.854316,-1.24824,0.0,0,0,0,15,-1
7918,0.007918000,0.854292,-1.24152,0.0,0,0,0,15,-1
7919,0.007919000,0.85428,-1.2348,0.0,0,0,0,15,-1
7920,0.007920000,0.854256,-1.22808,0.0,0,0,0,15,-1
7921,0.007921000,0.854232,-1.22124,0.0,0,0,0,15,-1
7922,0.007922000,0.854208,-1.21452,0.0,0,0,0,15,-1
7923,0.007923000,0.854196,-1.2078,0.0,0,0,0,15,-1
7924,0.007924000,0.854172,-1.20108,0.0,0,0,0,15,-1
7925,0.007925000,0.854148,-1.194288,0.0,0,0,0,15,-1
7926,0.007926000,0.854136,-1.187532,0.0,0,0,0,15,-1
7927,0.007927000,0.854112,-1.180788,0.0,0,0,0,15,-1
7928,0.007928000,0.854088,-1.174044,0.0,0,0,0,15,-1
7929,0.007929000,0.854076,-1.167288,0.0,0,0,0,15,-1
7930,0.007930000,0.854052,-1.160544,0.0,0,0,0,15,-1
7931,0.007931000,0.854028,-1.153788,0.0,0,0,0,15,-1
7932,0.007932000,0.854004,-1.147044,0.0,0,0,0,15,-1
7933,0.007933000,0.853992,-1.1403,0.0,0,0,0,15,-1
7934,0.007934000,0.853968,-1.133544,0.0,0,0,0,15,-1
7935,0.007935000,0.853944,-1.1268,0.0,0,0,0,15,-1
7936,0.007936000,0.853932,-1.120044,5.0,1,0,0,15,2
7937,0.007937000,0.853908,-1.1133,0.0,0,0,0,15,-1
7938,0.007938000,0.853884,-1.106556,0.0,0,0,0,15,-1
7939,0.007939000,0.853872,-1.0998,0.0,0,0,0,15,-1
7940,0.007940000,0.853848,-1.093056,0.0,0,0,0,15,-1
7941,0.007941000,0.853824,-1.086312,0.0,0,0,0,15,-1
7942,0.007942000,0.8538,-1.079556,0.0,0,0,0,15,-1
7943,0.007943000,0.853788,-1.072812,0.0,0,0,0,15,-1
7944,0.007944000,0.853764,-1.066068,0.0,0,0,0,15,-1
7945,0.007945000,0.85374,-1.059312,0.0,0,0,0,15,-1
7946,0.007946000,0.853728,-1.052568,0.0,0,0,0,15,-1
7947,0.007947000,0.853704,-1.045812,0.0,0,0,0,15,-1
7948,0.007948000,0.85368,-1.039068,0.0,0,0,0,15,-1
7949,0.007949000,0.853668,-1.032324,0.0,0,0,0,15,-1
7950,0.007950000,0.853644,-1.025568,0.0,0,0,0,15,-1
7951,0.007951000,0.85362,-1.018824,0.0,0,0,0,15,-1
7952,0.007952000,0.853608,-1.01208,0.0,0,0,0,15,-1
7953,0.007953000,0.853584,-1.005324,0.0,0,0,0,15,-1
7954,0.007954000,0.85356,-0.99858,0.0,0,0,0,15,-1
7955,0.007955000,0.853536,-0.991836,0.0,0,0,0,15,-1
7956,0.007956000,0.853524,-0.98508,0.0,0,0,0,15,-1
7957,0.007957000,0.8535,-0.978336,0.0,0,0,0,15,-1
7958,0.007958000,0.853476,-0.97158,0.0,0,0,0,15,-1
7959,0.007959000,0.853464,-0.964836,0.0,0,0,0,15,-1
7960,0.007960000,0.85344,-0.958092,0.0,0,0,0,15,-1
7961,0.007961000,0.853416,-0.951336,0.0,0,0,0,15,-1
7962,0.007962000,0.853404,-0.944592,0.0,0,0,0,15,-1
7963,0.007963000,0.85338,-0.937848,0.0,0,0,0,15,-1
7964,0.007964000,0.853356,-0.931092,0.0,0,0,0,15,-1
7965,0.007965000,0.853332,-0.924348,0.0,0,0,0,15,-1
7966,0.007966000,0.85332,-0.917604,5.0,1,0,0,15,3
7967,0.007967000,0.853296,-0.910848,0.0,0,0,0,15,-1
7968,0.007968000,0.853272,-0.904104,0.0,0,0,0,15,-1
7969,0.007969000,0.85326,-0.89736,0.0,0,0,0,15,-1
7970,0.007970000,0.853236,-0.890604,0.0,0,0,0,15,-1
7971,0.007971000,0.853212,-0.88386,0.0,0,0,0,15,-1
7972,0.007972000,0.8532,-0.877116,0.0,0,0,0,15,-1
7973,0.007973000,0.853176,-0.87036,0.0,0,0,0,15,-1
7974,0.007974000,0.853152,-0.863616,0.0,0,0,0,15,-1
7975,0.007975000,0.853128,-0.856872,0.0,0,0,0,15,-1
7976,0.007976000,0.853116,-0.850116,0.0,0,0,0,15,-1
7977,0.007977000,0.853092,-0.843372,0.0,0,0,0,15,-1
7978,0.007978000,0.853068,-0.836628,0.0,0,0,0,15,-1
7979,0.007979000,0.853056,-0.829872,0.0,0,0,0,15,-1
7980,0.007980000,0.853032,-0.823128,0.0,0,0,0,15,-1
7981,0.007981000,0.853008,-0.816384,0.0,0,0,0,15,-1
7982,0.007982000,0.852996,-0.809628,0.0,0,0,0,15,-1
7983,0.007983000,0.852972,-0.802884,0.0,0,0,0,15,-1
7984,0.007984000,0.852948,-0.79614,0.0,0,0,0,15,-1
7985,0.007985000,0.852936,-0.789396,0.0,0,0,0,15,-1
7986,0.007986000,0.852912,-0.78264,0.0,0,0,0,15,-1
7987,0.007987000,0.852888,-0.775896,0.0,0,0,0,15,-1
7988,0.007988000,0.852864,-0.769152,0.0,0,0,0,15,-1
7989,0.007989000,0.852852,-0.762396,0.0,0,0,0,15,-1
7990,0.007990000,0.852828,-0.755652,0.0,0,0,0,15,-1
7991,0.007991000,0.852804,-0.748908,0.0,0,0,0,15,-1
7992,0.007992000,0.852792,-0.742152,0.0,0,0,0,15,-1
7993,0.007993000,0.852768,-0.735408,0.0,0,0,0,15,-1
7994,0.007994000,0.852744,-0.728664,0.0,0,0,0,15,-1
7995,0.007995000,0.852732,-0.721908,0.0,0,0,0,15,-1
7996,0.007996000,0.852708,-0.715164,5.0,1,0,0,15,4
7997,0.007997000,0.852684,-0.70842,0.0,0,0,0,15,-1
7998,0.007998000,0.85266,-0.701664,0.0,0,0,0,15,-1
7999,0.007999000,0.852648,-0.69492,0.0,0,0,0,15,-1
8000,0.008000000,0.852624,-0.688176,0.0,0,0,0,15,-1
8001,0.008001000,0.8526,-0.681432,0.0,0,0,0,15,-1
8002,0.008002000,0.852588,-0.674676,0.0,0,0,0,15,-1
8003,0.008003000,0.852564,-0.667932,0.0,0,0,0,15,-1
8004,0.008004000,0.85254,-0.661188,0.0,0,0,0,15,-1
8005,0.008005000,0.852528,-0.654432,0.0,0,0,0,15,-1
8006,0.008006000,0.852504,-0.647688,0.0,0,0,0,15,-1
8007,0.008007000,0.85248,-0.640944,0.0,0,0,0,15,-1
8008,0.008008000,0.852456,-0.6342,0.0,0,0,0,15,-1
8009,0.008009000,0.852444,-0.627444,0.0,0,0,0,15,-1
8010,0.008010000,0.85242,-0.6207,0.0,0,0,0,15,-1
8011,0.008011000,0.852396,-0.613956,0.0,0,0,0,15,-1
8012,0.008012000,0.852384,-0.6072,0.0,0,0,0,15,-1
8013,0.008013000,0.85236,-0.600456,0.0,0,0,0,15,-1
8014,0.008014000,0.852336,-0.593712,0.0,0,0,0,15,-1
8015,0.008015000,0.852324,-0.586968,0.0,0,0,0,15,-1
8016,0.008016000,0.8523,-0.580212,0.0,0,0,0,15,-1
8017,0.008017000,0.852276,-0.573468,0.0,0,0,0,15,-1
8018,0.008018000,0.852264,-0.566724,0.0,0,0,0,15,-1
8019,0.008019000,0.85224,-0.559968,0.0,0,0,0,15,-1
8020,0.008020000,0.852216,-0.553224,0.0,0,0,0,15,-1
8021,0.008021000,0.852192,-0.54648,0.0,0,0,0,15,-1
8022,0.008022000,0.85218,-0.539736,0.0,0,0,0,15,-1
8023,0.008023000,0.852156,-0.53298,0.0,0,0,0,15,-1
8024,0.008024000,0.852132,-0.526236,0.0,0,0,0,15,-1
8025,0.008025000,0.85212,-0.519492,0.0,0,0,0,15,-1
8026,0.008026000,0.852096,-0.512748,5.0,1,0,0,15,5
8027,0.008027000,0.852072,-0.505992,0.0,0,0,0,15,-1
8028,0.008028000,0.85206,-0.499248,0.0,0,0,0,15,-1
8029,0.008029000,0.852036,-0.492504,0.0,0,0,0,15,-1
8030,0.008030000,0.852012,-0.48576,0.0,0,0,0,15,-1
8031,0.008031000,0.851988,-0.479004,0.0,0,0,0,15,-1
8032,0.008032000,0.851976,-0.47226,0.0,0,0,0,15,-1
8033,0.008033000,0.851952,-0.465516,0.0,0,0,0,15,-1
8034,0.008034000,0.851928,-0.458772,0.0,0,0,0,15,-1
8035,0.008035000,0.851916,-0.452016,0.0,0,0,0,15,-1
8036,0.008036000,0.851892,-0.445272,0.0,0,0,0,15,-1
8037,0.008037000,0.851868,-0.438528,0.0,0,0,0,15,-1
8038,0.008038000,0.851856,-0.431772,0.0,0,0,0,15,-1
8039,0.008039000,0.851832,-0.425028,0.0,0,0,0,15,-1
8040,0.008040000,0.851808,-0.418284,0.0,0,0,0,15,-1
8041,0.008041000,0.851796,-0.41154,0.0,0,0,0,15,-1
8042,0.008042000,0.851772,-0.404784,0.0,0,0,0,15,-1
8043,0.008043000,0.851748,-0.39804,0.0,0,0,0,15,-1
8044,0.008044000,0.851724,-0.391296,0.0,0,0,0,15,-1
8045,0.008045000,0.851712,-0.384552,0.0,0,0,0,15,-1
8046,0.008046000,0.851688,-0.377808,0.0,0,0,0,15,-1
8047,0.008047000,0.851664,-0.371052,0.0,0,0,0,15,-1
8048,0.008048000,0.851652,-0.364308,0.0,0,0,0,15,-1
8049,0.008049000,0.851628,-0.357564,0.0,0,0,0,15,-1
8050,0.008050000,0.851604,-0.35082,0.0,0,0,0,15,-1
8051,0.008051000,0.851592,-0.344064,0.0,0,0,0,15,-1
8052,0.008052000,0.851568,-0.33732,0.0,0,0,0,15,-1
8053,0.008053000,0.851544,-0.330576,0.0,0,0,0,15,-1
8054,0.008054000,0.85152,-0.323832,0.0,0,0,0,15,-1
8055,0.008055000,0.851508,-0.317076,0.0,0,0,0,15,-1
8056,0.008056000,0.851484,-0.310332,5.0,1,0,0,15,6
8057,0.008057000,0.85146,-0.303588,0.0,0,0,0,15,-1
8058,0.008058000,0.851448,-0.296844,0.0,0,0,0,15,-1
8059,0.008059000,0.851424,-0.2901,0.0,0,0,0,15,-1
8060,0.008060000,0.8514,-0.283344,0.0,0,0,0,15,-1
8061,0.008061000,0.851388,-0.2766,0.0,0,0,0,15,-1
8062,0.008062000,0.851364,-0.269856,0.0,0,0,0,15,-1
8063,0.008063000,0.85134,-0.263112,0.0,0,0,0,15,-1
8064,0.008064000,0.851316,-0.256356,0.0,0,0,0,15,-1
8065,0.008065000,0.851304,-0.249612,0.0,0,0,0,15,-1
8066,0.008066000,0.85128,-0.242868,0.0,0,0,0,15,-1
8067,0.008067000,0.851256,-0.236124,0.0,0,0,0,15,-1
8068,0.008068000,0.851244,-0.22938,0.0,0,0,0,15,-1
8069,0.008069000,0.85122,-0.222624,0.0,0,0,0,15,-1
8070,0.008070000,0.851196,-0.21588,0.0,0,0,0,15,-1
8071,0.008071000,0.851184,-0.209136,0.0,0,0,0,15,-1
8072,0.008072000,0.85116,-0.202392,0.0,0,0,0,15,-1
8073,0.008073000,0.851136,-0.195636,0.0,0,0,0,15,-1
8074,0.008074000,0.851124,-0.188892,0.0,0,0,0,15,-1
8075,0.008075000,0.8511,-0.182148,0.0,0,0,0,15,-1
8076,0.008076000,0.851076,-0.175404,0.0,0,0,0,15,-1
8077,0.008077000,0.851052,-0.16866,0.0,0,0,0,15,-1
8078,0.008078000,0.85104,-0.161904,0.0,0,0,0,15,-1
8079,0.008079000,0.851016,-0.15516,0.0,0,0,0,15,-1
8080,0.008080000,0.850992,-0.148416,0.0,0,0,0,15,-1
8081,0.008081000,0.85098,-0.141672,0.0,0,0,0,15,-1
8082,0.008082000,0.850956,-0.134928,0.0,0,0,0,15,-1
8083,0.008083000,0.850932,-0.128172,0.0,0,0,0,15,-1
8084,0.008084000,0.85092,-0.121428,0.0,0,0,0,15,-1
8085,0.008085000,0.850896,-0.1146852,0.0,0,0,0,15,-1
8086,0.008086000,0.850872,-0.1079388,5.0,1,0,0,15,7
8087,0.008087000,0.850848,-0.1011924,0.0,0,0,0,15,-1
8088,0.008088000,0.850836,-0.094446,0.0,0,0,0,15,-1
8089,0.008089000,0.850812,-0.0876996,0.0,0,0,0,15,-1
8090,0.008090000,0.850788,-0.0809532,0.0,0,0,0,15,-1
8091,0.008091000,0.850776,-0.074208,0.0,0,0,0,15,-1
8092,0.008092000,0.850752,-0.0674616,0.0,0,0,0,15,-1
8093,0.008093000,0.850728,-0.0607152,0.0,0,0,0,15,-1
8094,0.008094000,0.850716,-0.0539688,0.0,0,0,0,15,-1
8095,0.008095000,0.850692,-0.0472224,0.0,0,0,0,15,-1
8096,0.008096000,0.850668,-0.040476,0.0,0,0,0,15,-1
8097,0.008097000,0.850656,-0.0337308,0.0,0,0,0,15,-1
8098,0.008098000,0.850632,-0.0269844,0.0,0,0,0,15,-1
8099,0.008099000,0.850608,-0.020238,0.0,0,0,0,15,-1
8100,0.008100000,0.850584,-0.0134916,0.0,0,0,0,15,-1
8101,0.008101000,0.850572,-0.00674604,0.0,0,0,0,15,-1
8102,0.008102000,0.850548,0.0,0.0,0,0,0,15,-1
8103,0.008103000,0.850524,0.00674604,0.0,0,0,0,15,-1
8104,0.008104000,0.850512,0.0134916,0.0,0,0,0,15,-1
8105,0.008105000,0.850488,0.020238,0.0,0,0,0,15,-1
8106,0.008106000,0.850464,0.0269844,0.0,0,0,0,15,-1
8107,0.008107000,0.850452,0.0337296,0.0,0,0,0,15,-1
8108,0.008108000,0.850428,0.040476,0.0,0,0,0,15,-1
8109,0.008109000,0.850404,0.0472224,0.0,0,0,0,15,-1
8110,0.008110000,0.85038,0.0539676,0.0,0,0,0,15,-1
8111,0.008111000,0.850368,0.060714,0.0,0,0,0,15,-1
8112,0.008112000,0.850344,0.0674592,0.0,0,0,0,15,-1
8113,0.008113000,0.85032,0.0742056,0.0,0,0,0,15,-1
8114,0.008114000,0.850308,0.080952,0.0,0,0,0,15,-1
8115,0.008115000,0.850284,0.0876972,0.0,0,0,0,15,-1
8116,0.008116000,0.85026,0.0944436,5.0,1,0,0,15,8
8117,0.008117000,0.850248,0.1011888,0.0,0,0,0,15,-1
8118,0.008118000,0.850224,0.1079352,0.0,0,0,0,15,-1
8119,0.008119000,0.8502,0.1146804,0.0,0,0,0,15,-1
8120,0.008120000,0.850176,0.121428,0.0,0,0,0,15,-1
8121,0.008121000,0.850164,0.128172,0.0,0,0,0,15,-1
8122,0.008122000,0.85014,0.134916,0.0,0,0,0,15,-1
8123,0.008123000,0.850116,0.14166,0.0,0,0,0,15,-1
8124,0.008124000,0.850104,0.148404,0.0,0,0,0,15,-1
8125,0.008125000,0.85008,0.15516,0.0,0,0,0,15,-1
8126,0.008126000,0.850056,0.161904,0.0,0,0,0,15,-1
8127,0.008127000,0.850044,0.168648,0.0,0,0,0,15,-1
8128,0.008128000,0.85002,0.175392,0.0,0,0,0,15,-1
8129,0.008129000,0.849996,0.182136,0.0,0,0,0,15,-1
8130,0.008130000,0.849984,0.18888,0.0,0,0,0,15,-1
8131,0.008131000,0.84996,0.195624,0.0,0,0,0,15,-1
8132,0.008132000,0.849936,0.20238,0.0,0,0,0,15,-1
8133,0.008133000,0.849912,0.209124,0.0,0,0,0,15,-1
8134,0.008134000,0.8499,0.215868,0.0,0,0,0,15,-1
8135,0.008135000,0.849876,0.222612,0.0,0,0,0,15,-1
8136,0.008136000,0.849852,0.229356,0.0,0,0,0,15,-1
8137,0.008137000,0.84984,0.2361,0.0,0,0,0,15,-1
8138,0.008138000,0.849816,0.242844,0.0,0,0,0,15,-1
8139,0.008139000,0.849792,0.249588,0.0,0,0,0,15,-1
8140,0.008140000,0.84978,0.256344,0.0,0,0,0,15,-1
8141,0.008141000,0.849756,0.263088,0.0,0,0,0,15,-1
8142,0.008142000,0.849732,0.269832,0.0,0,0,0,15,-1
8143,0.008143000,0.849708,0.276576,0.0,0,0,0,15,-1
8144,0.008144000,0.849696,0.28332,0.0,0,0,0,15,-1
8145,0.008145000,0.849672,0.290064,0.0,0,0,0,15,-1
8146,0.008146000,0.849648,0.296808,5.0,1,0,0,15,9
8147,0.008147000,0.849636,0.303552,0.0,0,0,0,15,-1
8148,0.008148000,0.849612,0.310308,0.0,0,0,0,15,-1
8149,0.008149000,0.849588,0.317052,0.0,0,0,0,15,-1
8150,0.008150000,0.849576,0.323796,0.0,0,0,0,15,-1
8151,0.008151000,0.849552,0.33054,0.0,0,0,0,15,-1
8152,0.008152000,0.849528,0.337284,0.0,0,0,0,15,-1
8153,0.008153000,0.849516,0.344028,0.0,0,0,0,15,-1
8154,0.008154000,0.849492,0.350772,0.0,0,0,0,15,-1
8155,0.008155000,0.849468,0.357516,0.0,0,0,0,15,-1
8156,0.008156000,0.849444,0.36426,0.0,0,0,0,15,-1
8157,0.008157000,0.849432,0.371016,0.0,0,0,0,15,-1
8158,0.008158000,0.849408,0.37776,0.0,0,0,0,15,-1
8159,0.008159000,0.849384,0.384504,0.0,0,0,0,15,-1
8160,0.008160000,0.849372,0.391248,0.0,0,0,0,15,-1
8161,0.008161000,0.849348,0.397992,0.0,0,0,0,15,-1
8162,0.008162000,0.849324,0.404736,0.0,0,0,0,15,-1
8163,0.008163000,0.849312,0.41148,0.0,0,0,0,15,-1
8164,0.008164000,0.849288,0.418224,0.0,0,0,0,15,-1
8165,0.008165000,0.849264,0.424968,0.0,0,0,0,15,-1
8166,0.008166000,0.84924,0.431712,0.0,0,0,0,15,-1
8167,0.008167000,0.849228,0.438468,0.0,0,0,0,15,-1
8168,0.008168000,0.849204,0.445212,0.0,0,0,0,15,-1
8169,0.008169000,0.84918,0.451956,0.0,0,0,0,15,-1
8170,0.008170000,0.849168,0.4587,0.0,0,0,0,15,-1
8171,0.008171000,0.849144,0.465444,0.0,0,0,0,15,-1
8172,0.008172000,0.84912,0.472188,0.0,0,0,0,15,-1
8173,0.008173000,0.849108,0.478932,0.0,0,0,0,15,-1
8174,0.008174000,0.849084,0.485676,0.0,0,0,0,15,-1
8175,0.008175000,0.84906,0.49242,0.0,0,0,0,15,-1
8176,0.008176000,0.849048,0.499164,5.0,1,0,0,15,10
8177,0.008177000,0.849024,0.505908,0.0,0,0,0,15,-1
8178,0.008178000,0.849,0.512652,0.0,0,0,0,15,-1
8179,0.008179000,0.848976,0.519408,0.0,0,0,0,15,-1
8180,0.008180000,0.848964,0.526152,0.0,0,0,0,15,-1
8181,0.008181000,0.84894,0.532896,0.0,0,0,0,15,-1
8182,0.008182000,0.848916,0.53964,0.0,0,0,0,15,-1
8183,0.008183000,0.848904,0.546384,0.0,0,0,0,15,-1
8184,0.008184000,0.84888,0.553128,0.0,0,0,0,15,-1
8185,0.008185000,0.848856,0.559872,0.0,0,0,0,15,-1
8186,0.008186000,0.848844,0.566616,0.0,0,0,0,15,-1
8187,0.008187000,0.84882,0.57336,0.0,0,0,0,15,-1
8188,0.008188000,0.848796,0.580104,0.0,0,0,0,15,-1
8189,0.008189000,0.848772,0.586848,0.0,0,0,0,15,-1
8190,0.008190000,0.84876,0.593592,0.0,0,0,0,15,-1
8191,0.008191000,0.848736,0.600336,0.0,0,0,0,15,-1
8192,0.008192000,0.848712,0.60708,0.0,0,0,0,15,-1
8193,0.008193000,0.8487,0.613824,0.0,0,0,0,15,-1
8194,0.008194000,0.848676,0.62058,0.0,0,0,0,15,-1
8195,0.008195000,0.848652,0.627324,0.0,0,0,0,15,-1
8196,0.008196000,0.84864,0.634068,0.0,0,0,0,15,-1
8197,0.008197000,0.848616,0.640812,0.0,0,0,0,15,-1
8198,0.008198000,0.848592,0.647556,0.0,0,0,0,15,-1
8199,0.008199000,0.848568,0.6543,0.0,0,0,0,15,-1
8200,0.008200000,0.848556,0.661044,0.0,0,0,0,15,-1
8201,0.008201000,0.848532,0.667788,0.0,0,0,0,15,-1
8202,0.008202000,0.848508,0.674532,0.0,0,0,0,15,-1
8203,0.008203000,0.848496,0.681276,0.0,0,0,0,15,-1
8204,0.008204000,0.848472,0.68802,0.0,0,0,0,15,-1
8205,0.008205000,0.848448,0.694764,0.0,0,0,0,15,-1
8206,0.008206000,0.848436,0.701508,5.0,1,0,0,15,11
8207,0.008207000,0.848412,0.708252,0.0,0,0,0,15,-1
8208,0.008208000,0.848388,0.714996,0.0,0,0,0,15,-1
8209,0.008209000,0.848376,0.72174,0.0,0,0,0,15,-1
8210,0.008210000,0.848352,0.728484,0.0,0,0,0,15,-1
8211,0.008211000,0.848328,0.735228,0.0,0,0,0,15,-1
8212,0.008212000,0.848304,0.741972,0.0,0,0,0,15,-1
8213,0.008213000,0.848292,0.748716,0.0,0,0,0,15,-1
8214,0.008214000,0.848268,0.75546,0.0,0,0,0,15,-1
8215,0.008215000,0.848244,0.762204,0.0,0,0,0,15,-1
8216,0.008216000,0.848232,0.768948,0.0,0,0,0,15,-1
8217,0.008217000,0.848208,0.775692,0.0,0,0,0,15,-1
8218,0.008218000,0.848184,0.782448,0.0,0,0,0,15,-1
8219,0.008219000,0.848172,0.789192,0.0,0,0,0,15,-1
8220,0.008220000,0.848148,0.795936,0.0,0,0,0,15,-1
8221,0.008221000,0.848124,0.80268,0.0,0,0,0,15,-1
8222,0.008222000,0.8481,0.809424,0.0,0,0,0,15,-1
8223,0.008223000,0.848088,0.816168,0.0,0,0,0,15,-1
8224,0.008224000,0.848064,0.822912,0.0,0,0,0,15,-1
8225,0.008225000,0.84804,0.829656,0.0,0,0,0,15,-1
8226,0.008226000,0.848028,0.8364,0.0,0,0,0,15,-1
8227,0.008227000,0.848004,0.843144,0.0,0,0,0,15,-1
8228,0.008228000,0.84798,0.849888,0.0,0,0,0,15,-1
8229,0.008229000,0.847968,0.856632,0.0,0,0,0,15,-1
8230,0.008230000,0.847944,0.863376,0.0,0,0,0,15,-1
8231,0.008231000,0.84792,0.87012,0.0,0,0,0,15,-1
8232,0.008232000,0.847908,0.876864,0.0,0,0,0,15,-1
8233,0.008233000,0.847884,0.883608,0.0,0,0,0,15,-1
8234,0.008234000,0.84786,0.890352,0.0,0,0,0,15,-1
8235,0.008235000,0.847836,0.897096,0.0,0,0,0,15,-1
8236,0.008236000,0.847824,0.90384,5.0,1,0,0,15,12
8237,0.008237000,0.8478,0.910584,0.0,0,0,0,15,-1
8238,0.008238000,0.847776,0.917328,0.0,0,0,0,15,-1
8239,0.008239000,0.847764,0.924072,0.0,0,0,0,15,-1
8240,0.008240000,0.84774,0.930816,0.0,0,0,0,15,-1
8241,0.008241000,0.847716,0.93756,0.0,0,0,0,15,-1
8242,0.008242000,0.847704,0.944304,0.0,0,0,0,15,-1
8243,0.008243000,0.84768,0.951048,0.0,0,0,0,15,-1
8244,0.008244000,0.847656,0.957792,0.0,0,0,0,15,-1
8245,0.008245000,0.847632,0.964536,0.0,0,0,0,15,-1
8246,0.008246000,0.84762,0.97128,0.0,0,0,0,15,-1
8247,0.008247000,0.847596,0.978024,0.0,0,0,0,15,-1
8248,0.008248000,0.847572,0.984768,0.0,0,0,0,15,-1
8249,0.008249000,0.84756,0.991512,0.0,0,0,0,15,-1
8250,0.008250000,0.847536,0.998256,0.0,0,0,0,15,-1
8251,0.008251000,0.847512,1.005,0.0,0,0,0,15,-1
8252,0.008252000,0.8475,1.011744,0.0,0,0,0,15,-1
8253,0.008253000,0.847476,1.018488,0.0,0,0,0,15,-1
8254,0.008254000,0.847452,1.025232,0.0,0,0,0,15,-1
8255,0.008255000,0.84744,1.031976,0.0,0,0,0,15,-1
8256,0.008256000,0.847416,1.03872,0.0,0,0,0,15,-1
8257,0.008257000,0.847392,1.045464,0.0,0,0,0,15,-1
8258,0.008258000,0.847368,1.052208,0.0,0,0,0,15,-1
8259,0.008259000,0.847356,1.058952,0.0,0,0,0,15,-1
8260,0.008260000,0.847332,1.065696,0.0,0,0,0,15,-1
8261,0.008261000,0.847308,1.07244,0.0,0,0,0,15,-1
8262,0.008262000,0.847296,1.079184,0.0,0,0,0,15,-1
8263,0.008263000,0.847272,1.085916,0.0,0,0,0,15,-1
8264,0.008264000,0.847248,1.09266,0.0,0,0,0,15,-1
8265,0.008265000,0.847236,1.099404,0.0,0,0,0,15,-1
8266,0.008266000,0.847212,1.106148,5.0,1,0,0,15,13
8267,0.008267000,0.847188,1.112892,0.0,0,0,0,15,-1
8268,0.008268000,0.847164,1.119636,0.0,0,0,0,15,-1
8269,0.008269000,0.847152,1.12638,0.0,0,0,0,15,-1
8270,0.008270000,0.847128,1.133124,0.0,0,0,0,15,-1
8271,0.008271000,0.847104,1.139868,0.0,0,0,0,15,-1
8272,0.008272000,0.847092,1.146612,0.0,0,0,0,15,-1
8273,0.008273000,0.847068,1.153356,0.0,0,0,0,15,-1
8274,0.008274000,0.847044,1.1601,0.0,0,0,0,15,-1
8275,0.008275000,0.847032,1.166844,0.0,0,0,0,15,-1
8276,0.008276000,0.847008,1.173588,0.0,0,0,0,15,-1
8277,0.008277000,0.846984,1.180332,0.0,0,0,0,15,-1
8278,0.008278000,0.846972,1.187076,0.0,0,0,0,15,-1
8279,0.008279000,0.846948,1.19382,0.0,0,0,0,15,-1
8280,0.008280000,0.846924,1.2006,0.0,0,0,0,15,-1
8281,0.008281000,0.8469,1.20732,0.0,0,0,0,15,-1
8282,0.008282000,0.846888,1.21404,0.0,0,0,0,15,-1
8283,0.008283000,0.846864,1.22076,0.0,0,0,0,15,-1
8284,0.008284000,0.84684,1.22748,0.0,0,0,0,15,-1
8285,0.008285000,0.846828,1.23432,0.0,0,0,0,15,-1
8286,0.008286000,0.846804,1.24104,0.0,0,0,0,15,-1
8287,0.008287000,0.84678,1.24776,0.0,0,0,0,15,-1
8288,0.008288000,0.846768,1.25448,0.0,0,0,0,15,-1
8289,0.008289000,0.846744,1.2612,0.0,0,0,0,15,-1
8290,0.008290000,0.84672,1.26804,0.0,0,0,0,15,-1
8291,0.008291000,0.846696,1.27476,0.0,0,0,0,15,-1
8292,0.008292000,0.846684,1.28148,0.0,0,0,0,15,-1
8293,0.008293000,0.84666,1.2882,0.0,0,0,0,15,-1
8294,0.008294000,0.846636,1.29492,0.0,0,0,0,15,-1
8295,0.008295000,0.846624,1.30176,0.0,0,0,0,15,-1
8296,0.008296000,0.8466,1.30848,5.0,1,0,0,15,14
8297,0.008297000,0.846576,1.3152,0.0,0,0,0,15,-1
8298,0.008298000,0.846564,1.32192,0.0,0,0,0,15,-1
8299,0.008299000,0.84654,1.32864,0.0,0,0,0,15,-1
8300,0.008300000,0.846516,1.33548,0.0,0,0,0,15,-1
8301,0.008301000,0.846504,1.3422,0.0,0,0,0,15,-1
8302,0.008302000,0.84648,1.34892,0.0,0,0,0,15,-1
8303,0.008303000,0.846456,1.35564,0.0,0,0,0,15,-1
8304,0.008304000,0.846432,1.36236,0.0,0,0,0,15,-1
8305,0.008305000,0.84642,1.3692,0.0,0,0,0,15,-1
8306,0.008306000,0.846396,1.37592,0.0,0,0,0,15,-1
8307,0.008307000,0.846372,1.38264,0.0,0,0,0,15,-1
8308,0.008308000,0.84636,1.38936,0.0,0,0,0,15,-1
8309,0.008309000,0.846336,1.39608,0.0,0,0,0,15,-1
8310,0.008310000,0.846312,1.4028,0.0,0,0,0,15,-1
8311,0.008311000,0.8463,1.40964,0.0,0,0,0,15,-1
8312,0.008312000,0.846276,1.41636,0.0,0,0,0,15,-1
8313,0.008313000,0.846252,1.42308,0.0,0,0,0,15,-1
8314,0.008314000,0.846228,1.4298,0.0,0,0,0,15,-1
8315,0.008315000,0.846216,1.43652,0.0,0,0,0,15,-1
8316,0.008316000,0.846192,1.44336,0.0,0,0,0,15,-1
8317,0.008317000,0.846168,1.45008,0.0,0,0,0,15,-1
8318,0.008318000,0.846156,1.4568,0.0,0,0,0,15,-1
8319,0.008319000,0.846132,1.46352,0.0,0,0,0,15,-1
8320,0.008320000,0.846108,1.47024,0.0,0,0,0,15,-1
8321,0.008321000,0.846096,1.47708,0.0,0,0,0,15,-1
8322,0.008322000,0.846072,1.4838,0.0,0,0,0,15,-1
8323,0.008323000,0.846048,1.49052,0.0,0,0,0,15,-1
8324,0.008324000,0.846036,1.49724,0.0,0,0,0,15,-1
8325,0.008325000,0.846012,1.50396,0.0,0,0,0,15,-1
8326,0.008326000,0.845988,1.5108,5.0,1,1,1,15,15
8327,0.008327000,0.845964,1.51752,0.0,0,0,0,-1,-1
8328,0.008328000,0.845952,1.52424,0.0,0,0,0,-1,-1
8329,0.008329000,0.845928,1.53096,0.0,0,0,0,-1,-1
8330,0.008330000,0.845904,1.53768,0.0,0,0,0,-1,-1
8331,0.008331000,0.845892,1.5444,0.0,0,0,0,-1,-1
8332,0.008332000,0.845868,1.55124,0.0,0,0,0,-1,-1
8333,0.008333000,0.845844,1.55796,0.0,0,0,0,-1,-1
8334,0.008334000,0.845832,1.56468,0.0,0,0,0,-1,-1
8335,0.008335000,0.845808,1.5714,0.0,0,0,0,-1,-1
8336,0.008336000,0.845784,1.57812,0.0,0,0,0,-1,-1
8337,0.008337000,0.84576,1.58496,0.0,0,0,0,-1,-1
8338,0.008338000,0.845748,1.59168,0.0,0,0,0,-1,-1
8339,0.008339000,0.845724,1.5984,0.0,0,0,0,-1,-1
8340,0.008340000,0.8457,1.60512,0.0,0,0,0,-1,-1
8341,0.008341000,0.845688,1.61184,0.0,0,0,0,-1,-1
8342,0.008342000,0.845664,1.61868,0.0,0,0,0,-1,-1
8343,0.008343000,0.84564,1.6254,0.0,0,0,0,-1,-1
8344,0.008344000,0.845628,1.63212,0.0,0,0,0,-1,-1
8345,0.008345000,0.845604,1.63884,0.0,0,0,0,-1,-1
8346,0.008346000,0.84558,1.64556,0.0,0,0,0,-1,-1
8347,0.008347000,0.845568,1.65228,0.0,0,0,0,-1,-1
8348,0.008348000,0.845544,1.65912,0.0,0,0,0,-1,-1
